movie_id,movie_name,year,era,genre,runtime,runtime_mins,themes,mood,emotional_intensity,complexity,imdb_rating,overview,director,cast,poster
tt28059499,Chhaava,2025,2025-Latest,"Action, Biography, Drama",165 min,165,"Sacrifice & Patriotism, Martial Valor, Historical Legacy, Defiance",Inspiring & Epic,High,Medium,8.0,"The epic historical saga of Chhatrapati Sambhaji Maharaj, the valiant son of Shivaji, defending the Maratha Empire with fierce bravery against Aurangzeb's Mughal onslaught.",Laxman Utekar,"Vicky Kaushal, Rashmika Mandanna, Akshaye Khanna, Ashutosh Rana",https://m.media-amazon.com/images/M/MV5BOTE2ZjdiZjktZjYyMC00MDk4LThlYzctMDI3MTg1MDI1ZmU5XkEyXkFqcGc@._V1_FMjpg_UX1000_.jpg
tt28015408,Pushpa 2: The Rule,2024,2024-Latest,"Action, Crime, Drama",200 min,200,"Smuggler Empire, Ego & Machismo, Unforgiving Vendetta, Raw Swagger",Adrenaline Rush & Mass Appeal,High,Medium,7.3,Pushpa Raj expands his red sandalwood smuggling syndicate while battling vengeance-seeking SP Bhanwar Singh Shekhawat in an explosive clash of dominance.,Sukumar,"Allu Arjun, Rashmika Mandanna, Fahadh Faasil, Sunil, Anasuya Bharadwaj",https://m.media-amazon.com/images/M/MV5BMjYwOGE4MjEtYjFiYy00MDkxLWE2YmMtMTI3MGY3ZTU0ZTRhXkEyXkFqcGc@._V1_FMjpg_UX1000_.jpg
tt28123992,Chandu Champion,2024,2024-Latest,"Biography, Drama, Sport",142 min,142,"Indomitable Human Will, Overcoming Physical Trauma, Sports Glory, Defying Odds",Inspiring & Uplifting,High,Low,7.9,"The triumphant true story of Murlikant Petkar, India's first Paralympic gold medalist who survived 9 bullet wounds in the 1965 war and defied disability through unbreakable spirit.",Kabir Khan,"Kartik Aaryan, Vijay Raaz, Bhuvan Arora, Yashpal Sharma, Rajpal Yadav",https://m.media-amazon.com/images/M/MV5BNTIxNDdhYzgtNmE1NC00OTI3LWI5ZmMtN2RhZGY5ZjQ3OTlhXkEyXkFqcGc@._V1_FMjpg_UX1000_.jpg
tt28059498,Kill,2024,2024-Latest,"Action, Crime, Thriller",105 min,105,"Close-quarters Combat, Relentless Survival, Visceral Fury, Protective Instinct",Adrenaline-fueled & Brutal,High,Low,7.6,"An army commando on a New Delhi-bound train faces a violent gang of 40 dacoits terrorizing passengers and threatening the love of his life, turning the coaches into a blood-soaked arena.",Nikhil Nagesh Bhat,"Lakshya, Raghav Juyal, Tanya Maniktala, Abhishek Chauhan, Ashish Vidyarthi",https://m.media-amazon.com/images/M/MV5BYzA2MmI0YWEtZmI3Mi00MjVmLTlhOGEtMDdiZjcyZmMzMDhhXkEyXkFqcGc@._V1_FMjpg_UX1000_.jpg
tt26544099,Maharaja,2024,2024-Latest,"Action, Crime, Drama",141 min,141,"Non-linear Retribution, Paternal Protection, Moral Darkness, Jaw-dropping Twist","Dark, Gripping & Shocking",High,High,8.5,"A humble barber visits a police station reporting his home dustbin named Lakshmi stolen after a burglary, masking a bone-chilling, masterfully layered crusade of paternal vengeance.",Nithilan Saminathan,"Vijay Sethupathi, Anurag Kashyap, Mamta Mohandas, Nataraja Subramanian, Abhirami",https://m.media-amazon.com/images/M/MV5BNTBmZWMxNWItMjU4Ni00MGFlLTgwYmUtOTk2MDVmMjBhNWExXkEyXkFqcGc@._V1_FMjpg_UX1000_.jpg
tt26544062,Aavesham,2024,2024-Latest,"Action, Comedy",158 min,158,"Eccentric Gangster, Youth Chaos, Madcap Energy, Unpredictable Bond",Hilarious & Wild,Medium,Low,7.8,"Three college students who are constantly ragged and bullied in Bangalore seek help from a local eccentric, dance-loving gangster named Ranga, leading to chaotic comic mayhem.",Jithu Madhavan,"Fahadh Faasil, Hipzster, Mithun Jai Shankar, Roshan Shanavas, Sajin Gopu",https://m.media-amazon.com/images/M/MV5BZmNiNTdiYjgtMTYzMC00NjM0LWE3OWEtOTQ2ZjE1NWRkY2Q5XkEyXkFqcGc@._V1_FMjpg_UX1000_.jpg
tt28014434,Manjummel Boys,2024,2024-Latest,"Adventure, Drama, Thriller",135 min,135,"Sacrificial Friendship, Survival Grit, Raw Brotherhood, Claustrophobic Rescue",Tense & Heartfelt,High,Low,8.3,"A group of daring young friends from Kerala travel to Kodaikanal for a holiday, where one friend slips into the perilous Guna Caves deep pit, testing true friendship against impossible odds.",Chidambaram,"Soubin Shahir, Sreenath Bhasi, Balu Varghese, Ganapathi, Deepak Parambol",https://m.media-amazon.com/images/M/MV5BZjU2ZWY1NDctOGMwYS00YWI3LWFkNDYtMDk1YTAwZTI0NDEzXkEyXkFqcGc@._V1_FMjpg_UX1000_.jpg
tt27441584,Laapataa Ladies,2024,2024-Latest,"Comedy, Drama",122 min,122,"Female Liberation, Innocent Love, Self-Discovery, Gentle Humor",Heartwarming & Feel-good,Medium,Low,8.4,"Set in rural India in 2001, two newlywed brides are accidentally swapped during a crowded train journey, launching a heartwarming, poignant journey of self-discovery and female autonomy.",Kiran Rao,"Nitanshi Goel, Pratibha Ranta, Sparsh Shrivastava, Ravi Kishan, Chhaya Kadam",https://m.media-amazon.com/images/M/MV5BNTI2ZmY3ZmUtZGYxYi00NGQ3LWE5YTgtYzg1MjNlMDZiMGQ3XkEyXkFqcGc@._V1_FMjpg_UX1000_.jpg
tt28059463,Kalki 2898 AD,2024,2024-Latest,"Action, Adventure, Sci-Fi",181 min,181,"Mythology Meets Sci-Fi, Dystopian Tyranny, Prophecy & Immortality, Epic Destiny",Mind-bending & Epic,High,Medium,7.5,"In a post-apocalyptic dystopian city of Kasi in the year 2898 AD, an immortal warrior Ashwatthama protects the carrier of the tenth avatar of Vishnu against a supreme totalitarian god-king.",Nag Ashwin,"Prabhas, Amitabh Bachchan, Kamal Haasan, Deepika Padukone, Saswata Chatterjee",https://m.media-amazon.com/images/M/MV5BMjY5M2JjZDktMWJmNy00YmU3LTkyOTAtZjg1NmI5MmU3MmIxXkEyXkFqcGc@._V1_FMjpg_UX1000_.jpg
tt28015403,Stree 2: Sarkate Ka Aatank,2024,2024-Latest,"Comedy, Horror",147 min,147,"Small-town Camaraderie, Supernatural Folklore, Hilarious Horror, Courage",Hilarious & Spooky,Medium,Low,7.4,"After the events of Stree, the town of Chanderi is plagued by a new headless ghost terrorizing liberated women. Vicky and his loyal buddies team up once more with the mysterious girl.",Amar Kaushik,"Rajkummar Rao, Shraddha Kapoor, Pankaj Tripathi, Abhishek Banerjee, Aparshakti Khurana",https://m.media-amazon.com/images/M/MV5BMmM2ZTQyNzktZjc0MS00ZmNmLWI5MmQtMWFhZDNmNWU4M2E4XkEyXkFqcGc@._V1_FMjpg_UX1000_.jpg
tt26545287,12th Fail,2023,2023-Latest,"Biography, Drama",147 min,147,"Underdog Resiliency, Reinvention, Integrity, True Dedication",Inspiring & Uplifting,High,Low,8.8,The real-life story of IPS officer Manoj Kumar Sharma who fearlessly restarted his academic journey from absolute poverty to conquer the toughest civil service exam in India.,Vidhu Vinod Chopra,"Vikrant Massey, Medha Shankr, Anant V Joshi, Priyanshu Chatterjee",https://m.media-amazon.com/images/M/MV5BMTEwNWJhMjQtZmU2My00OWUzLWE5YjMtYTNkM2I5NDcxMGQxXkEyXkFqcGc@._V1_FMjpg_UX1000_.jpg
tt15354916,Jawan,2023,2010s-2023,"Action, Thriller",169 min,169,"Vigilante Justice, Father-Son Dual Legacy, Corruption, Social Rebellion",Adrenaline Rush,High,Low,7.0,A high-octane action thriller which outlines the emotional journey of a man who is set to rectify the wrongs in the society.,Atlee,"Shah Rukh Khan, Nayanthara, Vijay Sethupathi, Deepika Padukone",https://m.media-amazon.com/images/M/MV5BOWI5NmU3NTUtOTZiMS00YzA1LThlYTktNDJjZTU5NmVmMGU0XkEyXkFqcGc@._V1_FMjpg_UX1000_.jpg
tt15748830,Jaane Jaan,2023,2010s-2023,"Crime, Drama, Mystery",149 min,149,"Family Ties, Crime & Justice",Tense & Thrilling,Medium,High,7.6,A single mother and her daughter who commit a crime and a neighbor who helps them cover it up amidst a police investigation.,Sujoy Ghosh,"Kareena Kapoor, Jaideep Ahlawat, Vijay Varma, Saurabh Sachdeva",https://images.unsplash.com/photo-1489599849927-2ee91cede3ba?w=600&auto=format&fit=crop&q=80
tt11663228,Jailer,2023,2010s-2023,"Action, Comedy, Crime",137 min,137,"Revenge, Family Ties",Adrenaline Rush,Medium,Medium,7.1,"A retired jailer goes on a manhunt to find his son's killers. But the road leads him to a familiar, albeit a bit darker place. Can he emerge from this complex situation successfully?",Nelson Dilipkumar,"Rajinikanth, Mohanlal, Shivarajkumar, Jackie Shroff",https://images.unsplash.com/photo-1489599849927-2ee91cede3ba?w=600&auto=format&fit=crop&q=80
tt14993250,Rocky Aur Rani Kii Prem Kahaani,2023,2010s-2023,"Comedy, Drama, Family",166 min,166,"Romantic Love, Family Ties",Feel-good,Medium,Low,8.3,"Flamboyant Punjabi Rocky and intellectual Bengali journalist Rani fall in love despite their differences. After facing family opposition, they decide to live with each other's families for three months before getting married.",Karan Johar,"Ranveer Singh, Alia Bhatt, Dharmendra, Shabana Azmi",https://images.unsplash.com/photo-1489599849927-2ee91cede3ba?w=600&auto=format&fit=crop&q=80
tt15732324,OMG 2,2023,2010s-2023,"Comedy, Drama",127 min,127,"Humor, Misunderstandings",Feel-good,Medium,Low,7.0,An unhappy civilian asks the court to mandate comprehensive education in schools in a dramatic yet amusing courtroom play.,Amit Rai,"Pankaj Tripathi, Akshay Kumar, Yami Gautam, Pawan Malhotra",https://images.unsplash.com/photo-1489599849927-2ee91cede3ba?w=600&auto=format&fit=crop&q=80
tt18266472,Sukhee,2023,2010s-2023,Drama,147 min,147,"Human Conflict, Life Lessons",Deep & Emotional,Medium,Low,6.7,"Much to the dismay of her husband, a middle-class housewife, known for her rebellious attitude in high school, decides to attend her class reunion.",Sonal Joshi,"Shilpa Shetty Kundra, Amit Sadh, Chaitannya Choudhry, Kusha Kapila",https://images.unsplash.com/photo-1489599849927-2ee91cede3ba?w=600&auto=format&fit=crop&q=80
tt18561736,The Great Indian Family,2023,2010s-2023,Family,169 min,169,Family Ties,Deep & Emotional,Medium,High,8.0,"Ved Vyas Tripathi, aka Bhajan Kumar, is a devout Hindu man who faces an identity crisis and a personal dilemma when he discovers he is actually a Muslim by birth.",Vijay Krishna Acharya,"Alka Amin, Bhuvan Arora, Manushi Chhillar, Srishti Dixit",https://images.unsplash.com/photo-1489599849927-2ee91cede3ba?w=600&auto=format&fit=crop&q=80
tt3691740,The BFG,2016,2010s-2023,"Adventure, Family, Fantasy",148 min,148,"Friendship, Patriotism & Honor",Mind-bending & Epic,Medium,Low,8.0,"An orphan little girl befriends a benevolent giant who takes her to Giant Country, where they attempt to stop the man-eating giants that are invading the human world.",Steven Spielberg,"Mark Rylance, Ruby Barnhill, Penelope Wilton, Jemaine Clement",https://images.unsplash.com/photo-1489599849927-2ee91cede3ba?w=600&auto=format&fit=crop&q=80
tt12844910,Pathaan,2023,2010s-2023,"Action, Adventure, Thriller",152 min,152,"Revenge, Crime & Justice, Patriotism & Honor",Tense & Thrilling,Medium,Medium,7.4,"An Indian agent races against a doomsday clock as a ruthless mercenary, with a bitter vendetta, mounts an apocalyptic attack against the country.",Siddharth Anand,"Shah Rukh Khan, Deepika Padukone, John Abraham, Dimple Kapadia",https://images.unsplash.com/photo-1489599849927-2ee91cede3ba?w=600&auto=format&fit=crop&q=80
tt15464390,Mastaney,2023,2010s-2023,"Action, Drama, History",153 min,153,Patriotism & Honor,Inspiring,Medium,Low,8.1,"Set in 1739, Nadar Shah's undefeated army was attacked by Sikh Rebellions. Nadar demands to arrest them but it doesn't work out. Five ordinary men are hired to play Sikh Rebellions but over time they learn what Sikhs are.",Sharan Art,"Tarsem Jassar, Simi Chahal, Gurpreet Ghuggi, Karamjit Anmol",https://images.unsplash.com/photo-1489599849927-2ee91cede3ba?w=600&auto=format&fit=crop&q=80
tt1187043,3 Idiots,2009,2000s,"Comedy, Drama",170 min,170,"Friendship, Education, Ambition, Societal Pressure",Feel-good,Medium,Low,8.4,"Two friends are searching for their long lost companion. They revisit their college days and recall the memories of their friend who inspired them to think differently, even as the rest of the world called them ""idiots"".",Rajkumar Hirani,"Aamir Khan, Madhavan, Mona Singh, Sharman Joshi",https://m.media-amazon.com/images/M/MV5BNTkyOGVjMGEtNmQzZi00NzFlLTlhOWQtODYyMDc2ZGJmYzFhXkEyXkFqcGc@._V1_FMjpg_UX1000_.jpg
tt14914988,Satyaprem Ki Katha,2023,2010s-2023,"Comedy, Drama, Musical",146 min,146,"Romantic Love, Crime & Justice",Feel-good,Medium,Low,6.5,"A middle-class boy in Ahmedabad, Satyaprem falling in one-sided love with Katha, who is coping with her breakup with Tapan. Through the journey, they discover each other's life and complement in accomplishing what was left halfway.",Sameer Vidwans,"Kartik Aaryan, Kiara Advani, Supriya Pathak, Gajraj Rao",https://images.unsplash.com/photo-1489599849927-2ee91cede3ba?w=600&auto=format&fit=crop&q=80
tt3741834,Lion,2016,2010s-2023,"Biography, Drama",181 min,181,Family Ties,Inspiring,Medium,Medium,6.7,"A five-year-old Indian boy is adopted by an Australian couple after getting lost hundreds of kilometers from home. 25 years later, he sets out to find his lost family.",Garth Davis,"Dev Patel, Nicole Kidman, Rooney Mara, Sunny Pawar",https://images.unsplash.com/photo-1489599849927-2ee91cede3ba?w=600&auto=format&fit=crop&q=80
tt13131610,Bholaa Shankar,2023,2010s-2023,"Action, Drama",149 min,149,Family Ties,Deep & Emotional,Medium,Low,7.5,A doting brother tries to hunt down notorious criminals who had harmed his sister.,Meher Ramesh,"Chiranjeevi, Tamannaah Bhatia, Keerthy Suresh, Raghu Babu",https://images.unsplash.com/photo-1489599849927-2ee91cede3ba?w=600&auto=format&fit=crop&q=80
tt22188452,Haddi,2023,2010s-2023,"Crime, Drama",139 min,139,Revenge,Deep & Emotional,Medium,Medium,8.3,"In this ZEE5 Original film, a transgender, Haddi moves to Delhi and joins a gang of transgenders and cross-dressers headed by an influential man. But is this move aspirational or driven by revenge?",Akshat Ajay Sharma,"Nawazuddin Siddiqui, Anurag Kashyap, Mohd. Zeeshan Ayyub, Resh Lamba",https://images.unsplash.com/photo-1489599849927-2ee91cede3ba?w=600&auto=format&fit=crop&q=80
tt28568397,Friday Night Plan,2023,2010s-2023,"Comedy, Drama",145 min,145,"Family Ties, Secrets & Deception",Feel-good,Medium,Low,7.7,"When their mother takes off on a business trip, two bickering brothers unite to secretly attend the hottest party of the year before she returns.",Vatsal Neelakantan,"Babil Khan, Amrith Jayan, Medha Rana, Aadhya Anand",https://images.unsplash.com/photo-1489599849927-2ee91cede3ba?w=600&auto=format&fit=crop&q=80
tt21908676,Neeyat,2023,2010s-2023,"Crime, Mystery, Thriller",151 min,151,"Friendship, Revenge, Family Ties, Secrets & Deception",Tense & Thrilling,High,High,6.9,"When a mysterious murder takes place at exiled billionaire Ashish Kapoor's birthday getaway, detective Mira Rao must use all her skill to unravel devious motives as the suspects are Kapoor's close family and friends.",Anu Menon,"Vidya Balan, Ram Kapoor, Rahul Bose, Neeraj Kabi",https://images.unsplash.com/photo-1489599849927-2ee91cede3ba?w=600&auto=format&fit=crop&q=80
tt15441054,Gadar 2,2023,2010s-2023,"Action, Adventure, Drama",168 min,168,Family Ties,Deep & Emotional,Medium,High,6.9,"When Tara Singh goes missing during a skirmish and is believed to be captured in Pakistan, his son Jeete sets out to rescue him and enters a labyrinth from which they both must escape at all costs.",Anil Sharma,"Sunny Deol, Amrish Puri, Nana Patekar, Ameesha Patel",https://images.unsplash.com/photo-1489599849927-2ee91cede3ba?w=600&auto=format&fit=crop&q=80
tt27542289,Por Thozhil,2023,2010s-2023,"Action, Crime, Thriller",162 min,162,"Revenge, Crime & Justice, Ambition & Triumph",Tense & Thrilling,Medium,Medium,6.6,A bright but faint-hearted rookie cop has to overcome his fears in order to succeed in his first case which sees him partnered with a reclusive senior officer to catch a serial killer on the loose.,"Vignesh Raja, T. Senthil Paramasivam","R. Sarathkumar, Ashok Selvan, Nikhila Vimal, Sarath Babu",https://images.unsplash.com/photo-1489599849927-2ee91cede3ba?w=600&auto=format&fit=crop&q=80
tt0454876,Life of Pi,2012,2010s-2023,"Adventure, Drama, Fantasy",136 min,136,"Human Conflict, Life Lessons",Mind-bending & Epic,Medium,Low,6.7,"A young man who survives a disaster at sea is hurtled into an epic journey of adventure and discovery. While cast away, he forms an unexpected connection with another survivor: a fearsome Bengal tiger.",Ang Lee,"Suraj Sharma, Irrfan Khan, Adil Hussain, Tabu",https://images.unsplash.com/photo-1489599849927-2ee91cede3ba?w=600&auto=format&fit=crop&q=80
tt0249371,Asoka,2001,2000s,"Action, Biography, Drama",145 min,145,"Courage, Heroism",Inspiring,Medium,Medium,6.8,The epic tale of King Asoka's life is recounted.,Santosh Sivan,"Shah Rukh Khan, Kareena Kapoor, Danny Denzongpa, Hrishitaa Bhatt",https://images.unsplash.com/photo-1489599849927-2ee91cede3ba?w=600&auto=format&fit=crop&q=80
tt0838221,The Darjeeling Limited,2007,2000s,"Adventure, Comedy, Drama",126 min,126,Family Ties,Feel-good,Medium,Low,6.8,"A year after their father's funeral, three brothers travel across India by train in an attempt to bond with each other.",Wes Anderson,"Owen Wilson, Adrien Brody, Jason Schwartzman, Amara Karan",https://images.unsplash.com/photo-1489599849927-2ee91cede3ba?w=600&auto=format&fit=crop&q=80
tt5074352,Dangal,2016,2010s-2023,"Action, Biography, Drama",161 min,161,"Father-Daughter Training, Female Wrestling Glory, Discipline & Sacrifice, National Pride",Inspiring & Uplifting,High,Low,8.3,Former wrestler Mahavir Singh Phogat and his two wrestler daughters struggle towards glory at the Commonwealth Games in the face of societal oppression.,Nitesh Tiwari,"Aamir Khan, Sakshi Tanwar, Fatima Sana Shaikh, Sanya Malhotra",https://m.media-amazon.com/images/M/MV5BMTQ4MzQzMzM2Nl5BMl5BanBnXkFtZTgwMTQ1NzU3MDI@._V1_FMjpg_UX1000_.jpg
tt8239946,Tumbbad,2018,2010s-2023,"Drama, Fantasy, Horror",133 min,133,"Human Conflict, Life Lessons",Tense & Thrilling,High,Low,7.1,A mythological story about a goddess who created the entire universe. The plot revolves around the consequences when humans build a temple for her first-born.,"Rahi Anil Barve, Anand Gandhi, Adesh Prasad","Sohum Shah, Jyoti Malshe, Anita Date-Kelkar, Ronjini Chakraborty",https://images.unsplash.com/photo-1489599849927-2ee91cede3ba?w=600&auto=format&fit=crop&q=80
tt15428134,Dunki,2023,2010s-2023,"Comedy, Drama",140 min,140,"Humor, Misunderstandings",Feel-good,Medium,Low,8.1,The rampant use of an illegal backdoor route called 'Donkey Flight' by Indians to immigrate to countries like Canada and USA.,Rajkumar Hirani,"Shah Rukh Khan, Taapsee Pannu, Boman Irani, Vicky Kaushal",https://images.unsplash.com/photo-1489599849927-2ee91cede3ba?w=600&auto=format&fit=crop&q=80
tt24485052,Sirf Ek Bandaa Kaafi Hai,2023,2010s-2023,"Crime, Drama, Thriller",170 min,170,"Human Conflict, Life Lessons",Tense & Thrilling,Medium,Medium,6.6,A common man with honesty and integrity can take on the system when he has truth on his side.,Apoorv Singh Karki,"Manoj Bajpayee, Surya Mohan Kulshreshtha, Jai Hind Kumar, Nikhil Pandey",https://images.unsplash.com/photo-1489599849927-2ee91cede3ba?w=600&auto=format&fit=crop&q=80
tt1954470,Gangs of Wasseypur,2012,2010s-2023,"Action, Comedy, Crime",321 min,321,"Generational Blood Feud, Power & Politics, Crime Underworld, Vendetta",Dark & Gritty,High,High,8.2,"A clash between Sultan and Shahid Khan leads to the expulsion of Khan from Wasseypur, and ignites a deadly blood feud spanning three generations.",Anurag Kashyap,"Manoj Bajpayee, Nawazuddin Siddiqui, Tigmanshu Dhulia, Richa Chadha",https://m.media-amazon.com/images/M/MV5BMjY5ODVlMDgtOGExMC00MGI0LWIzZTQtYzFhMWQ5OWMzMjFkXkEyXkFqcGc@._V1_FMjpg_UX1000_.jpg
tt15433600,Khufiya,2023,2010s-2023,"Action, Biography, Crime",144 min,144,"Romantic Love, Crime & Justice, Secrets & Deception",Adrenaline Rush,Medium,High,7.8,"Krishna Mehra who is an operative at Indian spy agency known as R&AW. She is assigned to track down the mole selling India's defense secrets, while all along grappling with her dual identity as a spy and a lover.",Vishal Bhardwaj,"Tabu, Ali Fazal, Wamiqa Gabbi, Azmeri Haque Badhon",https://images.unsplash.com/photo-1489599849927-2ee91cede3ba?w=600&auto=format&fit=crop&q=80
tt13751694,Animal,2023,2010s-2023,"Action, Crime, Drama",201 min,201,"Toxic Filial Devotion, Unfiltered Rage, Family Dynasty, Obsession",Dark & Gritty,High,Medium,6.3,"Animal is the story of a son's obsessive love for his father. Often away due to work the father is unable to comprehend the intensity of his son's love. Ironically, this fervent love and ...                See full summary »",Sandeep Reddy Vanga,"Ranbir Kapoor, Triptii Dimri, Saurabh Sachdeva, Anil Kapoor",https://m.media-amazon.com/images/M/MV5BMTY3NTBiOTUtZjFlMi00ODVlLTkzZmQtMjY2Y2RiYWRkNTFmXkEyXkFqcGc@._V1_FMjpg_UX1000_.jpg
tt15891388,Miss Shetty Mr Polishetty,2023,2010s-2023,"Comedy, Drama, Romance",177 min,177,"Humor, Misunderstandings",Feel-good,Medium,Low,6.5,"Miss Shetty is a feminist living in London and wants to be single forever. Mr. Polishetty from Hyderabad in Telangana, India, wants to be in a committed relationship. The two appear to be in different stages of life but somehow connect.",Mahesh Babu P.,"Keshav Deepak, Abhinav Gomatam, Jayasudha, Koushik Mahata",https://images.unsplash.com/photo-1489599849927-2ee91cede3ba?w=600&auto=format&fit=crop&q=80
tt19755170,Bawaal,2023,2010s-2023,"Action, Drama, Romance",151 min,151,Romantic Love,Heartwarming,Medium,Low,6.8,A small-town man who falls in love with the most beautiful girl in town. He wants to marry her one day because marrying her can raise his social position.,Nitesh Tiwari,"Varun Dhawan, Janhvi Kapoor, Manoj Pahwa, Anjuman Saxena",https://images.unsplash.com/photo-1489599849927-2ee91cede3ba?w=600&auto=format&fit=crop&q=80
tt6277462,Brahmastra Part One: Shiva,2022,2010s-2023,"Action, Adventure, Fantasy",135 min,135,Romantic Love,Mind-bending & Epic,Medium,Low,6.7,"A DJ with superpowers and his ladylove embark on a mission to protect the Brahmastra, a weapon of enormous energy, from dark forces closing in on them.",Ayan Mukerji,"Amitabh Bachchan, Ranbir Kapoor, Alia Bhatt, Nagarjuna Akkineni",https://images.unsplash.com/photo-1489599849927-2ee91cede3ba?w=600&auto=format&fit=crop&q=80
tt20913276,Ghoomer,2023,2010s-2023,"Drama, Sport",139 min,139,"Human Conflict, Life Lessons",Deep & Emotional,Medium,Low,7.8,"Anina, a young batting prodigy, loses her right hand in an accident. An unsympathetic, failed cricketer gives her new hope, trains her with unconventional techniques, to turn her fate around. Ghoomer is a new style of bowling they invent.",R. Balki,"Amitabh Bachchan, Shabana Azmi, Abhishek Bachchan, Saiyami Kher",https://images.unsplash.com/photo-1489599849927-2ee91cede3ba?w=600&auto=format&fit=crop&q=80
tt18411490,Tiger 3,2023,2010s-2023,"Action, Adventure, Thriller",136 min,136,"Courage, Heroism",Tense & Thrilling,Medium,Medium,8.3,Plot under wraps,Maneesh Sharma,"Salman Khan, Katrina Kaif",https://images.unsplash.com/photo-1489599849927-2ee91cede3ba?w=600&auto=format&fit=crop&q=80
tt8672856,Tu Jhoothi Main Makkaar,2023,2010s-2023,"Comedy, Romance",147 min,147,Romantic Love,Feel-good,Low,Low,7.7,"Madness ensues when a 'player' in the world of romantic relationships finds a girl who's a worthy opponent, that believes love is a battle of wits.",Luv Ranjan,"Ranbir Kapoor, Shraddha Kapoor, Krrish Saini, Anubhav Singh Bassi",https://images.unsplash.com/photo-1489599849927-2ee91cede3ba?w=600&auto=format&fit=crop&q=80
tt15501640,Drishyam 2,2022,2010s-2023,"Crime, Drama, Mystery",140 min,140,"Reopened Investigation, Family Defense, Cat and Mouse, Forensic Battle",Tense & Thrilling,High,High,8.2,A gripping tale of an investigation and a family which is threatened by it. Will Vijay Salgaonkar be able to protect his family this time?,Abhishek Pathak,"Ajay Devgn, Akshaye Khanna, Tabu, Shriya Saran",https://m.media-amazon.com/images/M/MV5BMjA0YjYyZGMtN2U0Ni00YmY4LWJkZTItYTMyMjY3NGYyOTkwXkEyXkFqcGc@._V1_FMjpg_UX1000_.jpg
tt2338151,PK,2014,2010s-2023,"Comedy, Drama, Sci-Fi",153 min,153,"Alien Perspective, Questioning Superstition, Religious Dogma, Pure Innocence",Thought-provoking & Fun,Medium,Low,8.1,An alien on Earth loses the only device he can use to communicate with his spaceship. His innocent nature and child-like questions force the country to evaluate the impact of there religious views on there people.,Rajkumar Hirani,"Aamir Khan, Anushka Sharma, Sanjay Dutt, Boman Irani",https://m.media-amazon.com/images/M/MV5BMTYzOTE2NjkxN15BMl5BanBnXkFtZTgwMDgzMTg0MzE@._V1_FMjpg_UX1000_.jpg
tt1188996,My Name Is Khan,2010,2010s-2023,"Adventure, Drama, Romance",158 min,158,Patriotism & Honor,Heartwarming,Medium,Low,7.7,An Indian Muslim man with Asperger's syndrome takes a challenge to speak to the President of the United States seriously and embarks on a cross-country journey.,Karan Johar,"Shah Rukh Khan, Kajol, Sheetal Menon, Katie Amanda Keane",https://images.unsplash.com/photo-1489599849927-2ee91cede3ba?w=600&auto=format&fit=crop&q=80
tt3405236,Raees,2017,2010s-2023,"Action, Crime, Drama",163 min,163,"Courage, Heroism",Adrenaline Rush,Medium,Medium,7.2,A bootlegger sets out to improve his community as a promising leader but falls in a political trap.,Rahul Dholakia,"Shah Rukh Khan, Jaideep Ahlawat, Sunny Leone, Nawazuddin Siddiqui",https://images.unsplash.com/photo-1489599849927-2ee91cede3ba?w=600&auto=format&fit=crop&q=80
tt26324936,Rama Banam,2023,2010s-2023,"Action, Drama",147 min,147,"Courage, Heroism",Deep & Emotional,Medium,Low,7.5,"Two siblings, who despite their difference in ideologies come together to fight for their common goal.",Sriwass,"Gopichand, Dimple Hayathi, Jagapathi Babu, Kushboo",https://images.unsplash.com/photo-1489599849927-2ee91cede3ba?w=600&auto=format&fit=crop&q=80
tt8108198,Andhadhun,2018,2010s-2023,"Crime, Mystery, Thriller",139 min,139,"Deception, Black Comedy, Moral Ambiguity, Survival",Tense & Thrilling,High,High,8.2,"A series of mysterious events change the life of a blind pianist, who must now report a crime that he should technically know nothing of.",Sriram Raghavan,"Tabu, Ayushmann Khurrana, Radhika Apte, Anil Dhawan",https://m.media-amazon.com/images/M/MV5BZWZhMjhhZmYtOTIzOC00MGYzLWI1OGYtM2ZkN2IxNTI4ZWI3XkEyXkFqcGc@._V1_FMjpg_UX1000_.jpg
tt23036080,Thank You for Coming,2023,2010s-2023,Comedy,126 min,126,"Friendship, Romantic Love, Family Ties, Patriotism & Honor",Feel-good,Low,Low,8.0,"When five best friends assemble together at a family gathering, they must navigate the hilarious and heartwarming consequences of their lie, discovering the true depth of their friendship and love.",Karan Boolani,"Bhumi Pednekar, Dolly Ahluwalia, Shibani Bedi, Saloni Daini",https://images.unsplash.com/photo-1489599849927-2ee91cede3ba?w=600&auto=format&fit=crop&q=80
tt22086334,Dream Girl 2,2023,2010s-2023,"Comedy, Drama, Romance",148 min,148,Romantic Love,Feel-good,Medium,Low,7.9,"Karam, who is trying to live a serious life in Mathura and falls in love with Pari but life is hell bent on not taking him seriously. In a turn of events Karam becomes Pooja which creates further chaos in his already chaotic life.",Raaj Shaandilyaa,"Paresh Rawal, Ananya Panday, Ayushmann Khurrana, Annu Kapoor",https://images.unsplash.com/photo-1489599849927-2ee91cede3ba?w=600&auto=format&fit=crop&q=80
tt15380630,Kushi,2023,2010s-2023,"Comedy, Drama, Romance",160 min,160,"Romantic Love, Family Ties",Feel-good,Medium,Low,7.5,"Raised in an atheist household, a young man falls in love with the daughter of his father's arch-rival, a devout Hindu leader.",Shiva Nirvana,"Samantha Ruth Prabhu, Vijay Deverakonda, Lakshmi, Murli Sharma",https://images.unsplash.com/photo-1489599849927-2ee91cede3ba?w=600&auto=format&fit=crop&q=80
tt0986264,Taare Zameen Par,2007,2000s,"Drama, Family",165 min,165,"Childhood, Empathy, Parenting, Self-Discovery",Heartwarming,High,Low,8.3,"An eight-year-old boy is thought to be a lazy trouble-maker, until the new art teacher has the patience and compassion to discover the real problem behind his struggles in school.","Aamir Khan, Amole Gupte","Darsheel Safary, Aamir Khan, Tanay Chheda, Sachet Engineer",https://m.media-amazon.com/images/M/MV5BYzA2NzU0ODUtNDM2NC00NTJhLWFkZTAtM2IxYTFjOWM4MjVkXkEyXkFqcGc@._V1_FMjpg_UX1000_.jpg
tt4430212,Drishyam,2015,2010s-2023,"Crime, Drama, Mystery",163 min,163,"Protecting Family, Alibi Construction, Police Interrogation, Mind Games",Tense & Thrilling,High,High,8.2,"Desperate measures are taken by a man who tries to save his family from the dark side of the law, after they commit an unexpected crime.",Nishikant Kamat,"Ajay Devgn, Shriya Saran, Tabu, Rajat Kapoor",https://m.media-amazon.com/images/M/MV5BYmJhZmJlYTItZmZlNy00MGY0LTg0ZGMtNWFkYWU5NTA1MmVhXkEyXkFqcGc@._V1_FMjpg_UX1000_.jpg
tt22297828,Chor Nikal Ke Bhaga,2023,2010s-2023,"Crime, Drama, Thriller",138 min,138,"Human Conflict, Life Lessons",Tense & Thrilling,Medium,Medium,8.2,"A flight attendant and her business partner on a mission to steal diamonds and free themselves from the clutches of a loan shark.At 40,000 feet in the air, the heist goes horribly wrong and turns into a hostage situation.",Ajay Singh,"Yami Gautam, Sunny Kaushal, Sharad Kelkar, Indraneil Sengupta",https://images.unsplash.com/photo-1489599849927-2ee91cede3ba?w=600&auto=format&fit=crop&q=80
tt10083340,Gangubai Kathiawadi,2022,2010s-2023,"Biography, Crime, Drama",140 min,140,"Human Conflict, Life Lessons",Inspiring,Medium,Medium,7.9,"Duped and sold to a brothel, a young woman fearlessly reclaims her power, using underworld connections to preside over the world she was once a pawn in.",Sanjay Leela Bhansali,"Alia Bhatt, Shantanu Maheshwari, Vijay Raaz, Indira Tiwari",https://images.unsplash.com/photo-1489599849927-2ee91cede3ba?w=600&auto=format&fit=crop&q=80
tt27012110,Gaslight,2023,2010s-2023,"Crime, Horror, Mystery",158 min,158,Family Ties,Tense & Thrilling,High,High,8.0,"Misha returns to her royal family estate after 15 years to visit her estranged father, only to find him missing.",Pavan Kirpalani,"Sara Ali Khan, Vikrant Massey, Chitrangda Singh, Rahul Dev",https://images.unsplash.com/photo-1489599849927-2ee91cede3ba?w=600&auto=format&fit=crop&q=80
tt15245240,The Buckingham Murders,2023,2010s-2023,Thriller,151 min,151,"Revenge, Family Ties, Secrets & Deception",Tense & Thrilling,High,Medium,6.8,"Follows Jass, a detective-mother who after losing her own child must investigate the murder of a 10-year-old in Buckinghamshire, going down a rabbit hole of secrets, where almost everyone in the small town becomes a suspect.",Hansal Mehta,"Kareena Kapoor, Keith Allen, Haqi Ali, Chris Wilson",https://images.unsplash.com/photo-1489599849927-2ee91cede3ba?w=600&auto=format&fit=crop&q=80
tt13818368,Fighter,2024,2024-Latest,"Action, Adventure, Thriller",159 min,159,"Courage, Heroism",Tense & Thrilling,Medium,Medium,7.6,"FIGHTER is India's first aerial action film releasing in theaters on 25th January, 2024.",Siddharth Anand,"Hrithik Roshan, Deepika Padukone, Anil Kapoor, Akarsh Alagh",https://images.unsplash.com/photo-1489599849927-2ee91cede3ba?w=600&auto=format&fit=crop&q=80
tt15302222,Bholaa,2023,2010s-2023,"Action, Adventure, Crime",169 min,169,Family Ties,Adrenaline Rush,Medium,Medium,8.1,"After getting out of prison with the desire to meet his daughter, Bholaa's plans are interrupted by a well-orchestrated drug bust.",Ajay Devgn,"Ajay Devgn, Tabu, Abhishek Bachchan, Amala Paul",https://images.unsplash.com/photo-1489599849927-2ee91cede3ba?w=600&auto=format&fit=crop&q=80
tt1024943,Om Shanti Om,2007,2000s,"Action, Comedy, Drama",140 min,140,"Revenge, Romantic Love, Secrets & Deception",Feel-good,High,Low,6.7,"In the 1970s, Om, an aspiring actor, is murdered, but is immediately reincarnated into the present day. He attempts to discover the mystery of his demise and find Shanti, the love of his previous life.",Farah Khan,"Shah Rukh Khan, Deepika Padukone, Arjun Rampal, Kirron Kher",https://images.unsplash.com/photo-1489599849927-2ee91cede3ba?w=600&auto=format&fit=crop&q=80
tt0248126,Kabhi Khushi Kabhie Gham...,2001,2000s,"Drama, Musical, Romance",160 min,160,Family Ties,Heartwarming,Medium,Low,8.1,"After marrying a poor woman, rich Rahul is disowned by his father and moves to London to build a new life. Years later, his now-grown younger brother Rohan embarks on a mission to bring Rahul back home and reunite the family.",Karan Johar,"Shah Rukh Khan, Kajol, Amitabh Bachchan, Hrithik Roshan",https://images.unsplash.com/photo-1489599849927-2ee91cede3ba?w=600&auto=format&fit=crop&q=80
tt24268454,The Kerala Story,2023,2010s-2023,Drama,163 min,163,"Human Conflict, Life Lessons",Deep & Emotional,Medium,Low,7.3,"A converted Muslim woman Fatima Ba narrates her ordeal of how she once wanted to become a nurse but was abducted from her home and manipulated by religious vanguards, turned into an ISIS terrorist and landed in Afghanistan jail.","Sudipto Sen, Vipul Amrutlal Shah","Adah Sharma, Yogita Bihani, Sonia Balani, Siddhi Idnani",https://images.unsplash.com/photo-1489599849927-2ee91cede3ba?w=600&auto=format&fit=crop&q=80
tt13131350,Vikram Vedha,2022,2010s-2023,"Action, Crime, Drama",153 min,153,"Revenge, Crime & Justice",Adrenaline Rush,Medium,Medium,7.9,A tough police officer sets out to track down and kill an equally tough gangster.,"Gayatri, Pushkar","Saif Ali Khan, Hrithik Roshan, Radhika Apte, Rohit Saraf",https://images.unsplash.com/photo-1489599849927-2ee91cede3ba?w=600&auto=format&fit=crop&q=80
tt0367110,"Swades: We, the People",2004,2000s,"Drama, Musical",210 min,210,"Patriotism, Roots & Identity, Social Progress, Selfless Duty",Inspiring,Medium,Low,8.2,A successful Indian scientist returns to an Indian village to take his nanny to America with him and in the process rediscovers his roots.,Ashutosh Gowariker,"Shah Rukh Khan, Gayatri Joshi, Kishori Ballal, Smith Seth",https://m.media-amazon.com/images/M/MV5BMjA4NzBhNTMtMDk3Yi00NWZmLWJjM2EtY2E3NmE1ZjQ0OWYyXkEyXkFqcGc@._V1_FMjpg_UX1000_.jpg
tt3863552,Bajrangi Bhaijaan,2015,2010s-2023,"Action, Adventure, Comedy",144 min,144,Family Ties,Feel-good,Medium,Low,7.3,An Indian man with a magnanimous heart takes a young mute Pakistani girl back to her homeland to reunite her with her family.,"Kabir Khan, Mehmet Tutkun","Salman Khan, Harshaali Malhotra, Nawazuddin Siddiqui, Kareena Kapoor",https://images.unsplash.com/photo-1489599849927-2ee91cede3ba?w=600&auto=format&fit=crop&q=80
tt27501039,Bloody Daddy,2023,2010s-2023,"Action, Crime, Drama",169 min,169,Crime & Justice,Adrenaline Rush,Medium,Medium,7.3,"A messed up, tenacious man faces off against cops and crime lords to save the one relationship that matters to him.",Ali Abbas Zafar,"Shahid Kapoor, Vivan Bhatena, Diana Penty, Ronit Roy",https://images.unsplash.com/photo-1489599849927-2ee91cede3ba?w=600&auto=format&fit=crop&q=80
tt2980648,The Hundred-Foot Journey,2014,2010s-2023,"Comedy, Drama",130 min,130,Family Ties,Feel-good,Medium,Low,7.8,The Kadam family leaves India for France where they open a restaurant directly across the road from Madame Mallory's Michelin-starred eatery.,Lasse Hallström,"Helen Mirren, Om Puri, Manish Dayal, Charlotte Le Bon",https://images.unsplash.com/photo-1489599849927-2ee91cede3ba?w=600&auto=format&fit=crop&q=80
tt10811166,The Kashmir Files,2022,2010s-2023,Drama,141 min,141,"Friendship, Ambition & Triumph",Deep & Emotional,Medium,Low,7.3,"A heart-wrenching tale that captures the pain, suffering, and struggle of the Kashmiri Pandit community in 1990 and leads Krishna, a young college student, to set out on a quest to uncover the truth.",Vivek Agnihotri,"Mithun Chakraborty, Anupam Kher, Darshan Kumaar, Pallavi Joshi",https://images.unsplash.com/photo-1489599849927-2ee91cede3ba?w=600&auto=format&fit=crop&q=80
tt22892546,Akelli,2023,2010s-2023,"Drama, Thriller",143 min,143,Patriotism & Honor,Tense & Thrilling,Medium,Medium,7.3,An ordinary Indian girl gets trapped in a war-torn land and survival is her battle.,Pranay Meshram,"Nushrratt Bharuccha, Amir Boutrous, Nishant Dahiya, Vijay Kumar Dogra",https://images.unsplash.com/photo-1489599849927-2ee91cede3ba?w=600&auto=format&fit=crop&q=80
tt2283748,OMG: Oh My God!,2012,2010s-2023,"Comedy, Drama, Fantasy",146 min,146,"Humor, Misunderstandings",Feel-good,Medium,Low,6.6,A shopkeeper takes God to court when his shop is destroyed by an earthquake.,Umesh Shukla,"Paresh Rawal, Akshay Kumar, Mithun Chakraborty, Mahesh Manjrekar",https://images.unsplash.com/photo-1489599849927-2ee91cede3ba?w=600&auto=format&fit=crop&q=80
tt12915716,Adipurush,2023,2010s-2023,"Action, Adventure, Drama",156 min,156,"Courage, Heroism",Deep & Emotional,Medium,Low,7.7,A modern adaptation of the Indian epic Ramayana which follows the exiled prince Raghav's journey to rescue his wife Janaki from the raakshash king Lankesh.,Om Raut,"Kriti Sanon, Saif Ali Khan, Prabhas, Devdutta Nage",https://images.unsplash.com/photo-1489599849927-2ee91cede3ba?w=600&auto=format&fit=crop&q=80
tt15073166,IB 71,2023,2010s-2023,"Action, Thriller",142 min,142,Patriotism & Honor,Tense & Thrilling,Medium,Medium,7.5,A two- front war between Indian intelligence agencies and the Pakistani establishment.,"Sankalp Reddy, Lee Whittaker","Anupam Kher, Vidyut Jammwal, Dalip Tahil, Nissar Khan",https://images.unsplash.com/photo-1489599849927-2ee91cede3ba?w=600&auto=format&fit=crop&q=80
tt5935704,Padmaavat,2018,2010s-2023,"Drama, History, Romance",174 min,174,"Romantic Love, Patriotism & Honor",Inspiring,Medium,Low,7.2,"Set in medieval Rajasthan, Queen Padmavati is married to a noble king and they live in a prosperous fortress with their subjects until an ambitious Sultan hears of Padmavati's beauty and forms an obsessive love for the Queen of Mewar.",Sanjay Leela Bhansali,"Deepika Padukone, Ranveer Singh, Shahid Kapoor, Aditi Rao Hydari",https://images.unsplash.com/photo-1489599849927-2ee91cede3ba?w=600&auto=format&fit=crop&q=80
tt1562872,Zindagi Na Milegi Dobara,2011,2010s-2023,"Comedy, Drama, Musical",155 min,155,"Bachelors Roadtrip, Conquering Fear, Healing Past Wounds, Carpe Diem",Feel-good,Medium,Low,8.2,Three friends decide to turn their fantasy vacation into reality after one of their friends gets engaged.,Zoya Akhtar,"Hrithik Roshan, Farhan Akhtar, Abhay Deol, Katrina Kaif",https://m.media-amazon.com/images/M/MV5BZGFmMjM5OWMtZTRiNC00ODhlLThlYTItZWNkZmVjNzExMDE4XkEyXkFqcGc@._V1_FMjpg_UX1000_.jpg
tt2176013,Jab Tak Hai Jaan,2012,2010s-2023,"Drama, Romance",155 min,155,Romantic Love,Heartwarming,Medium,Low,7.3,An uncompromising film on true love from the legendary and unforgettable director Yash Chopra which is fascinatingly distinctive and contemporary.,Yash Chopra,"Shah Rukh Khan, Katrina Kaif, Anushka Sharma, Lucy Phelps",https://images.unsplash.com/photo-1489599849927-2ee91cede3ba?w=600&auto=format&fit=crop&q=80
tt15128068,Monica O My Darling,2022,2010s-2023,"Comedy, Crime, Drama",156 min,156,"Revenge, Romantic Love",Deep & Emotional,High,Medium,8.3,"A slick robotics expert joins a murderous plot after a passionate affair takes a sudden turn, but nothing not even death , is what it seems to be.",Vasan Bala,"Rajkummar Rao, Huma Qureshi, Sikandar Kher, Bagavathi Perumal",https://images.unsplash.com/photo-1489599849927-2ee91cede3ba?w=600&auto=format&fit=crop&q=80
tt14099334,Bhediya,2022,2010s-2023,"Comedy, Fantasy, Horror",147 min,147,"Friendship, Secrets & Deception",Feel-good,High,High,7.3,"Set in the forests of Arunachal, Bhediya is a story of Bhaskar, a man who gets bitten by a wolf, and begins to transform into the creature. As Bhaskar and his buddies try to find answers, a bunch of twists, turns, and laughs ensue.",Amar Kaushik,"Varun Dhawan, Kriti Sanon, Abhishek Banerjee, Deepak Dobriyal",https://images.unsplash.com/photo-1489599849927-2ee91cede3ba?w=600&auto=format&fit=crop&q=80
tt1562871,Ra.One,2011,2010s-2023,"Action, Adventure, Sci-Fi",145 min,145,Family Ties,Mind-bending & Epic,Medium,High,7.0,"When the titular antagonist of an action game takes on physical form, it's only the game's less powerful protagonist who can save his creator's family.",Anubhav Sinha,"Shah Rukh Khan, Arjun Rampal, Kareena Kapoor, Shahana Goswami",https://images.unsplash.com/photo-1489599849927-2ee91cede3ba?w=600&auto=format&fit=crop&q=80
tt10028196,Laal Singh Chaddha,2022,2010s-2023,"Comedy, Drama, Romance",181 min,181,"Romantic Love, Patriotism & Honor",Feel-good,Medium,Low,7.2,"The story of Laal Singh Chaddha, a simple man whose extraordinary journey will fill you with love, warmth and happiness.",Advait Chandan,"Aamir Khan, Ahmad Ibn Umar, Kareena Kapoor, Hafsa Ashraf",https://images.unsplash.com/photo-1489599849927-2ee91cede3ba?w=600&auto=format&fit=crop&q=80
tt1285241,Don 2,2011,2010s-2023,"Action, Crime, Thriller",154 min,154,Family Ties,Tense & Thrilling,Medium,Medium,7.6,"Don turns himself in and escapes with Vardhaan from prison, following which he recruits a team to steal currency printing plates from a bank in Berlin.",Farhan Akhtar,"Shah Rukh Khan, Florian Lukas, Om Puri, Priyanka Chopra Jonas",https://images.unsplash.com/photo-1489599849927-2ee91cede3ba?w=600&auto=format&fit=crop&q=80
tt15654262,Chup,2022,2010s-2023,"Crime, Drama, Mystery",154 min,154,"Revenge, Crime & Justice",Tense & Thrilling,Medium,High,7.5,A crime thriller in which police are on the hunt for a killer who is targeting film critics.,R. Balki,"Dulquer Salmaan, Shreya Dhanwanthary, Sunny Deol, Pooja Bhatt",https://images.unsplash.com/photo-1489599849927-2ee91cede3ba?w=600&auto=format&fit=crop&q=80
tt0172684,Kuch Kuch Hota Hai,1998,90s (1990-1999),"Comedy, Drama, Musical",167 min,167,"Friendship, Romantic Love, Family Ties",Feel-good,Medium,Low,7.6,"During their college years, Anjali was in love with her best-friend Rahul, but he had eyes only for Tina. Years later, Rahul and the now-deceased Tina's eight-year-old daughter attempts to reunite her father and Anjali.",Karan Johar,"Shah Rukh Khan, Kajol, Rani Mukerji, Sana Saeed",https://images.unsplash.com/photo-1489599849927-2ee91cede3ba?w=600&auto=format&fit=crop&q=80
tt0461936,Don,2006,2000s,"Action, Crime, Thriller",152 min,152,"Revenge, Crime & Justice",Tense & Thrilling,Medium,Medium,8.0,"Vijay is recruited by a police officer to masquerade as his lookalike Don, the leader of an international gang of smugglers. Things go wrong when the officer is killed and Vijay is left to fend for himself.",Farhan Akhtar,"Shah Rukh Khan, Priyanka Chopra Jonas, Arjun Rampal, Isha Koppikar",https://images.unsplash.com/photo-1489599849927-2ee91cede3ba?w=600&auto=format&fit=crop&q=80
tt0238936,Devdas,2002,2000s,"Drama, Musical, Romance",147 min,147,"Romantic Love, Family Ties",Heartwarming,Medium,Low,7.1,"After his wealthy family prohibits him from marrying the woman he is in love with, Devdas Mukherjee's life spirals further and further out of control as he takes up alcohol and a life of vice to numb the pain.",Sanjay Leela Bhansali,"Shah Rukh Khan, Aishwarya Rai Bachchan, Madhuri Dixit, Jackie Shroff",https://images.unsplash.com/photo-1489599849927-2ee91cede3ba?w=600&auto=format&fit=crop&q=80
tt8130968,Badla,2019,2010s-2023,"Crime, Drama, Mystery",148 min,148,Romantic Love,Tense & Thrilling,Medium,High,7.2,A dynamic young entrepreneur finds herself locked in a hotel room with the corpse of her dead lover. She hires a prestigious lawyer to defend her and they work together to figure out what actually happened.,Sujoy Ghosh,"Amitabh Bachchan, Taapsee Pannu, Amrita Singh, Antonio Aakeel",https://images.unsplash.com/photo-1489599849927-2ee91cede3ba?w=600&auto=format&fit=crop&q=80
tt11905536,Gumraah,2023,2010s-2023,"Action, Crime, Drama",169 min,169,"Revenge, Crime & Justice",Adrenaline Rush,High,High,7.7,The murder investigation of a young man takes an unexpected turn when the cops discover that the prime suspect has a lookalike.,Vardhan Ketkar,"Aditya Roy Kapoor, Mrunal Thakur, Ronit Roy, Vedika Pinto",https://images.unsplash.com/photo-1489599849927-2ee91cede3ba?w=600&auto=format&fit=crop&q=80
tt2350496,The Lunchbox,2013,2010s-2023,"Drama, Romance",183 min,183,"Human Conflict, Life Lessons",Heartwarming,Medium,Low,6.7,A mistaken delivery in Mumbai's famously efficient lunchbox delivery system connects a young housewife to an older man in the dusk of his life as they build a fantasy world together through notes in the lunchbox.,Ritesh Batra,"Irrfan Khan, Nimrat Kaur, Nawazuddin Siddiqui, Lillete Dubey",https://images.unsplash.com/photo-1489599849927-2ee91cede3ba?w=600&auto=format&fit=crop&q=80
tt15576460,Zara Hatke Zara Bachke,2023,2010s-2023,"Comedy, Drama, Family",182 min,182,Family Ties,Feel-good,Medium,Low,6.5,"Kapil and Somya are a happily married couple from Indore who live in a joint family and decide to get a divorce one fine day. Things don't go as planned as their family gets to know of it, and thus begins a comedy of errors.",Laxman Utekar,"Vicky Kaushal, Sara Ali Khan, Inaamulhaq, Sushmita Mukherjee",https://images.unsplash.com/photo-1489599849927-2ee91cede3ba?w=600&auto=format&fit=crop&q=80
tt0891592,Street Fighter: The Legend of Chun-Li,2009,2000s,"Action, Crime, Fantasy",139 min,139,"Family Ties, Crime & Justice",Adrenaline Rush,Medium,Medium,7.7,"When a child, Chun-Li sees her father being captured by wealthy gangster Bison. When she grows up, she goes into a quest for justice and bring down the criminal organization Shadaloo which is led by Bison.",Andrzej Bartkowiak,"Kristin Kreuk, Neal McDonough, Michael Clarke Duncan, Chris Klein",https://images.unsplash.com/photo-1489599849927-2ee91cede3ba?w=600&auto=format&fit=crop&q=80
tt13334578,Ganapath,2023,2010s-2023,"Action, Drama, Sci-Fi",165 min,165,Revenge,Mind-bending & Epic,Medium,High,7.7,"In a dystopian future, Ganapath, a relentless and skilled vigilante, embarks on a mission to dismantle a powerful criminal empire that has gripped the city in fear, Ganapath becomes a symbol of hope for the oppressed in which leads dark.",Vikas Bahl,"Tiger Shroff, Himanshu Jaykar, Kriti Sanon, Amitabh Bachchan",https://images.unsplash.com/photo-1489599849927-2ee91cede3ba?w=600&auto=format&fit=crop&q=80
tt12735488,Kalki 2898-AD,2024,2024-Latest,"Action, Drama, Fantasy",157 min,157,"Courage, Heroism",Mind-bending & Epic,Medium,Low,7.1,"A modern-day avatar of Vishnu, a Hindu god, who is believed to have descended to earth to protect the world from evil forces.",Nag Ashwin,"Deepika Padukone, Amitabh Bachchan, Dulquer Salmaan, Disha Patani",https://images.unsplash.com/photo-1489599849927-2ee91cede3ba?w=600&auto=format&fit=crop&q=80
tt0347304,Kal Ho Naa Ho,2003,2000s,"Comedy, Drama, Musical",177 min,177,"Friendship, Romantic Love, Secrets & Deception",Feel-good,Medium,Low,6.5,"Naina, an introverted, perpetually depressed girl's life changes when she meets Aman. But Aman has a secret of his own which changes their lives forever. Embroiled in all this is Rohit, Naina's best friend who conceals his love for her.",Nikkhil Advani,"Preity G Zinta, Shah Rukh Khan, Saif Ali Khan, Jaya Bachchan",https://images.unsplash.com/photo-1489599849927-2ee91cede3ba?w=600&auto=format&fit=crop&q=80
tt0361411,Bride & Prejudice,2004,2000s,"Comedy, Drama, Musical",156 min,156,Family Ties,Feel-good,Medium,Low,7.7,"A modern adaptation of Jane Austen's classic novel, Pride and Prejudice, that features the lives of four unmarried daughters in an Indian family.",Gurinder Chadha,"Martin Henderson, Aishwarya Rai Bachchan, Nadira Babbar, Anupam Kher",https://images.unsplash.com/photo-1489599849927-2ee91cede3ba?w=600&auto=format&fit=crop&q=80
tt6571548,The White Tiger,2021,2010s-2023,"Crime, Drama",137 min,137,"Human Conflict, Life Lessons",Deep & Emotional,Medium,Medium,8.1,An ambitious Indian driver uses his wit and cunning to escape from poverty and rise to the top. An epic journey based on the New York Times bestseller.,Ramin Bahrani,"Adarsh Gourav, Rajkummar Rao, Priyanka Chopra Jonas, Vedant Sinha",https://images.unsplash.com/photo-1489599849927-2ee91cede3ba?w=600&auto=format&fit=crop&q=80
tt27989067,Lust Stories 2,2023,2010s-2023,"Drama, Romance",165 min,165,Romantic Love,Heartwarming,Medium,Low,8.2,"Four eminent Indian directors explore sex, desire and love through short films in this sequel to 2018's Emmy-nominated ""Lust Stories"".","R. Balki, Sujoy Ghosh, Amit Ravindernath Sharma, Konkona Sen Sharma","Tamannaah Bhatia, Vijay Varma, Neena Gupta, Mrunal Thakur",https://images.unsplash.com/photo-1489599849927-2ee91cede3ba?w=600&auto=format&fit=crop&q=80
tt3735246,Bajirao Mastani,2015,2010s-2023,"Action, Drama, History",150 min,150,Romantic Love,Inspiring,Medium,Low,8.0,"An account of the romance between the Maratha general, Baji Rao I and Mastani, princess of Bundelkhand.",Sanjay Leela Bhansali,"Ranveer Singh, Deepika Padukone, Priyanka Chopra Jonas, Tanvi Azmi",https://images.unsplash.com/photo-1489599849927-2ee91cede3ba?w=600&auto=format&fit=crop&q=80
tt0195002,Kaun?,1999,90s (1990-1999),"Mystery, Thriller",139 min,139,Revenge,Tense & Thrilling,Medium,High,8.2,"While alone in the house, a woman hears news of serial killer on the loose. And then a stranger rings the doorbell...",Ram Gopal Varma,"Urmila Matondkar, Manoj Bajpayee, Sushant Singh",https://images.unsplash.com/photo-1489599849927-2ee91cede3ba?w=600&auto=format&fit=crop&q=80
tt5946128,Dear Zindagi,2016,2010s-2023,"Drama, Romance",174 min,174,"Human Conflict, Life Lessons",Heartwarming,Medium,Low,8.1,"Kaira is a budding cinematographer in search of a perfect life. Her encounter with Jug, an unconventional thinker, helps her gain a new perspective on life. She discovers that happiness is all about finding comfort in life's imperfections.",Gauri Shinde,"Alia Bhatt, Shah Rukh Khan, Kunal Kapoor, Priyanka Moodley",https://images.unsplash.com/photo-1489599849927-2ee91cede3ba?w=600&auto=format&fit=crop&q=80
tt9052870,Chhichhore,2019,2010s-2023,"Comedy, Drama, Romance",176 min,176,Friendship,Feel-good,Medium,Low,7.9,"A tragic incident forces Anirudh, a middle-aged man, to take a trip down memory lane and reminisce his college days along with his friends, who were labelled as losers.",Nitesh Tiwari,"Sushant Singh Rajput, Shraddha Kapoor, Varun Sharma, Prateik Patil Babbar",https://images.unsplash.com/photo-1489599849927-2ee91cede3ba?w=600&auto=format&fit=crop&q=80
tt15145764,Freddy,2022,2010s-2023,"Drama, Mystery, Romance",148 min,148,"Romantic Love, Secrets & Deception",Tense & Thrilling,Medium,High,7.2,The lines between love and obsession blur in this romantic thriller packed with unpredictable twists and sharp turns.,Shashanka Ghosh,"Kartik Aaryan, Alaya F, Karan Pandit, Sajjad Delafrooz",https://images.unsplash.com/photo-1489599849927-2ee91cede3ba?w=600&auto=format&fit=crop&q=80
tt2178470,Yeh Jawaani Hai Deewani,2013,2010s-2023,"Comedy, Drama, Musical",164 min,164,Ambition & Triumph,Feel-good,Medium,Low,7.7,"Kabir and Naina bond during a trekking trip. Before Naina can express herself, Kabir leaves India to pursue his career. They meet again years later, but he still cherishes his dreams more than bonds.",Ayan Mukerji,"Ranbir Kapoor, Deepika Padukone, Aditya Roy Kapoor, Kalki Koechlin",https://images.unsplash.com/photo-1489599849927-2ee91cede3ba?w=600&auto=format&fit=crop&q=80
tt7142506,Sir,2018,2010s-2023,"Drama, Romance",180 min,180,"Romantic Love, Ambition & Triumph",Heartwarming,Medium,Low,7.5,"A prosperous young Indian man falls in love with his servant, a widow with the dream of becoming a fashion designer.",Rohena Gera,"Tillotama Shome, Vivek Gomber, Geetanjali Kulkarni, Rahul Vohra",https://images.unsplash.com/photo-1489599849927-2ee91cede3ba?w=600&auto=format&fit=crop&q=80
tt14295590,Mrs. Chatterjee vs. Norway,2023,2010s-2023,"Biography, Drama",181 min,181,Family Ties,Inspiring,Medium,Medium,7.2,An immigrant Indian mother's battle against the Norwegian foster care system and local legal machinery to win back the custody of her children.,Ashima Chibber,"Rani Mukerji, Jim Sarbh, Bodhisattwa Majumdar, Saswati Guhathakurta",https://images.unsplash.com/photo-1489599849927-2ee91cede3ba?w=600&auto=format&fit=crop&q=80
tt0374887,Munna Bhai M.B.B.S.,2003,2000s,"Comedy, Drama",151 min,151,"Family Ties, Crime & Justice, Ambition & Triumph",Feel-good,Medium,Low,7.3,A gangster sets out to fulfill his father's dream of becoming a doctor.,Rajkumar Hirani,"Sanjay Dutt, Arshad Warsi, Gracy Singh, Boman Irani",https://images.unsplash.com/photo-1489599849927-2ee91cede3ba?w=600&auto=format&fit=crop&q=80
tt3495026,Fan,2016,2010s-2023,"Action, Drama, Thriller",140 min,140,Romantic Love,Tense & Thrilling,Medium,Medium,8.2,Gaurav's world revolves around the superstar Aryan Khanna. What happens when his passion turns into a dangerous obsession that crosses the fine line?,Maneesh Sharma,"Shah Rukh Khan, Shriya Pilgaonkar, Sayani Gupta, Waluscha D'Souza",https://images.unsplash.com/photo-1489599849927-2ee91cede3ba?w=600&auto=format&fit=crop&q=80
tt28540171,Welcome to the Jungle,2024,2024-Latest,,141 min,141,Crime & Justice,Deep & Emotional,Medium,Low,7.1,Police officers Jay Bakshi and Sandhya have been given task to track down notorious criminal Raj Solanki. Things take an unexpected turn when JaY finds out that Raj plays a significant role in his life.,Ahmed Khan,"Akshay Kumar, Sanjay Dutt, Disha Patani, Jacqueline Fernandez",https://images.unsplash.com/photo-1489599849927-2ee91cede3ba?w=600&auto=format&fit=crop&q=80
tt6148156,Vikram Vedha,2017,2010s-2023,"Action, Crime, Drama",153 min,153,"Revenge, Crime & Justice",Adrenaline Rush,High,Medium,7.9,"Vikram, a no-nonsense police officer, accompanied by Simon, his partner, is on the hunt to capture Vedha, a smuggler and a murderer. Vedha tries to change Vikram's life, which leads to a conflict.","Gayatri, Pushkar, Gowtham Selvaraj","Madhavan, Vijay Sethupathi, Shraddha Srinath, Kathir",https://images.unsplash.com/photo-1489599849927-2ee91cede3ba?w=600&auto=format&fit=crop&q=80
tt0169102,Lagaan: Once Upon a Time in India,2001,2000s,"Drama, Musical, Sport",180 min,180,"Human Conflict, Life Lessons",Deep & Emotional,Medium,Low,6.7,The people of a small village in Victorian India stake their future on a game of cricket against their ruthless British rulers.,Ashutosh Gowariker,"Aamir Khan, Raghubir Yadav, Gracy Singh, Rachel Shelley",https://images.unsplash.com/photo-1489599849927-2ee91cede3ba?w=600&auto=format&fit=crop&q=80
tt28282716,Trial Period,2023,2010s-2023,"Comedy, Drama",129 min,129,Family Ties,Feel-good,Medium,Low,7.6,A working single mother's world turns upside down when her inquisitive son demands a new papa on a 30-day 'Trial Period'.,Aleya Sen,"Genelia Deshmukh, Manav Kaul, Shakti Kapoor, Sheeba Chaddha",https://images.unsplash.com/photo-1489599849927-2ee91cede3ba?w=600&auto=format&fit=crop&q=80
tt18413766,Kathal: A Jackfruit Mystery,2023,2010s-2023,"Comedy, Crime, Drama",142 min,142,Crime & Justice,Deep & Emotional,Medium,Medium,7.2,A local politician whose prized jackfruits go missing and a young police officer who is adamant to solve this bizarre case to prove herself.,Yashowardhan Mishra,"Sanya Malhotra, Joshi Anantvijay, Vijay Raaz, Rajpal Naurang Yadav",https://images.unsplash.com/photo-1489599849927-2ee91cede3ba?w=600&auto=format&fit=crop&q=80
tt10280296,Sardar Udham,2021,2010s-2023,"Biography, Crime, Drama",169 min,169,"Human Conflict, Life Lessons",Inspiring,Medium,Medium,7.9,"A biopic detailing the 2 decades that Punjabi Sikh revolutionary, Udham Singh, spent planning the assassination of the man responsible for the Jallianwala Bagh massacre.",Shoojit Sircar,"Vicky Kaushal, Shaun Scott, Stephen Hogan, Amol Parashar",https://images.unsplash.com/photo-1489599849927-2ee91cede3ba?w=600&auto=format&fit=crop&q=80
tt3679040,Kisi Ka Bhai Kisi Ki Jaan,2023,2010s-2023,"Action, Comedy, Drama",156 min,156,Family Ties,Feel-good,Medium,Low,7.6,"The eldest brother refuses to marry since he believes it may create disharmony in his big family. His brothers, who've already found partners, come together to find a match for him.",Farhad Samji,"Salman Khan, Pooja Hegde, Venkatesh Daggubati, Jagapathi Babu",https://images.unsplash.com/photo-1489599849927-2ee91cede3ba?w=600&auto=format&fit=crop&q=80
tt15134398,King of Kotha,2023,2010s-2023,"Action, Drama, Thriller",161 min,161,"Revenge, Crime & Justice",Tense & Thrilling,Medium,Medium,8.0,"In a crime-infested town, Kannan bhai and his gang are the reigning powers. To combat this reign and seek revenge, Inspector Shahul tactfully plots the return of the 'King', leading to a transformative turn of events.",Abhilash Joshiy,"Dulquer Salmaan, Aishwarya Lekshmi, Soubin Shahir, Ritika Singh",https://images.unsplash.com/photo-1489599849927-2ee91cede3ba?w=600&auto=format&fit=crop&q=80
tt2016894,Ek Tha Tiger,2012,2010s-2023,"Action, Adventure, Romance",159 min,159,"Romantic Love, Crime & Justice, Patriotism & Honor",Deep & Emotional,Medium,Low,7.7,India's top spy Tiger and his love Zoya battle the dark world of intelligence and espionage that forbids its soldiers from loving the enemy.,"Mathur Goswami, Kabir Khan","Salman Khan, Katrina Kaif, Girish Karnad, Roshan Seth",https://images.unsplash.com/photo-1489599849927-2ee91cede3ba?w=600&auto=format&fit=crop&q=80
tt13130760,HIT: The First Case,2022,2010s-2023,"Action, Crime, Drama",152 min,152,"Crime & Justice, Secrets & Deception",Adrenaline Rush,Medium,Medium,8.2,"Vikram is a 32-year-old cop. While he is battling with his own traumatic past, the stakes get high when a girl called Preethi mysteriously disappears in Hyderabad and Vikram has to solve the case at any cost.",Sailesh Kolanu,"Rajkummar Rao, Sanya Malhotra, Akhil Iyer, Jatin Goswami",https://images.unsplash.com/photo-1489599849927-2ee91cede3ba?w=600&auto=format&fit=crop&q=80
tt11976134,Singham Again,2024,2024-Latest,Drama,158 min,158,"Human Conflict, Life Lessons",Deep & Emotional,Medium,Low,7.4,Plot under wraps.,Rohit Shetty,"Kareena Kapoor, Deepika Padukone, Akshay Kumar, Ranveer Singh",https://images.unsplash.com/photo-1489599849927-2ee91cede3ba?w=600&auto=format&fit=crop&q=80
tt2555736,The Second Best Exotic Marigold Hotel,2015,2010s-2023,"Comedy, Drama, Romance",165 min,165,"Family Ties, Ambition & Triumph",Feel-good,Medium,Low,7.1,"As the Best Exotic Marigold Hotel has only a single remaining vacancy, posing a rooming predicament for two fresh arrivals, Sonny Kapoor (Dev Patel) pursues his expansionist dream of opening a second hotel.",John Madden,"Judi Dench, Maggie Smith, Bill Nighy, Dev Patel",https://images.unsplash.com/photo-1489599849927-2ee91cede3ba?w=600&auto=format&fit=crop&q=80
tt0112870,Dilwale Dulhania Le Jayenge,1995,90s (1990-1999),"Drama, Romance",189 min,189,"Tradition vs Modern Love, Family Honor, Romance, Cross-continental Journey",Romantic & Feel-good,Medium,Low,8.0,"When Raj meets Simran in Europe, it isn't love at first sight but when Simran moves to India for an arranged marriage, love makes its presence felt.",Aditya Chopra,"Shah Rukh Khan, Kajol, Amrish Puri, Farida Jalal",https://m.media-amazon.com/images/M/MV5BMDQ2ZmE2NTMtZDE3NC00YzFjLWJlZDYtNDE0ZWM2ZGUzOTNkXkEyXkFqcGc@._V1_FMjpg_UX1000_.jpg
tt28259207,Kill,2023,2010s-2023,"Action, Adventure, Drama",138 min,138,Patriotism & Honor,Deep & Emotional,Medium,Low,7.0,Follows a passenger on a train to New Delhi. The train soon becomes a combat battleground as a pair of commandos face an army of invading bandits.,Nikhil Nagesh Bhat,"Lakshya, Raghav Juyal, Tanya Maniktala, Abhishek Chauhan",https://images.unsplash.com/photo-1489599849927-2ee91cede3ba?w=600&auto=format&fit=crop&q=80
tt7700730,October,2018,2010s-2023,"Drama, Romance",161 min,161,Romantic Love,Heartwarming,Medium,Low,7.9,A group of interns are going through the usual grind when suddenly an accident changes their lives. The protagonist can't get let go of it and becomes obsessed with it. What does it all lead to? Is it love or something else?,"Shoojit Sircar, Kuran Dhillon","Varun Dhawan, Banita Sandhu, Gitanjali Rao, Sahil Vedoliyaa",https://images.unsplash.com/photo-1489599849927-2ee91cede3ba?w=600&auto=format&fit=crop&q=80
tt15600222,An Action Hero,2022,2010s-2023,"Action, Comedy, Crime",168 min,168,"Courage, Heroism",Adrenaline Rush,Medium,Medium,7.2,"Youth Icon. Superstar. Action Hero. At the age of just 30, Maanav was at the peak of his career when he got caught up in an accident while filming in Haryana. Maanav, who was once a household name, is now living in hiding.",Anirudh Iyer,"Ayushmann Khurrana, Jaideep Ahlawat, Neeraj Madhav, Gautam Joglekar",https://images.unsplash.com/photo-1489599849927-2ee91cede3ba?w=600&auto=format&fit=crop&q=80
tt23554840,The Vaccine War,2023,2010s-2023,"Drama, Thriller",159 min,159,"Human Conflict, Life Lessons",Tense & Thrilling,Medium,Medium,6.8,"Based on India's battle against Covid-19, and the efforts the medical department took to overcome the global crisis.",Vivek Agnihotri,"Nivedita Bhattacharya, Anupam Kher, Girija Oak, Nana Patekar",https://images.unsplash.com/photo-1489599849927-2ee91cede3ba?w=600&auto=format&fit=crop&q=80
tt1093370,Jab We Met,2007,2000s,"Comedy, Drama, Romance",145 min,145,"Humor, Misunderstandings",Feel-good,Medium,Low,7.0,A depressed wealthy businessman finds his life changing after he meets a spunky and care-free young woman.,Imtiaz Ali,"Shahid Kapoor, Kareena Kapoor, Tarun Arora, Dara Singh Randhawa",https://images.unsplash.com/photo-1489599849927-2ee91cede3ba?w=600&auto=format&fit=crop&q=80
tt7838252,K.G.F: Chapter 1,2018,2010s-2023,"Action, Crime, Drama",163 min,163,Crime & Justice,Adrenaline Rush,Medium,Medium,7.4,"In the 1970s, a gangster named Rocky goes undercover as a slave to assassinate the owner of a notorious gold mine known as the K.G.F.",Prashanth Neel,"Yash, Srinidhi Shetty, Ramachandra Raju, Archana Jois",https://images.unsplash.com/photo-1489599849927-2ee91cede3ba?w=600&auto=format&fit=crop&q=80
tt10895576,Mimi,2021,2010s-2023,"Comedy, Drama",126 min,126,Family Ties,Feel-good,Medium,Low,7.0,Mimi is introduced by Bhanu to an American couple as a surrogate in exchange for Rs 2 million. She decides to have the baby even when they change their mind and tells her parent that Bhanu is the father.,"Rajesh Bhatia, Laxman Utekar","Kriti Sanon, Evelyn Edwards, Pankaj Tripathi, Sai Tamhankar",https://images.unsplash.com/photo-1489599849927-2ee91cede3ba?w=600&auto=format&fit=crop&q=80
tt15832148,Afwaah,2023,2010s-2023,"Drama, Thriller",151 min,151,"Human Conflict, Life Lessons",Tense & Thrilling,Medium,Medium,6.8,An advertising professional and a political heiress whose lives are upended by a viral social media rumour.,Sudhir Mishra,"Nawazuddin Siddiqui, T.J. Bhanu, Bhumi Pednekar, Eisha Chopra",https://images.unsplash.com/photo-1489599849927-2ee91cede3ba?w=600&auto=format&fit=crop&q=80
tt13130308,Godfather,2022,2010s-2023,"Action, Crime, Drama",147 min,147,"Courage, Heroism",Adrenaline Rush,High,Medium,7.9,"After the death of a political leader, a mysterious man steps in to ascend the throne.",Mohan Raja,"Chiranjeevi, Salman Khan, Nayanthara, Satyadev Kancharana",https://images.unsplash.com/photo-1489599849927-2ee91cede3ba?w=600&auto=format&fit=crop&q=80
tt8011276,Laila Majnu,2018,2010s-2023,"Drama, Romance",153 min,153,Romantic Love,Heartwarming,Medium,Low,7.2,"Taking the leap out of the classic folklore, the story is set in today's time in Kashmir where Laila Majnu have problems relevant to the youth of today. While dealing with their feuding families a passionate love story unravels.",Sajid Ali,"Avinash Tiwary, Triptii Dimri, Sumit Kaul, Abrar Qazi",https://images.unsplash.com/photo-1489599849927-2ee91cede3ba?w=600&auto=format&fit=crop&q=80
tt1166100,Ghajini,2008,2000s,"Action, Drama, Mystery",158 min,158,"Revenge, Romantic Love",Tense & Thrilling,High,High,8.3,A short-term memory loss patient goes on a killing spree in order to avenge the death of his ladylove.,A.R. Murugadoss,"Aamir Khan, Asin Thottumkal, Jiah Khan, Aamir Naik",https://images.unsplash.com/photo-1489599849927-2ee91cede3ba?w=600&auto=format&fit=crop&q=80
tt5997666,Jab Harry Met Sejal,2017,2010s-2023,"Comedy, Drama, Romance",179 min,179,"Humor, Misunderstandings",Feel-good,Medium,Low,7.0,A depressed middle-aged tour guide who lives in his own bubble gets another chance to experience and face reality through a chirpy girl.,Imtiaz Ali,"Shah Rukh Khan, Anushka Sharma, Björn Freiberg, Bruce Huther",https://images.unsplash.com/photo-1489599849927-2ee91cede3ba?w=600&auto=format&fit=crop&q=80
tt2082197,Barfi!,2012,2010s-2023,"Comedy, Drama, Romance",172 min,172,Romantic Love,Feel-good,Medium,Low,8.2,Three young people learn that love can neither be defined nor contained by society's definition of normal and abnormal.,Anurag Basu,"Ranbir Kapoor, Priyanka Chopra Jonas, Ileana D'Cruz, Saurabh Shukla",https://images.unsplash.com/photo-1489599849927-2ee91cede3ba?w=600&auto=format&fit=crop&q=80
tt1266583,Mumbai Meri Jaan,2008,2000s,Drama,131 min,131,"Human Conflict, Life Lessons",Deep & Emotional,Medium,Low,7.5,"A moving portrayal of the 2006 train bombings in Mumbai, this Indian drama follows the interconnected stories of several strangers.",Nishikant Kamat,"Paresh Rawal, Kay Kay Menon, Irrfan Khan, Madhavan",https://images.unsplash.com/photo-1489599849927-2ee91cede3ba?w=600&auto=format&fit=crop&q=80
tt7212754,Ludo,2020,2010s-2023,"Action, Comedy, Crime",140 min,140,"Courage, Heroism",Adrenaline Rush,Medium,Medium,8.2,"From a resurfaced sex tape to a rogue suitcase of money, four wildly different stories overlap at the whims of fate, chance and one eccentric criminal.",Anurag Basu,"Pankaj Tripathi, Abhishek Bachchan, Rajkummar Rao, Fatima Sana Shaikh",https://images.unsplash.com/photo-1489599849927-2ee91cede3ba?w=600&auto=format&fit=crop&q=80
tt3390572,Haider,2014,2010s-2023,"Action, Crime, Drama",142 min,142,"Family Ties, Secrets & Deception",Adrenaline Rush,Medium,Medium,7.1,"A young man returns to Kashmir after his father's disappearance to confront his uncle, whom he suspects of playing a role in his father's fate.",Vishal Bhardwaj,"Shahid Kapoor, Tabu, Shraddha Kapoor, Kay Kay Menon",https://images.unsplash.com/photo-1489599849927-2ee91cede3ba?w=600&auto=format&fit=crop&q=80
tt13131232,Mission Majnu,2023,2010s-2023,"Action, Drama, History",149 min,149,Crime & Justice,Inspiring,Medium,Low,7.7,"In the 1970s, an undercover Indian spy takes on a deadly mission to expose a covert nuclear weapons program in the heart of Pakistan.",Shantanu Bagchi,"Sidharth Malhotra, Rashmika Mandanna, Parmeet Sethi, Zakir Hussain",https://images.unsplash.com/photo-1489599849927-2ee91cede3ba?w=600&auto=format&fit=crop&q=80
tt1787988,Talaash,2012,2010s-2023,"Crime, Drama, Mystery",141 min,141,"Revenge, Romantic Love",Tense & Thrilling,High,High,6.7,"Inspector Surjan Shekhawat, who is dealing with a depressing past, has to investigate a high profile murder case, deal with his crumbling marriage and use the help and solace of a prostitute by the name of Rosie.","Reema Kagti, Priyamvada Narayanan","Aamir Khan, Kareena Kapoor, Rani Mukerji, Nawazuddin Siddiqui",https://images.unsplash.com/photo-1489599849927-2ee91cede3ba?w=600&auto=format&fit=crop&q=80
tt4559006,Ae Dil Hai Mushkil,2016,2010s-2023,"Drama, Music, Musical",183 min,183,Romantic Love,Deep & Emotional,Medium,Low,6.6,"This story explores love - the shapes it takes, the ways it changes us and the exhilarating and often terrifying ride it takes us on. It is the journey of two characters, Alizeh and Ayan, as they navigate life, love and heartbreak.",Karan Johar,"Ranbir Kapoor, Aishwarya Rai Bachchan, Anushka Sharma, Fawad Khan",https://images.unsplash.com/photo-1489599849927-2ee91cede3ba?w=600&auto=format&fit=crop&q=80
tt1280558,A Wednesday,2008,2000s,"Action, Crime, Drama",154 min,154,Crime & Justice,Adrenaline Rush,Medium,Medium,7.8,A retiring police officer reminisces about the most astounding day of his career. About a case that was never filed but continues to haunt him in his memories - the case of a man and a Wednesday.,Neeraj Pandey,"Anupam Kher, Naseeruddin Shah, Veerendra Saxena, Mahesh Kanual",https://images.unsplash.com/photo-1489599849927-2ee91cede3ba?w=600&auto=format&fit=crop&q=80
tt5638474,Wajah Tum Ho,2016,2010s-2023,"Drama, Mystery, Romance",162 min,162,"Revenge, Secrets & Deception",Tense & Thrilling,High,High,7.0,People get entangled in a mystery when a murder is committed on live television.,Vishal Pandya,"Sharman Joshi, Sana Khan, Gurmeet Choudhary, Rajneesh Duggal",https://images.unsplash.com/photo-1489599849927-2ee91cede3ba?w=600&auto=format&fit=crop&q=80
tt7098658,Raazi,2018,2010s-2023,"Action, Drama, Thriller",145 min,145,"Crime & Justice, Patriotism & Honor",Tense & Thrilling,Medium,Medium,6.8,A Kashmiri woman agrees to marry a Pakistani army officer in order to spy on Pakistan during the Indo-Pakistan War of 1971.,Meghna Gulzar,"Alia Bhatt, Vicky Kaushal, Rajit Kapoor, Shishir Sharma",https://images.unsplash.com/photo-1489599849927-2ee91cede3ba?w=600&auto=format&fit=crop&q=80
tt0292490,Dil Chahta Hai,2001,2000s,"Comedy, Drama, Romance",169 min,169,"Friendship, Romantic Love",Feel-good,Medium,Low,7.7,"Three inseparable childhood friends are just out of college. Nothing comes between them - until they each fall in love, and their wildly different approaches to relationships creates tension.",Farhan Akhtar,"Aamir Khan, Saif Ali Khan, Akshaye Khanna, Preity G Zinta",https://images.unsplash.com/photo-1489599849927-2ee91cede3ba?w=600&auto=format&fit=crop&q=80
tt13781794,Bye2,2020,2010s-2023,"Drama, Romance",152 min,152,"Human Conflict, Life Lessons",Heartwarming,Medium,Low,7.2,"Story of boy and girl, how relationships change over a period of life and how hard is to say Bye sometimes when you want to end the relationship.",Tanveer Hashmi,"Bhushan, Karan, Vipin Singh, Shreya Tyagi",https://images.unsplash.com/photo-1489599849927-2ee91cede3ba?w=600&auto=format&fit=crop&q=80
tt14152140,Darlings,2022,2010s-2023,"Comedy, Drama, Thriller",148 min,148,Romantic Love,Feel-good,Medium,Medium,7.1,It follows the lives of two women as they find courage and love in exceptional circumstances.,Jasmeet K Reen,"Alia Bhatt, Shefali Shah, Vijay Varma, Roshan Mathew",https://images.unsplash.com/photo-1489599849927-2ee91cede3ba?w=600&auto=format&fit=crop&q=80
tt11460992,Runway 34,2022,2010s-2023,"Drama, Thriller",148 min,148,"Human Conflict, Life Lessons",Tense & Thrilling,Medium,Medium,6.9,"Inspired by true incidents, ""Runway 34"" revolves around Captain Vikrant Khanna played by Ajay Devgn, a flying prodigy, whose flight takes a mysterious course after take-off from an international destination.",Ajay Devgn,"Ajay Devgn, Amitabh Bachchan, Rakul Preet Singh, CarryMinati",https://images.unsplash.com/photo-1489599849927-2ee91cede3ba?w=600&auto=format&fit=crop&q=80
tt4635372,Masaan,2015,2010s-2023,Drama,150 min,150,Family Ties,Deep & Emotional,Medium,Low,7.2,"Along India's Ganges River, four people face prejudice, a strict moral code and a punishing caste system as they confront personal tragedies.",Neeraj Ghaywan,"Richa Chadha, Sanjay Mishra, Vicky Kaushal, Pankaj Tripathi",https://images.unsplash.com/photo-1489599849927-2ee91cede3ba?w=600&auto=format&fit=crop&q=80
tt6452574,Sanju,2018,2010s-2023,"Biography, Comedy, Drama",151 min,151,Family Ties,Feel-good,Medium,Medium,6.9,"Biopic of the controversial life of actor Sanjay Dutt: his film career, jail sentence, and personal life.",Rajkumar Hirani,"Ranbir Kapoor, Paresh Rawal, Manisha Koirala, Vicky Kaushal",https://images.unsplash.com/photo-1489599849927-2ee91cede3ba?w=600&auto=format&fit=crop&q=80
tt16077702,Govinda Naam Mera,2022,2010s-2023,"Comedy, Crime, Drama",143 min,143,"Friendship, Romantic Love",Deep & Emotional,Medium,Medium,7.3,"The very charming Govinda Waghmare juggles his time and love between his wife Mrs. Waghmare and his girlfriend in this dose of chaos, confusion, and laughter.",Shashank Khaitan,"Vicky Kaushal, Kiara Advani, Bhumi Pednekar, Renuka Shahane",https://images.unsplash.com/photo-1489599849927-2ee91cede3ba?w=600&auto=format&fit=crop&q=80
tt1839596,Rockstar,2011,2010s-2023,"Drama, Music, Romance",181 min,181,"Romantic Love, Ambition & Triumph",Heartwarming,Medium,Low,7.7,"Janardhan Jakhar chases his dreams of becoming a big Rock star, during which he falls in love with Heer.",Imtiaz Ali,"Ranbir Kapoor, Nargis Fakhri, Shammi Kapoor, Kumud Mishra",https://images.unsplash.com/photo-1489599849927-2ee91cede3ba?w=600&auto=format&fit=crop&q=80
tt5690142,Mom,2017,2010s-2023,"Crime, Drama, Thriller",168 min,168,Family Ties,Tense & Thrilling,Medium,Medium,7.2,"After her daughter is sexually assaulted at a party, a furious mother sets out to destroy the lives of the four perpetrators who walked away free.",Ravi Udyawar,"Sridevi, Sajal Ali, Akshaye Khanna, Adnan Siddiqui",https://images.unsplash.com/photo-1489599849927-2ee91cede3ba?w=600&auto=format&fit=crop&q=80
tt6988116,Kalank,2019,2010s-2023,"Drama, Romance",153 min,153,Romantic Love,Heartwarming,Medium,Low,7.3,"The lives of six enigmatic characters become entangled whilst in search of love, but separated by the dichotomy between the two worlds of Husnabad, a town in North India.",Abhishek Varman,"Alia Bhatt, Kiara Advani, Sanjay Dutt, Kriti Sanon",https://images.unsplash.com/photo-1489599849927-2ee91cede3ba?w=600&auto=format&fit=crop&q=80
tt10324144,Article 15,2019,2010s-2023,"Crime, Drama, Mystery",139 min,139,Crime & Justice,Tense & Thrilling,Medium,High,7.4,"In the rural heartlands of India, an upright police officer sets out on a crusade against violent caste-based crimes and discrimination.",Anubhav Sinha,"Ayushmann Khurrana, Nassar, Manoj Pahwa, Kumud Mishra",https://images.unsplash.com/photo-1489599849927-2ee91cede3ba?w=600&auto=format&fit=crop&q=80
tt8439854,Lust Stories,2018,2010s-2023,"Drama, Romance",157 min,157,Romantic Love,Heartwarming,Medium,Low,6.8,"Four short films by four of India's biggest directors exploring love, sex and relationships in modern India.","Zoya Akhtar, Dibakar Banerjee, Karan Johar, Anurag Kashyap","Kiara Advani, Vicky Kaushal, Bhumi Pednekar, Neil Bhoopalam",https://images.unsplash.com/photo-1489599849927-2ee91cede3ba?w=600&auto=format&fit=crop&q=80
tt13130948,Shehzada,2023,2010s-2023,"Action, Comedy, Drama",158 min,158,"Romantic Love, Family Ties",Feel-good,Medium,Low,7.3,"Bantu is hated by his father Valmiki since he was a toddler. Samara, his boss, shows him affection and love until he discovers that the Jindals are his parents. Bantu decides to seek Jindals love and protect them from threats they facing.",Rohit Dhawan,"Kartik Aaryan, Kriti Sanon, Paresh Rawal, Manisha Koirala",https://images.unsplash.com/photo-1489599849927-2ee91cede3ba?w=600&auto=format&fit=crop&q=80
tt6527426,Zero,2018,2010s-2023,"Comedy, Drama, Romance",161 min,161,Family Ties,Feel-good,Medium,Low,8.0,"The story revolves around Bauua Singh (Shah Rukh Khan), a vertically challenged man, who is full of charm and wit, with a pinch of arrogance. Born to a wealthy family and raised in an environment of affluence, he is challenged to broaden his horizon and find purpose in life.",Aanand L. Rai,"Shah Rukh Khan, Anushka Sharma, Katrina Kaif, Mohd. Zeeshan Ayyub",https://images.unsplash.com/photo-1489599849927-2ee91cede3ba?w=600&auto=format&fit=crop&q=80
tt13028258,A Thursday,2022,2010s-2023,"Drama, Thriller",156 min,156,"Crime & Justice, Patriotism & Honor",Tense & Thrilling,Medium,Medium,7.7,"Naina, a playschool teacher, takes 16 students hostage. Rattling the police and the leaders, her demands send shockwaves through the country.",Behzad Khambata,"Yami Gautam, Atul Kulkarni, Neha Dhupia, Dimple Kapadia",https://images.unsplash.com/photo-1489599849927-2ee91cede3ba?w=600&auto=format&fit=crop&q=80
tt0405508,Rang De Basanti,2006,2000s,"Comedy, Crime, Drama",168 min,168,Patriotism & Honor,Deep & Emotional,Medium,Medium,7.4,"The story of six young Indians who assist an English woman to film a documentary on the freedom fighters from their past, and the events that lead them to relive the long-forgotten saga of freedom.",Rakeysh Omprakash Mehra,"Aamir Khan, Soha Ali Khan, Siddharth, Sharman Joshi",https://images.unsplash.com/photo-1489599849927-2ee91cede3ba?w=600&auto=format&fit=crop&q=80
tt9263550,Rocketry: The Nambi Effect,2022,2010s-2023,"Biography, Drama",174 min,174,Crime & Justice,Inspiring,Medium,Medium,6.8,"Based on the life of Indian Space Research Organization scientist Nambi Narayanan, who was framed for being a spy and arrested in 1994. Though free, he continues to fight for justice against the officials who falsely implicated him.",Madhavan,"Madhavan, Simran, Rajit Kapoor, Ravi Raghavendra",https://images.unsplash.com/photo-1489599849927-2ee91cede3ba?w=600&auto=format&fit=crop&q=80
tt4535650,Dilwale,2015,2010s-2023,"Action, Comedy, Drama",151 min,151,"Romantic Love, Patriotism & Honor",Feel-good,Medium,Low,7.7,"The siblings of two estranged lovers fall for each other, unaware of the violent past that drove them apart.",Rohit Shetty,"Shah Rukh Khan, Kajol, Varun Dhawan, Kriti Sanon",https://images.unsplash.com/photo-1489599849927-2ee91cede3ba?w=600&auto=format&fit=crop&q=80
tt13449624,Jug Jugg Jeeyo,2022,2010s-2023,"Comedy, Drama, Family",155 min,155,Romantic Love,Feel-good,Medium,Low,6.9,Two couples from different generations confront their issues after marriage.,Raj Mehta,"Varun Dhawan, Anil Kapoor, Kiara Advani, Neetu Singh",https://images.unsplash.com/photo-1489599849927-2ee91cede3ba?w=600&auto=format&fit=crop&q=80
tt2395469,Gully Boy,2019,2010s-2023,"Drama, Music, Romance",160 min,160,"Human Conflict, Life Lessons",Heartwarming,Medium,Low,8.1,A coming-of-age story based on the lives of street rappers in Mumbai.,Zoya Akhtar,"Ranveer Singh, Alia Bhatt, Siddhant Chaturvedi, Vijay Raaz",https://images.unsplash.com/photo-1489599849927-2ee91cede3ba?w=600&auto=format&fit=crop&q=80
tt2112124,Chennai Express,2013,2010s-2023,"Action, Comedy, Drama",149 min,149,"Family Ties, Patriotism & Honor",Feel-good,Medium,Low,6.7,A man travelling to Rameshwaram via Chennai express in order to immerse his late grandfather's ashes finds himself in trouble after helping a don's daughter and her cousins board the train.,Rohit Shetty,"Deepika Padukone, Shah Rukh Khan, Sathyaraj, Nikitin Dheer",https://images.unsplash.com/photo-1489599849927-2ee91cede3ba?w=600&auto=format&fit=crop&q=80
tt7430722,War,2019,2010s-2023,"Action, Adventure, Thriller",148 min,148,"Crime & Justice, Patriotism & Honor",Tense & Thrilling,Medium,Medium,7.5,"Indian agent Khalid goes on a mission to hunt and eliminate his former mentor, the country's top agent Kabir who has gone rogue. A deadly war begins.",Siddharth Anand,"Hrithik Roshan, Tiger Shroff, Vaani Kapoor, Ashutosh Rana",https://images.unsplash.com/photo-1489599849927-2ee91cede3ba?w=600&auto=format&fit=crop&q=80
tt10295212,Shershaah,2021,2010s-2023,"Action, Biography, Drama",168 min,168,Patriotism & Honor,Inspiring,Medium,Medium,7.8,"Shershaah is the story of PVC awardee Indian soldier Capt. Vikram Batra, whose bravery and unflinching courage in chasing the Pakistani soldiers out of Indian territory contributed immensely in India finally winning the Kargil War in 1999.",Vishnuvardhan,"Sidharth Malhotra, Kiara Advani, Shiv Panditt, Pranay Pachauri",https://images.unsplash.com/photo-1489599849927-2ee91cede3ba?w=600&auto=format&fit=crop&q=80
tt7255568,Student of the Year 2,2019,2010s-2023,"Action, Comedy, Drama",166 min,166,Friendship,Feel-good,Medium,Low,7.0,"A student must face off against bullies and overcome hurdles, both academic and romantic, to win his college's coveted Student of the Year trophy.",Punit Malhotra,"Tiger Shroff, Ananya Panday, Tara Sutaria, Aditya Seal",https://images.unsplash.com/photo-1489599849927-2ee91cede3ba?w=600&auto=format&fit=crop&q=80
tt14428598,Qala,2022,2010s-2023,"Drama, Music",163 min,163,"Family Ties, Crime & Justice",Deep & Emotional,Medium,Low,8.1,"Haunted by her past, a talented singer with a rising career copes with the pressure of success, a mother's disdain and the voices of doubt within her.",Anvita Dutt,"Triptii Dimri, Babil Khan, Swastika Mukherjee, Amit Sial",https://images.unsplash.com/photo-1489599849927-2ee91cede3ba?w=600&auto=format&fit=crop&q=80
tt4934950,Talvar,2015,2010s-2023,"Crime, Drama, Mystery",164 min,164,"Human Conflict, Life Lessons",Tense & Thrilling,Medium,High,7.7,An experienced investigator confronts several conflicting theories about the perpetrators of a violent double homicide.,Meghna Gulzar,"Irrfan Khan, Konkona Sen Sharma, Neeraj Kabi, Sohum Shah",https://images.unsplash.com/photo-1489599849927-2ee91cede3ba?w=600&auto=format&fit=crop&q=80
tt15281704,Kuttey,2023,2010s-2023,"Action, Comedy, Crime",155 min,155,Patriotism & Honor,Adrenaline Rush,Medium,Medium,7.8,"A van carrying crores of cash. One rainy night in the outskirts of Mumbai. Unaware of each other, three stray gangs cross paths on the hunt. Unfortunately, all of them have the same plan. Will they bite the bone or will they lose to greed?",Aasmaan Bhardwaj,"Tabu, Arjun Kapoor, Naseeruddin Shah, Konkona Sen Sharma",https://images.unsplash.com/photo-1489599849927-2ee91cede3ba?w=600&auto=format&fit=crop&q=80
tt26445483,Fukrey 3,2023,2010s-2023,"Comedy, Crime, Drama",159 min,159,Friendship,Deep & Emotional,Medium,Medium,7.6,The friends facing disastrously funny situations together and having each other's backs through the trenches to make it out of a new mess this time.,Mrighdeep Lamba,"Pankaj Tripathi, Farhan Akhtar, Richa Chadha, Pulkit Samrat",https://images.unsplash.com/photo-1489599849927-2ee91cede3ba?w=600&auto=format&fit=crop&q=80
tt12856788,Dangerous,2022,2010s-2023,"Action, Crime, Drama",144 min,144,Romantic Love,Adrenaline Rush,Medium,Medium,8.3,Dangerous is a story of two women who have some bad experiences with men and in due course passionately fall in love with each other. The film's story proceeds with how violently they fight...                See full summary »,Ram Gopal Varma,"Naina Ganguly, Rajpal Naurang Yadav, Mithun Purandare, Apsara Rani",https://images.unsplash.com/photo-1489599849927-2ee91cede3ba?w=600&auto=format&fit=crop&q=80
tt2905838,Bang Bang,2014,2010s-2023,"Action, Adventure, Comedy",162 min,162,"Courage, Heroism",Feel-good,Medium,Low,8.2,"A young bank receptionist gets mixed up with Rajveer Nanda, a man who has a mysterious background.",Siddharth Anand,"Hrithik Roshan, Katrina Kaif, Pawan Malhotra, Danny Denzongpa",https://images.unsplash.com/photo-1489599849927-2ee91cede3ba?w=600&auto=format&fit=crop&q=80
tt0222012,Hey Ram,2000,2000s,"Crime, Drama, History",151 min,151,"Revenge, Patriotism & Honor",Inspiring,Medium,Medium,6.9,Saketh Ram's wife is raped and killed during direct action day riots in Calcutta. He is convinced that Mahatma Gandhi is responsible for all the problems happening in the country and sets out to kill him.,Kamal Haasan,"Kamal Haasan, Shah Rukh Khan, Rani Mukerji, Hema Malini",https://images.unsplash.com/photo-1489599849927-2ee91cede3ba?w=600&auto=format&fit=crop&q=80
tt7518786,83,2021,2010s-2023,"Biography, Drama, History",165 min,165,Ambition & Triumph,Inspiring,Medium,Medium,7.6,"On June 25, 1983, the Lord's Cricket Ground witnessed 14 men beat the two times World Champions West Indies, putting India back onto the cricket world stage.",Kabir Khan,"Ranveer Singh, Deepika Padukone, Tahir Raj Bhasin, Jiiva",https://images.unsplash.com/photo-1489599849927-2ee91cede3ba?w=600&auto=format&fit=crop&q=80
tt15516726,Selfiee,2023,2010s-2023,"Action, Comedy, Drama",152 min,152,Patriotism & Honor,Feel-good,Medium,Low,7.4,"Bollywood superstar Vijay Kumar needs to obtain a new driving license from RTO officer Om Prakash Agarwal, a diehard fan of Vijay. A misunderstanding escalates into a feud which is played out in front of the entire country.",Raj Mehta,"Akshay Kumar, Mrunal Thakur, Nushrratt Bharuccha, Emraan Hashmi",https://images.unsplash.com/photo-1489599849927-2ee91cede3ba?w=600&auto=format&fit=crop&q=80
tt0420332,Veer-Zaara,2004,2000s,"Drama, Family, Musical",170 min,170,Romantic Love,Deep & Emotional,Medium,Low,6.9,"""Veer-Zaara"" is a saga of love, separation, courage, and sacrifice. A love story that is an inspiration and will remain a legend forever.",Yash Chopra,"Shah Rukh Khan, Preity G Zinta, Rani Mukerji, Kirron Kher",https://images.unsplash.com/photo-1489599849927-2ee91cede3ba?w=600&auto=format&fit=crop&q=80
tt2215477,Goliyon Ki Rasleela Ram-Leela,2013,2010s-2023,"Drama, Musical, Romance",177 min,177,"Romantic Love, Patriotism & Honor, Secrets & Deception",Heartwarming,Medium,High,7.7,"Modern adaptation of William Shakespeare's 'Romeo and Juliet' with an Indian twist, the film focuses on the story of Ram and Leela, their love, lust and the drama afterwards.",Sanjay Leela Bhansali,"Ranveer Singh, Deepika Padukone, Supriya Pathak, Sharad Kelkar",https://images.unsplash.com/photo-1489599849927-2ee91cede3ba?w=600&auto=format&fit=crop&q=80
tt5970844,Thugs of Hindostan,2018,2010s-2023,"Action, Adventure",136 min,136,"Romantic Love, Patriotism & Honor",Deep & Emotional,Medium,Low,7.7,A story about one man's love for his nation and another's love for power. An epic adventure filled with edge-of-the-seat thrills and war on the seas.,Vijay Krishna Acharya,"Aamir Khan, Amitabh Bachchan, Lloyd Owen, Katrina Kaif",https://images.unsplash.com/photo-1489599849927-2ee91cede3ba?w=600&auto=format&fit=crop&q=80
tt15680228,Bheed,2023,2010s-2023,"Drama, History",159 min,159,"Human Conflict, Life Lessons",Inspiring,Medium,Low,8.2,The toughest times people had to face just to reach their homes.,Anubhav Sinha,"Rajkummar Rao, Pankaj Kapur, Bhumi Pednekar, Aditya Srivastav",https://images.unsplash.com/photo-1489599849927-2ee91cede3ba?w=600&auto=format&fit=crop&q=80
tt0449999,Kabhi Alvida Naa Kehna,2006,2000s,"Drama, Romance",164 min,164,Romantic Love,Heartwarming,Medium,Low,7.3,"Dev, a former football player is married to Rhea, a successful fashion editor. Maya is a kindergarten teacher who is married to Rishi, an outgoing event planner. These couples' lives intersect and they each question their own marriage.",Karan Johar,"Shah Rukh Khan, Rani Mukerji, Amitabh Bachchan, Abhishek Bachchan",https://images.unsplash.com/photo-1489599849927-2ee91cede3ba?w=600&auto=format&fit=crop&q=80
tt11934846,Badhaai Do,2022,2010s-2023,"Comedy, Crime, Drama",149 min,149,"Friendship, Romantic Love",Deep & Emotional,Medium,Medium,7.9,Shardul Thakur Flaglot and Suman Singh enter into a marriage of convenience but chaos ensues when her unhinged girlfriend comes to stay with them.,Harshavardhan Kulkarni,"Rajkummar Rao, Bhumi Pednekar, Chum Darang, Sheeba Chaddha",https://images.unsplash.com/photo-1489599849927-2ee91cede3ba?w=600&auto=format&fit=crop&q=80
tt27124947,Prem Ki Shaadi,2024,2024-Latest,"Drama, Romance",173 min,173,"Human Conflict, Life Lessons",Heartwarming,Medium,Low,6.7,Add a Plot,Sooraj R. Barjatya,"Salman Khan, Keerthy Suresh, Kriti Kharbanda, Parineeti Chopra",https://images.unsplash.com/photo-1489599849927-2ee91cede3ba?w=600&auto=format&fit=crop&q=80
tt10230404,Ghost Stories,2020,2010s-2023,"Horror, Thriller",158 min,158,"Fear of Unknown, Survival",Tense & Thrilling,High,Medium,7.6,"The winning team of ""Lust Stories"" reunites to tell some spine-chilling tales. ""Ghost Stories"" is a 2020 Indian anthology horror film consisting of four short film segments.","Zoya Akhtar, Dibakar Banerjee, Karan Johar, Anurag Kashyap","Janhvi Kapoor, Surekha Sikri, Amruta Subhash, Vijay Varma",https://images.unsplash.com/photo-1489599849927-2ee91cede3ba?w=600&auto=format&fit=crop&q=80
tt16539454,Pushpa: The Rule - Part 2,2024,2024-Latest,"Action, Crime, Drama",156 min,156,Patriotism & Honor,Adrenaline Rush,Medium,Medium,7.6,The Clash Continues as Pushpa and Bhanwar Singh continue their rivalry in this epic c onclusion to the two-parted series.,Sukumar,"Allu Arjun, Sunil, Fahadh Faasil, Rashmika Mandanna",https://images.unsplash.com/photo-1489599849927-2ee91cede3ba?w=600&auto=format&fit=crop&q=80
tt12357758,Climax,2020,2010s-2023,"Action, Horror, Thriller",138 min,138,Friendship,Tense & Thrilling,High,Medium,7.2,"Mia Malkova and her boyfriend try to do things out of the blue and enter a desert even after there is a no-entry board written on it. In this situation, scary things and some crazy people ...                See full summary »",Ram Gopal Varma,"Mia Malkova, Mourmi, Renan Severo",https://images.unsplash.com/photo-1489599849927-2ee91cede3ba?w=600&auto=format&fit=crop&q=80
tt8108202,Stree,2018,2010s-2023,"Comedy, Horror",130 min,130,"Humor, Misunderstandings",Feel-good,High,Low,7.0,"In the small town of Chanderi, the menfolk live in fear of an evil spirit named ""Stree"" who abducts men in the night. Based on the urban legend of ""Nale Ba"" that went viral in Karnataka in the 1990s.",Amar Kaushik,"Ashish Chhipa, Rajkummar Rao, Shraddha Kapoor, Pankaj Tripathi",https://images.unsplash.com/photo-1489599849927-2ee91cede3ba?w=600&auto=format&fit=crop&q=80
tt0265343,Monsoon Wedding,2001,2000s,"Comedy, Drama, Romance",184 min,184,"Romantic Love, Family Ties, Secrets & Deception",Feel-good,Medium,Low,6.7,"A stressed father, a bride-to-be with a secret, a smitten event planner, and relatives from around the world create much ado about the preparations for an arranged marriage in India.",Mira Nair,"Naseeruddin Shah, Lillete Dubey, Shefali Shah, Vijay Raaz",https://images.unsplash.com/photo-1489599849927-2ee91cede3ba?w=600&auto=format&fit=crop&q=80
tt1934231,Delhi Belly,2011,2010s-2023,"Action, Comedy, Crime",143 min,143,Crime & Justice,Adrenaline Rush,Medium,Medium,7.2,Three struggling room-mates unknowingly become potential prey of a ruthless gangster.,"Abhinay Deo, Akshat Verma","Imran Khan, Vir Das, Kunaal Roy Kapur, Shenaz Treasury",https://images.unsplash.com/photo-1489599849927-2ee91cede3ba?w=600&auto=format&fit=crop&q=80
tt21262240,Mission Raniganj,2023,2010s-2023,"Biography, Drama, History",158 min,158,"Human Conflict, Life Lessons",Inspiring,Medium,Medium,6.5,"A total of 65 miners were trapped in a mine, who were rescued by mining engineer Jaswant Singh Gill.",Tinu Suresh Desai,"Akshay Kumar, Parineeti Chopra, Rajesh Sharma, Ravi Kishan",https://images.unsplash.com/photo-1489599849927-2ee91cede3ba?w=600&auto=format&fit=crop&q=80
tt0347473,Main Hoon Na,2004,2000s,"Action, Comedy, Drama",159 min,159,"Friendship, Family Ties, Patriotism & Honor",Feel-good,Medium,Low,7.7,"An army major goes undercover as a college student. His mission is both professional and personal: to protect his general's daughter from a radical militant, and to find his estranged half-brother.",Farah Khan,"Shah Rukh Khan, Sushmita Sen, Suniel Shetty, Zayed Khan",https://images.unsplash.com/photo-1489599849927-2ee91cede3ba?w=600&auto=format&fit=crop&q=80
tt0284137,Gadar: Ek Prem Katha,2001,2000s,"Action, Drama, Romance",161 min,161,"Romantic Love, Family Ties",Heartwarming,Medium,Low,6.8,"During the Partition of India in 1947, a Sikh truck driver falls in love with a Muslim girl belonging to an aristocratic family.",Anil Sharma,"Sunny Deol, Ameesha Patel, Amrish Puri, Lillete Dubey",https://images.unsplash.com/photo-1489599849927-2ee91cede3ba?w=600&auto=format&fit=crop&q=80
tt15360286,Bhagwan Bharose,2023,2010s-2023,"Comedy, Drama",150 min,150,Patriotism & Honor,Feel-good,Medium,Low,7.1,"A story about two young, impressionable kids whose ideas about faith are constantly questioned and changed as their little world expands and takes into its fold, their country's fast-changing socio-political landscape.",Shiladitya Bora,"Satendra Soni, Sparsh Suman, Vinay Pathak, Masumeh Makhija",https://images.unsplash.com/photo-1489599849927-2ee91cede3ba?w=600&auto=format&fit=crop&q=80
tt0488414,Omkara,2006,2000s,"Action, Crime, Drama",145 min,145,"Courage, Heroism",Adrenaline Rush,Medium,Medium,7.5,A politically-minded enforcer's misguided trust in his lieutenant leads him to suspect his wife of infidelity in this adaptation of Shakespeare's 'Othello'.,Vishal Bhardwaj,"Ajay Devgn, Kareena Kapoor, Saif Ali Khan, Konkona Sen Sharma",https://images.unsplash.com/photo-1489599849927-2ee91cede3ba?w=600&auto=format&fit=crop&q=80
tt0871510,Chak De! India,2007,2000s,"Drama, Family, Sport",162 min,162,Ambition & Triumph,Deep & Emotional,Medium,Low,6.6,"Kabir Khan, the coach of the Indian Women's National Hockey Team, dreams of making his all-girls team emerge victorious against all odds.",Shimit Amin,"Shah Rukh Khan, Vidya Malvade, Sagarika Ghatge, Shilpa Shukla",https://images.unsplash.com/photo-1489599849927-2ee91cede3ba?w=600&auto=format&fit=crop&q=80
tt0213890,Mohabbatein,2000,2000s,"Drama, Musical, Romance",178 min,178,Romantic Love,Heartwarming,Medium,Low,7.0,"A film about the battle between love and fear, between two stubborn men and their opposing beliefs and the outcome of the love stories of 3 couples.",Aditya Chopra,"Amitabh Bachchan, Shah Rukh Khan, Uday Chopra, Jugal Hansraj",https://images.unsplash.com/photo-1489599849927-2ee91cede3ba?w=600&auto=format&fit=crop&q=80
tt1029231,Krrish 3,2013,2010s-2023,"Action, Adventure, Sci-Fi",159 min,159,Family Ties,Mind-bending & Epic,Medium,High,7.7,"Krrish and his scientist father must save the world and their own family from an evil man named Kaal and his gang of mutants, led by the ruthless Kaya.",Rakesh Roshan,"Hrithik Roshan, Vivek Oberoi, Priyanka Chopra Jonas, Kangana Ranaut",https://images.unsplash.com/photo-1489599849927-2ee91cede3ba?w=600&auto=format&fit=crop&q=80
tt8983202,Kabir Singh,2019,2010s-2023,"Action, Drama, Romance",136 min,136,Friendship,Heartwarming,Medium,Low,8.2,"An exalted but short-fused surgeon plunges into a spiral of drugs, alcohol and rage after his intense relationship with his girlfriend turbulently ends.",Sandeep Reddy Vanga,"Shahid Kapoor, Kiara Advani, Nikita Dutta, Soham Majumdar",https://images.unsplash.com/photo-1489599849927-2ee91cede3ba?w=600&auto=format&fit=crop&q=80
tt12567088,Raat Akeli Hai,2020,2010s-2023,"Crime, Drama, Mystery",169 min,169,"Family Ties, Crime & Justice, Secrets & Deception",Tense & Thrilling,High,High,6.7,The film follows a small town cop who is summoned to investigate the death of a politician which gets complicated by the victim's secretive family and his own conflicted heart.,Honey Trehan,"Ashish Chhipa, Nawazuddin Siddiqui, Radhika Apte, Aditya Srivastav",https://images.unsplash.com/photo-1489599849927-2ee91cede3ba?w=600&auto=format&fit=crop&q=80
tt7721946,Housefull 4,2019,2010s-2023,"Action, Comedy, Drama",163 min,163,"Courage, Heroism",Feel-good,Medium,Low,6.8,"Three couples who get separated from each other due to an evil ploy, reincarnate after 600 years and meet each other as history repeats itself again and their respective partners get mixed up this time.",Farhad Samji,"Akshay Kumar, Riteish Deshmukh, Bobby Deol, Kriti Sanon",https://images.unsplash.com/photo-1489599849927-2ee91cede3ba?w=600&auto=format&fit=crop&q=80
tt2461132,Happy New Year,2014,2010s-2023,"Action, Comedy, Crime",149 min,149,"Revenge, Family Ties",Adrenaline Rush,Medium,Medium,7.7,A gang of amateur dancers takes part in a dancing competition to avenge their personal vendetta.,Farah Khan,"Shah Rukh Khan, Deepika Padukone, Abhishek Bachchan, Boman Irani",https://images.unsplash.com/photo-1489599849927-2ee91cede3ba?w=600&auto=format&fit=crop&q=80
tt6692354,Ittefaq,2017,2010s-2023,"Crime, Mystery, Thriller",151 min,151,"Crime & Justice, Secrets & Deception",Tense & Thrilling,Medium,High,7.9,A detective seeks out the truth between two different stories of a crime scene.,Abhay Chopra,"Sidharth Malhotra, Sonakshi Sinha, Akshaye Khanna, Mandira Bedi",https://images.unsplash.com/photo-1489599849927-2ee91cede3ba?w=600&auto=format&fit=crop&q=80
tt4832640,Sultan,2016,2010s-2023,"Action, Drama, Romance",153 min,153,"Courage, Heroism",Heartwarming,Medium,Low,7.1,"Sultan is a classic underdog tale about a wrestler's journey, looking for a comeback by defeating all odds.",Ali Abbas Zafar,"Salman Khan, Anushka Sharma, Randeep Hooda, Amit Sadh",https://images.unsplash.com/photo-1489599849927-2ee91cede3ba?w=600&auto=format&fit=crop&q=80
tt4110568,Dil Dhadakne Do,2015,2010s-2023,"Comedy, Drama, Romance",176 min,176,"Romantic Love, Family Ties",Feel-good,Medium,Low,7.6,The Mehra family must contemplate over their way of living and their love lives while on a cruise celebrating their 30th wedding anniversary.,Zoya Akhtar,"Anil Kapoor, Shefali Shah, Priyanka Chopra Jonas, Ranveer Singh",https://images.unsplash.com/photo-1489599849927-2ee91cede3ba?w=600&auto=format&fit=crop&q=80
tt10644708,Dhokha: Round D Corner,2022,2010s-2023,"Crime, Drama, Thriller",150 min,150,Family Ties,Tense & Thrilling,Medium,Medium,7.6,"When a housewife with a personality disorder is taken hostage by a terrorist on the loose and a husband accused of cheating on his wife, have their own versions of reality, how do we know what the truth is?",Kookie Gulati,"Madhavan, Khushali Kumar, Aparshakti Khurana, Darshan Kumaar",https://images.unsplash.com/photo-1489599849927-2ee91cede3ba?w=600&auto=format&fit=crop&q=80
tt3702652,The Other Side of the Door,2016,2010s-2023,"Horror, Thriller",168 min,168,"Revenge, Family Ties, Patriotism & Honor",Tense & Thrilling,High,Medium,8.1,"After her young son is killed in a tragic accident, a woman learns of a ritual which will bring him back to say goodbye, but when she disobeys a sacred warning, she upsets the balance between life and death.",Johannes Roberts,"Sarah Wayne Callies, Jeremy Sisto, Sofia Rosinsky, Logan Creran",https://images.unsplash.com/photo-1489599849927-2ee91cede3ba?w=600&auto=format&fit=crop&q=80
tt6978268,Omerta,2017,2010s-2023,"Action, Biography, Crime",136 min,136,Revenge,Adrenaline Rush,High,Medium,7.7,"A recounting of the story of infamous British-born terrorist Ahmed Omar Saeed Sheikh, who kidnapped and murdered Wall Street Journal reporter Daniel Pearl in 2002.",Hansal Mehta,"Rajkummar Rao, Rajesh Tailang, Satwant Kaur, Abhimanue Kamboj",https://images.unsplash.com/photo-1489599849927-2ee91cede3ba?w=600&auto=format&fit=crop&q=80
tt0379370,Maqbool,2003,2000s,"Crime, Drama, Thriller",167 min,167,"Human Conflict, Life Lessons",Tense & Thrilling,High,Medium,6.6,The intrigue of the Shakespearean tragedy 'Macbeth' is transposed to the Mumbai underworld.,Vishal Bhardwaj,"Irrfan Khan, Tabu, Pankaj Kapur, Naseeruddin Shah",https://images.unsplash.com/photo-1489599849927-2ee91cede3ba?w=600&auto=format&fit=crop&q=80
tt0195231,Satya,1998,90s (1990-1999),"Action, Crime, Drama",157 min,157,"Courage, Heroism",Adrenaline Rush,Medium,Medium,6.7,An innocent man is embroiled in underworld after being falsely charged and sets out to punish the perpetrators who subjected his life to misery.,Ram Gopal Varma,"J.D. Chakravarthi, Manoj Bajpayee, Urmila Matondkar, Paresh Rawal",https://images.unsplash.com/photo-1489599849927-2ee91cede3ba?w=600&auto=format&fit=crop&q=80
tt11112808,Cirkus,2022,2010s-2023,"Comedy, Drama",138 min,138,"Humor, Misunderstandings",Feel-good,Medium,Low,7.0,"Two sets of identical twins are accidentally separated at birth. Several years later, when they are coincidentally in the same town, there is a lot of confusion and misunderstanding when people mistake them for each other.",Rohit Shetty,"Ranveer Singh, Varun Sharma, Pooja Hegde, Jacqueline Fernandez",https://images.unsplash.com/photo-1489599849927-2ee91cede3ba?w=600&auto=format&fit=crop&q=80
tt15392282,Merry Christmas,2023,2010s-2023,"Drama, Thriller",149 min,149,"Human Conflict, Life Lessons",Tense & Thrilling,Medium,Medium,7.3,"On Christmas Eve, an uneventful day turns the world of two people upside down.",Sriram Raghavan,"Vijay Sethupathi, Katrina Kaif, Radhika Apte, Ashwini Kalsekar",https://images.unsplash.com/photo-1489599849927-2ee91cede3ba?w=600&auto=format&fit=crop&q=80
tt3678782,Badlapur,2015,2010s-2023,"Action, Crime, Drama",140 min,140,"Revenge, Family Ties",Adrenaline Rush,Medium,Medium,6.8,Raghu begins walking a fine line between good and evil as he exacts violent revenge on two criminals who killed his family 15 years ago.,"Sriram Raghavan, Mehmet Tutkun","Varun Dhawan, Nawazuddin Siddiqui, Yami Gautam, Huma Qureshi",https://images.unsplash.com/photo-1489599849927-2ee91cede3ba?w=600&auto=format&fit=crop&q=80
tt3477214,Kaun Kitney Paani Mein,2015,2010s-2023,"Comedy, Drama, Family",173 min,173,"Humor, Misunderstandings",Feel-good,Medium,Low,6.5,"The film wryly expresses the changes in hierarchy, caste and the power equation when water, the most important resource, vanishes and how the oppressed become the oppressors. The story is ...                See full summary »",Nila Madhab Panda,"Kunal Kapoor, Radhika Apte, Saurabh Shukla, Gulshan Grover",https://images.unsplash.com/photo-1489599849927-2ee91cede3ba?w=600&auto=format&fit=crop&q=80
tt7919680,Karwaan,2018,2010s-2023,"Adventure, Comedy, Drama",142 min,142,Friendship,Feel-good,Medium,Low,7.7,Two friends and a chirpy teenager take a road trip from Bangalore to Kochi.,Akarsh Khurana,"Irrfan Khan, Dulquer Salmaan, Mithila Palkar, Amala Akkineni",https://images.unsplash.com/photo-1489599849927-2ee91cede3ba?w=600&auto=format&fit=crop&q=80
tt2806788,Fukrey,2013,2010s-2023,"Comedy, Drama, Romance",174 min,174,"Friendship, Ambition & Triumph",Feel-good,Medium,Low,6.8,"The paths of four dream-chasing college friends cross with an array of colourful characters, from a tough-talking Punjabi female don to a Jugaad Baaz college watchman. Mayhem ensues.",Mrighdeep Lamba,"Pulkit Samrat, Manjot Singh, Ali Fazal, Varun Sharma",https://images.unsplash.com/photo-1489599849927-2ee91cede3ba?w=600&auto=format&fit=crop&q=80
tt15257644,Mili,2022,2010s-2023,"Drama, Thriller",158 min,158,"Human Conflict, Life Lessons",Tense & Thrilling,Medium,Medium,7.1,Janhvi Kapoor as a woman stuck in a freezer fighting to stay alive. 'Mili' is the official Hindi remake of the Malayalam thriller 'Helen'.,Mathukutty Xavier,"Janhvi Kapoor, Manoj Pahwa, Sunny Kaushal, Deepak Simwal",https://images.unsplash.com/photo-1489599849927-2ee91cede3ba?w=600&auto=format&fit=crop&q=80
tt2882328,Ugly,2013,2010s-2023,"Crime, Drama, Mystery",140 min,140,"Human Conflict, Life Lessons",Tense & Thrilling,Medium,High,6.6,The case of a missing girl takes us through a journey of human greed and brushes upon the egos and repressed emotions of the characters.,Anurag Kashyap,"Rahul Bhat, Ronit Roy, Tejaswini Kolhapure, Vineet Kumar Singh",https://images.unsplash.com/photo-1489599849927-2ee91cede3ba?w=600&auto=format&fit=crop&q=80
tt1182937,Rab Ne Bana Di Jodi,2008,2000s,"Comedy, Drama, Music",137 min,137,Romantic Love,Feel-good,Medium,Low,7.4,"A breathtaking, goose flesh igniting, awe inspiring love journey of an ordinary man Suri and his 'total opposite' love Taani.",Aditya Chopra,"Shah Rukh Khan, Anushka Sharma, Vinay Pathak, M.K. Raina",https://images.unsplash.com/photo-1489599849927-2ee91cede3ba?w=600&auto=format&fit=crop&q=80
tt5956100,Tiger Zinda Hai,2017,2010s-2023,"Action, Adventure, Thriller",166 min,166,"Courage, Heroism",Tense & Thrilling,Medium,Medium,7.8,"Inspired by real events, Tiger Zinda Hai is a sequel to the blockbuster Ek Tha Tiger, and an espionage action drama that follows a daring rescue mission in Iraq.","Mehmet Tutkun, Ali Abbas Zafar, Musa Muhammed Olayinka","Salman Khan, Katrina Kaif, Nawab Shah, Anupriya Goenka",https://images.unsplash.com/photo-1489599849927-2ee91cede3ba?w=600&auto=format&fit=crop&q=80
tt1395054,Once Upon a Time in Mumbaai,2010,2010s-2023,"Action, Crime, Drama",142 min,142,Crime & Justice,Adrenaline Rush,Medium,Medium,8.1,"As a smuggler rises to power in in 1970s Mumbai, a younger gangster seeks to overthrow him and a police officer is caught in the middle.",Milan Luthria,"Ajay Devgn, Emraan Hashmi, Kangana Ranaut, Prachi Desai",https://images.unsplash.com/photo-1489599849927-2ee91cede3ba?w=600&auto=format&fit=crop&q=80
tt15567704,Salaam Venky,2022,2010s-2023,Drama,158 min,158,Family Ties,Deep & Emotional,Medium,Low,7.1,"Sujata, an ideal mother, who battled the most challenging situations one can ever face with a smile.",Revathi,"Aamir Khan, Priyamani, Kajol, Prakash Raj",https://images.unsplash.com/photo-1489599849927-2ee91cede3ba?w=600&auto=format&fit=crop&q=80
tt10233718,Vadh,2022,2010s-2023,"Crime, Drama, Thriller",163 min,163,Family Ties,Tense & Thrilling,Medium,Medium,6.9,"After their son moves to USA, a middle-class married couple is relentlessly harassed by a loan shark.","Jaspal Singh Sandhu, Rajeev Barnwal","Sanjay Mishra, Neena Gupta, Manav Vij, Saurabh Sachdeva",https://images.unsplash.com/photo-1489599849927-2ee91cede3ba?w=600&auto=format&fit=crop&q=80
tt15175188,Faraaz,2022,2010s-2023,"Action, Thriller",141 min,141,"Courage, Heroism",Tense & Thrilling,Medium,Medium,8.2,"Based on the real-life terrorist attack that ravaged a Dhaka cafe, Faraaz is a tense hostage drama that unfolds over one claustrophobic night.",Hansal Mehta,"Jatin Sarin, Anirban Adhikary, Aamir Ali, Aneeta",https://images.unsplash.com/photo-1489599849927-2ee91cede3ba?w=600&auto=format&fit=crop&q=80
tt25403492,1920: Horrors of the Heart,2023,2010s-2023,"Drama, Horror",153 min,153,Revenge,Tense & Thrilling,High,Low,8.1,A young girl walks into a world of darkness is search of revenge but darkness consumes her making her a victim of that very revenge.,Krishna Bhatt,"Rupam Bag, Amit Behl, Barkha Bisht, Rahul Dev",https://images.unsplash.com/photo-1489599849927-2ee91cede3ba?w=600&auto=format&fit=crop&q=80
tt8144834,Section 375,2019,2010s-2023,"Crime, Drama, Mystery",147 min,147,"Human Conflict, Life Lessons",Tense & Thrilling,Medium,High,7.9,"A celebrated Bollywood director Rohan Khurana stands accused by a female member of his crew, Anjali Dangle of having raped her at his residence.",Ajay Bahl,"Akshaye Khanna, Richa Chadha, Rahul Bhat, Meera Chopra",https://images.unsplash.com/photo-1489599849927-2ee91cede3ba?w=600&auto=format&fit=crop&q=80
tt11314148,Shiddat,2021,2010s-2023,Romance,161 min,161,Romantic Love,Deep & Emotional,Medium,Low,6.5,"A passionate love story involving two couples which highlights the contrast between a regular, mature yet egoistic husband and a unique, happy go lucky, enamored, overzealous boy chasing after the love of his life.",Kunal Deshmukh,"Sunny Kaushal, Radhika Madan, Mohit Raina, Diana Penty",https://images.unsplash.com/photo-1489599849927-2ee91cede3ba?w=600&auto=format&fit=crop&q=80
tt2387495,Jalpari: The Desert Mermaid,2012,2010s-2023,"Drama, Family, Mystery",162 min,162,"Family Ties, Secrets & Deception",Tense & Thrilling,Medium,High,7.9,"When they travel to their father's ancestral village, city kids expecting a natural paradise instead find a poor, dusty town that harbors secrets.",Nila Madhab Panda,"Lehar Khan, Krishang Trivedi, Parvin Dabas, Suhasini Mulay",https://images.unsplash.com/photo-1489599849927-2ee91cede3ba?w=600&auto=format&fit=crop&q=80
tt8907992,The Girl on the Train,2021,2010s-2023,"Crime, Drama, Mystery",150 min,150,"Human Conflict, Life Lessons",Tense & Thrilling,Medium,High,7.7,"The story follows a recent divorcee who spends her daily commute fantasizing about a seemingly perfect couple who live in a house that her train passes daily, but something shocking happens there one day.",Ribhu Dasgupta,"Parineeti Chopra, Aditi Rao Hydari, Kirti Kulhari, Rajiv Chabria",https://images.unsplash.com/photo-1489599849927-2ee91cede3ba?w=600&auto=format&fit=crop&q=80
tt3767372,Piku,2015,2010s-2023,"Comedy, Drama",151 min,151,Family Ties,Feel-good,Medium,Low,7.4,"A quirky comedy about the relationship between a daughter and her aging father, whose eccentricities drive everyone crazy.",Shoojit Sircar,"Deepika Padukone, Amitabh Bachchan, Irrfan Khan, Moushumi Chatterjee",https://images.unsplash.com/photo-1489599849927-2ee91cede3ba?w=600&auto=format&fit=crop&q=80
tt27502523,Kennedy,2023,2010s-2023,"Action, Crime, Drama",151 min,151,"Crime & Justice, Secrets & Deception",Adrenaline Rush,Medium,Medium,7.9,"An insomniac ex-cop who dwells in different circumstances looking for redemption. The ex-cop, who is presumed dead for a long time, operates secretly for the corrupt system.",Anurag Kashyap,"Rahul Bhat, Megha Burman, Kurush Deboo, Abhishek Deswal",https://images.unsplash.com/photo-1489599849927-2ee91cede3ba?w=600&auto=format&fit=crop&q=80
tt0296574,Company,2002,2000s,"Action, Crime, Drama",168 min,168,Crime & Justice,Adrenaline Rush,Medium,Medium,8.2,"A small-time gangster named Chandu teams up with Malik, a low-level enforcer for a criminal syndicate. Together they eliminate all their enemies, becoming the most feared gangsters in Mumbai.",Ram Gopal Varma,"Ajay Devgn, Mohanlal, Manisha Koirala, Seema Biswas",https://images.unsplash.com/photo-1489599849927-2ee91cede3ba?w=600&auto=format&fit=crop&q=80
tt1821480,Kahaani,2012,2010s-2023,"Mystery, Thriller",154 min,154,"Self-Discovery, Destiny",Tense & Thrilling,Medium,High,8.0,"A pregnant woman's search for her missing husband takes her from London to Kolkata, but everyone she questions denies having ever met him.",Sujoy Ghosh,"Vidya Balan, Parambrata Chattopadhyay, Indraneil Sengupta, Nawazuddin Siddiqui",https://images.unsplash.com/photo-1489599849927-2ee91cede3ba?w=600&auto=format&fit=crop&q=80
tt0164538,Dil Se..,1998,90s (1990-1999),"Drama, Romance",152 min,152,"Human Conflict, Life Lessons",Heartwarming,Medium,Low,7.1,A radio broadcaster's intense attraction to a mysterious woman opens the door to a tidal wave of powerful emotions and desires.,Mani Ratnam,"Shah Rukh Khan, Manisha Koirala, Preity G Zinta, Raghubir Yadav",https://images.unsplash.com/photo-1489599849927-2ee91cede3ba?w=600&auto=format&fit=crop&q=80
tt21626284,Laapataa Ladies,2023,2010s-2023,"Comedy, Drama",152 min,152,"Humor, Misunderstandings",Feel-good,Medium,Low,7.5,"It's a jolly mess when two young brides get lost from a train. Set in 2001, somewhere in rural India.",Kiran Rao,"Atishay Jain Akhil, Shivam Ghawariya, Nitanshi Goel, Daood Hussain",https://images.unsplash.com/photo-1489599849927-2ee91cede3ba?w=600&auto=format&fit=crop&q=80
tt14438964,Goodbye,2022,2010s-2023,"Comedy, Drama, Family",169 min,169,"Romantic Love, Family Ties, Patriotism & Honor",Feel-good,Medium,Low,7.6,A heartwarming story of the Bhalla family that depicts their journey of grief and self-discovery after they suffer the loss of their loved one.,Vikas Bahl,"Amitabh Bachchan, Neena Gupta, Rashmika Mandanna, Pavail Gulati",https://images.unsplash.com/photo-1489599849927-2ee91cede3ba?w=600&auto=format&fit=crop&q=80
tt8291224,Uri: The Surgical Strike,2019,2010s-2023,"Action, Drama, History",167 min,167,"Revenge, Patriotism & Honor",Inspiring,Medium,Low,6.7,"Indian army special forces execute a covert operation, avenging the killing of fellow army men at their base by a terrorist group.",Aditya Dhar,"Vicky Kaushal, Paresh Rawal, Mohit Raina, Yami Gautam",https://images.unsplash.com/photo-1489599849927-2ee91cede3ba?w=600&auto=format&fit=crop&q=80
tt9531772,Sooryavanshi,2021,2010s-2023,"Action, Crime, Thriller",156 min,156,"Courage, Heroism",Tense & Thrilling,Medium,Medium,6.5,"DCP Veer Sooryavanshi, the chief of the Anti-Terrorism Squad in India, tries to bring down a terrorist organization with which he has a history.",Rohit Shetty,"Akshay Kumar, Katrina Kaif, Ajay Devgn, Ranveer Singh",https://images.unsplash.com/photo-1489599849927-2ee91cede3ba?w=600&auto=format&fit=crop&q=80
tt2980794,Highway,2014,2010s-2023,"Crime, Drama, Romance",144 min,144,Romantic Love,Heartwarming,Medium,Medium,7.8,"Right before her wedding, a young woman finds herself abducted and held for ransom. As the initial days pass, she begins to develop a strange bond with her kidnapper.",Imtiaz Ali,"Alia Bhatt, Randeep Hooda, Durgesh Kumar, Pradeep Nagar",https://images.unsplash.com/photo-1489599849927-2ee91cede3ba?w=600&auto=format&fit=crop&q=80
tt3148502,Tamasha,2015,2010s-2023,"Comedy, Drama, Romance",148 min,148,Family Ties,Feel-good,Medium,Low,7.1,"A boy meets a girl, in Corsica. They decide not to reveal their real name or personality.",Imtiaz Ali,"Deepika Padukone, Ranbir Kapoor, Ishwak Singh, Arushi Sharma",https://images.unsplash.com/photo-1489599849927-2ee91cede3ba?w=600&auto=format&fit=crop&q=80
tt21403688,Operation Mayfair,2023,2010s-2023,"Crime, Thriller",139 min,139,"Revenge, Secrets & Deception",Tense & Thrilling,Medium,Medium,7.4,A detective hunts for a London-based serial killer who targets women in this gritty Hindi language thriller.,Sudipto Sarkar,"Jimmy Shergill, Vedieka Dutt, Ankur Bhatia, Hritiqa Chheber",https://images.unsplash.com/photo-1489599849927-2ee91cede3ba?w=600&auto=format&fit=crop&q=80
tt1849718,Agneepath,2012,2010s-2023,"Action, Crime, Drama",148 min,148,"Revenge, Family Ties",Adrenaline Rush,Medium,Medium,7.7,A young boy's father is lynched before his eyes; fifteen years later he returns home for revenge.,Karan Malhotra,"Hrithik Roshan, Priyanka Chopra Jonas, Sanjay Dutt, Rishi Kapoor",https://images.unsplash.com/photo-1489599849927-2ee91cede3ba?w=600&auto=format&fit=crop&q=80
tt2224317,Lootera,2013,2010s-2023,"Drama, Romance",161 min,161,"Romantic Love, Family Ties, Secrets & Deception",Heartwarming,Medium,Low,7.9,"An aristocrat's daughter falls in love with a visiting archaeologist, but he holds a secret that could drive them apart.",Vikramaditya Motwane,"Ranveer Singh, Sonakshi Sinha, Barun Chanda, Adil Hussain",https://images.unsplash.com/photo-1489599849927-2ee91cede3ba?w=600&auto=format&fit=crop&q=80
tt1185420,Dostana,2008,2000s,"Comedy, Drama, Romance",152 min,152,Secrets & Deception,Feel-good,Medium,Low,6.6,"Two straight guys pretend to be gay in order to secure a Miami apartment. When both of them fall for their roommate Neha, hilarity ensues as they strive to convince one and all that they're gay whilst secretly trying to win her heart.","Tarun Mansukhani, Punit Malhotra","Abhishek Bachchan, John Abraham, Priyanka Chopra Jonas, Kirron Kher",https://images.unsplash.com/photo-1489599849927-2ee91cede3ba?w=600&auto=format&fit=crop&q=80
tt9248940,Dream Girl,2019,2010s-2023,"Comedy, Romance",178 min,178,"Romantic Love, Ambition & Triumph",Feel-good,Low,Low,7.8,"Rom-com Movie, directed by Raaj Shaandilyaa, stars Ayushmann Khurrana who plays a 'dream girl'. In every love story, there is always one trying to win the heart of the other, who could be the 'dream girl'.",Raaj Shaandilyaa,"Ayushmann Khurrana, Nushrratt Bharuccha, Annu Kapoor, Manjot Singh",https://images.unsplash.com/photo-1489599849927-2ee91cede3ba?w=600&auto=format&fit=crop&q=80
tt12861850,Chandigarh Kare Aashiqui,2021,2010s-2023,"Comedy, Crime, Drama",142 min,142,Romantic Love,Deep & Emotional,Medium,Medium,7.8,"Manu, a bodybuilder from Chandigarh, India, falls in love with Maanvi, a Zumba teacher. All seems well until a revelation causes turmoil in their love story.",Abhishek Kapoor,"Ayushmann Khurrana, Vaani Kapoor, Yograj Singh, Anjan Srivastav",https://images.unsplash.com/photo-1489599849927-2ee91cede3ba?w=600&auto=format&fit=crop&q=80
tt1833673,Dhoom:3,2013,2010s-2023,"Action, Crime, Drama",149 min,149,Revenge,Adrenaline Rush,Medium,Medium,6.9,"Jai and Ali return to catch the clown thief, Sahir, who has the City of Chicago captive. Watch an unconventional battle of revenge that will thrill you.",Vijay Krishna Acharya,"Aamir Khan, Katrina Kaif, Abhishek Bachchan, Uday Chopra",https://images.unsplash.com/photo-1489599849927-2ee91cede3ba?w=600&auto=format&fit=crop&q=80
tt14988886,U Turn,2023,2010s-2023,"Crime, Drama, Horror",165 min,165,Secrets & Deception,Tense & Thrilling,High,High,6.7,"Motorists who take an illegal U-turn on a flyover die mysteriously. Radhika, who is interning to be a journalist, is investigating it. However, she becomes the prime suspect by a twist of fate. What happens next?",Arif Khan,"Alaya F, Priyanshu Painyuli, Manu Rishi Chadha, Aashim Gulati",https://images.unsplash.com/photo-1489599849927-2ee91cede3ba?w=600&auto=format&fit=crop&q=80
tt11027830,Haseen Dillruba,2021,2010s-2023,"Crime, Drama, Mystery",150 min,150,"Revenge, Romantic Love",Tense & Thrilling,High,High,6.5,"Under investigation as a suspect in her husband's murder, a wife reveals details of their thorny marriage that seem to only further blur the truth.",Vinil Mathew,"Taapsee Pannu, Vikrant Massey, Harshvardhan Rane, Aditya Srivastav",https://images.unsplash.com/photo-1489599849927-2ee91cede3ba?w=600&auto=format&fit=crop&q=80
tt15048614,Blurr,2022,2010s-2023,"Drama, Horror, Thriller",163 min,163,"Human Conflict, Life Lessons",Tense & Thrilling,High,Medium,6.6,"With progressive blindness setting in, Gayatri has to find answers to her twin sister's unlikely death. As the lines of reality keep getting blurred, is she ready to look the truth in the eye?",Ajay Bahl,"Taapsee Pannu, Gulshan Devaiah, Abhilash Thapliyal, Sorabh Chauhan",https://images.unsplash.com/photo-1489599849927-2ee91cede3ba?w=600&auto=format&fit=crop&q=80
tt8426926,Shamshera,2022,2010s-2023,"Action, Adventure, Drama",156 min,156,"Family Ties, Patriotism & Honor",Deep & Emotional,Medium,Low,7.3,"Shamshera (Ranbir Kapoor), leader of an imprisoned tribe, failed to escape for their freedom. Years later his son Balli realizes his father's legacy.",Karan Malhotra,"Ranbir Kapoor, Sanjay Dutt, Vaani Kapoor, Saurabh Shukla",https://images.unsplash.com/photo-1489599849927-2ee91cede3ba?w=600&auto=format&fit=crop&q=80
tt6967980,Bareilly Ki Barfi,2017,2010s-2023,"Comedy, Romance",155 min,155,"Humor, Misunderstandings",Feel-good,Low,Low,8.0,"Set in the small-town of Bareilly, Bitti is a free-spirited young girl who lives life on her own terms and refuses to be pressured into getting married. Her life takes a shift when she meets Chirag Dubey and Pritam Vidrohi.",Ashwiny Iyer Tiwari,"Ayushmann Khurrana, Kriti Sanon, Rajkummar Rao, Pankaj Tripathi",https://images.unsplash.com/photo-1489599849927-2ee91cede3ba?w=600&auto=format&fit=crop&q=80
tt14479746,Thar,2022,2010s-2023,"Action, Crime, Drama",137 min,137,"Revenge, Crime & Justice",Adrenaline Rush,High,Medium,6.8,A mysterious stranger arrives in a village situated in the Thar desert and crosses paths with a veteran cop investigating a case of brutal killings.,Raj Singh Chaudhary,"Anil Kapoor, Harshvardhan Kapoor, Fatima Sana Shaikh, Jitendra Joshi",https://images.unsplash.com/photo-1489599849927-2ee91cede3ba?w=600&auto=format&fit=crop&q=80
tt18072316,Bade Miyan Chote Miyan,2024,2024-Latest,"Action, Comedy, Thriller",140 min,140,Family Ties,Feel-good,Medium,Medium,7.5,"With their contrasting personalities and maverick methods, Bade Miyan and Chote Miyan need to overcome their differences and labor together to transport the offenders to impartiality and preserve the day.",Ali Abbas Zafar,"Akshay Kumar, Tiger Shroff, Janhvi Kapoor, Manushi Chhillar",https://images.unsplash.com/photo-1489599849927-2ee91cede3ba?w=600&auto=format&fit=crop&q=80
tt15309708,Uunchai,2022,2010s-2023,"Adventure, Drama",145 min,145,"Friendship, Family Ties, Patriotism & Honor",Deep & Emotional,Medium,Low,7.7,"Three friends take a trek to the Everest Base Camp. A simple trek turns out to be a personal, emotional and spiritual journey as they battle their physical limitations and discover the true meaning of freedom.",Sooraj R. Barjatya,"Amitabh Bachchan, Anupam Kher, Boman Irani, Parineeti Chopra",https://images.unsplash.com/photo-1489599849927-2ee91cede3ba?w=600&auto=format&fit=crop&q=80
tt0995740,No Smoking,2007,2000s,"Drama, Horror, Mystery",151 min,151,"Human Conflict, Life Lessons",Tense & Thrilling,High,High,7.7,A heavily addicted smoker is unprepared for the true price he must pay when he asks a guru's help to kick the habit.,Anurag Kashyap,"John Abraham, Ayesha Takia, Paresh Rawal, Ranvir Shorey",https://images.unsplash.com/photo-1489599849927-2ee91cede3ba?w=600&auto=format&fit=crop&q=80
tt14042066,Dobaaraa,2022,2010s-2023,"Drama, Fantasy, Mystery",164 min,164,"Human Conflict, Life Lessons",Tense & Thrilling,High,High,7.9,"A woman gets an opportunity to save the life of a 12-year old boy who witnessed a death during a thunderstorm which happened 25 years ago, by getting connected through the television set during a similar storm in the present.",Anurag Kashyap,"Taapsee Pannu, Pavail Gulati, Nassar, Saswata Chatterjee",https://images.unsplash.com/photo-1489599849927-2ee91cede3ba?w=600&auto=format&fit=crop&q=80
tt12393526,Bulbbul,2020,2010s-2023,"Drama, Horror, Mystery",148 min,148,Family Ties,Tense & Thrilling,High,High,7.6,"A man returns home after years to find his brother's child bride now grown up and abandoned, and his ancestral village plagued by mysterious deaths.",Anvita Dutt,"Triptii Dimri, Avinash Tiwary, Rahul Bose, Parambrata Chattopadhyay",https://images.unsplash.com/photo-1489599849927-2ee91cede3ba?w=600&auto=format&fit=crop&q=80
tt4900716,Kapoor & Sons,2016,2010s-2023,"Comedy, Drama, Family",170 min,170,Family Ties,Feel-good,Medium,Low,6.8,The story about two brothers who visit their dysfunctional family for their grandfather's birthday party.,Shakun Batra,"Rishi Kapoor, Rajat Kapoor, Ratna Pathak Shah, Fawad Khan",https://images.unsplash.com/photo-1489599849927-2ee91cede3ba?w=600&auto=format&fit=crop&q=80
tt21383812,The Crew,2024,2024-Latest,"Comedy, Drama",144 min,144,Patriotism & Honor,Feel-good,Medium,Low,7.8,Follows three hard-working women as their destinies lead to some unwarranted situations and end up caught in a web of lies.,Rajesh Krishnan,"Kareena Kapoor, Kriti Sanon, Rajkummar Rao, Tabu",https://images.unsplash.com/photo-1489599849927-2ee91cede3ba?w=600&auto=format&fit=crop&q=80
tt15979666,The Archies,2023,2010s-2023,"Comedy, Drama, Musical",146 min,146,"Friendship, Romantic Love, Patriotism & Honor",Feel-good,Medium,Low,7.4,"Set in the 1960s, based on Archie Comics that finds Indian actors taking on the beloved characters. An experience bursting with youth, rebellion, friendships, first loves, and everything young adult.",Zoya Akhtar,"Agastya Nanda, Khushi Kapoor, Suhana Khan, Vedang Raina",https://images.unsplash.com/photo-1489599849927-2ee91cede3ba?w=600&auto=format&fit=crop&q=80
tt13732212,Mumbaikar,2023,2010s-2023,"Action, Drama, Thriller",157 min,157,Romantic Love,Tense & Thrilling,Medium,Medium,7.1,"The story is based on the life of people at Mumbai which includes their happiness, drama, fun, and romance which interlink their lives.",Santosh Sivan,"Vikrant Massey, Vijay Sethupathi, Tanya Maniktala, Sanjay Mishra",https://images.unsplash.com/photo-1489599849927-2ee91cede3ba?w=600&auto=format&fit=crop&q=80
tt16139258,Yodha,2023,2010s-2023,"Action, Drama, Thriller",153 min,153,Patriotism & Honor,Tense & Thrilling,Medium,Medium,7.6,An Aeroplane hijack where a soldier helps the passenger and fight against the terrorist. But the damage to the flight engine made it very tough to survive the situation.,"Sagar Ambre, Pushkar Ojha","Disha Patani, Raashi Khanna, Sidharth Malhotra, Sougata Ghosh",https://images.unsplash.com/photo-1489599849927-2ee91cede3ba?w=600&auto=format&fit=crop&q=80
tt15361028,Jalsa,2022,2010s-2023,"Drama, Thriller",166 min,166,"Human Conflict, Life Lessons",Tense & Thrilling,Medium,Medium,7.9,It tells the story of a celebrated journalist and her cook and their conflict.,Suresh Triveni,"Vidya Balan, Shefali Shah, Rohini Hattangadi, Vidhatri Bandi",https://images.unsplash.com/photo-1489599849927-2ee91cede3ba?w=600&auto=format&fit=crop&q=80
tt14209618,Game Changer,2024,2024-Latest,"Action, Drama, Thriller",164 min,164,"Courage, Heroism",Tense & Thrilling,Medium,Medium,7.2,Add a Plot,S. Shankar,"Ram Charan, Kiara Advani, S.J. Suryah, Sunil",https://images.unsplash.com/photo-1489599849927-2ee91cede3ba?w=600&auto=format&fit=crop&q=80
tt1261047,Gulaal,2009,2000s,"Crime, Drama, Thriller",141 min,141,"Friendship, Crime & Justice, Secrets & Deception",Tense & Thrilling,Medium,Medium,7.7,"A law student witnesses deception, homicide, and crime after being elected as General Secretary of his college.",Anurag Kashyap,"Kay Kay Menon, Raj Singh Chaudhary, Raja Chaudhary, Jesse Randhawa",https://images.unsplash.com/photo-1489599849927-2ee91cede3ba?w=600&auto=format&fit=crop&q=80
tt7363076,Raid,2018,2010s-2023,"Action, Crime, Drama",159 min,159,Patriotism & Honor,Adrenaline Rush,Medium,Medium,6.6,A fearless income tax officer raids the mansion of the most powerful man in Lucknow after someone mysteriously draws his attention towards the evidence.,Raj Kumar Gupta,"Ajay Devgn, Ileana D'Cruz, Saurabh Shukla, Amit Sial",https://images.unsplash.com/photo-1489599849927-2ee91cede3ba?w=600&auto=format&fit=crop&q=80
tt0400234,Black Friday,2004,2000s,"Action, Crime, Drama",162 min,162,Crime & Justice,Adrenaline Rush,Medium,High,7.1,"A film about the investigations following the 1993 serial Bombay bomb blasts, told through the different stories of the people involved --police, conspirators, victims, middlemen.",Anurag Kashyap,"Kay Kay Menon, Pawan Malhotra, Aditya Srivastav, Dibyendu Bhattacharya",https://images.unsplash.com/photo-1489599849927-2ee91cede3ba?w=600&auto=format&fit=crop&q=80
tt8902990,The Sky Is Pink,2019,2010s-2023,"Drama, Romance",166 min,166,"Romantic Love, Family Ties",Heartwarming,Medium,Low,6.5,"Based on the love story of a couple spanning 25 years and told through the lens of their spunky teenage daughter Aisha Chaudhary, who was diagnosed with pulmonary fibrosis.",Shonali Bose,"Priyanka Chopra Jonas, Farhan Akhtar, Zaira Wasim, Rohit Saraf",https://images.unsplash.com/photo-1489599849927-2ee91cede3ba?w=600&auto=format&fit=crop&q=80
tt2172071,Student of the Year,2012,2010s-2023,"Comedy, Drama, Music",135 min,135,Friendship,Feel-good,Medium,Low,7.5,Several alumni reminisce about their final year at St. Theresa's College and the events that shaped their lives.,"Karan Johar, Abhishek Varman","Alia Bhatt, Sidharth Malhotra, Varun Dhawan, Rishi Kapoor",https://images.unsplash.com/photo-1489599849927-2ee91cede3ba?w=600&auto=format&fit=crop&q=80
tt0449994,Jodhaa Akbar,2008,2000s,"Action, Drama, History",162 min,162,Romantic Love,Inspiring,Medium,Low,8.2,"A sixteenth century love story about a marriage of alliance that gave birth to true love between a great Mughal emperor, Akbar, and a Rajput princess, Jodha.",Ashutosh Gowariker,"Hrithik Roshan, Aishwarya Rai Bachchan, Sonu Sood, Poonam Sinha",https://images.unsplash.com/photo-1489599849927-2ee91cede3ba?w=600&auto=format&fit=crop&q=80
tt5301942,Jersey,2022,2010s-2023,"Drama, Sport",153 min,153,"Family Ties, Ambition & Triumph",Deep & Emotional,Medium,Low,7.9,A cricketer who quits cricket decides to revive his career at the age of 36 for his sons dream and prove his ability.,Gowtam Tinnanuri,"Shahid Kapoor, Mrunal Thakur, Pankaj Kapur, Prit Kamani",https://images.unsplash.com/photo-1489599849927-2ee91cede3ba?w=600&auto=format&fit=crop&q=80
tt10733228,Gehraiyaan,2022,2010s-2023,"Drama, Romance",175 min,175,"Human Conflict, Life Lessons",Heartwarming,Medium,Low,8.1,Takes you on a journey into the deep rooted intricacies of modern human relationships.,Shakun Batra,"Deepika Padukone, Naseeruddin Shah, Ananya Panday, Siddhant Chaturvedi",https://images.unsplash.com/photo-1489599849927-2ee91cede3ba?w=600&auto=format&fit=crop&q=80
tt3322420,Queen,2013,2010s-2023,"Adventure, Comedy, Drama",144 min,144,"Solo Honeymoon, Self-Love & Independence, Cultural Awakening, Female Freedom",Feel-good,Low,Low,8.1,A Delhi girl from a traditional family sets out on a solo honeymoon after her marriage gets cancelled.,Vikas Bahl,"Kangana Ranaut, Rajkummar Rao, Lisa Haydon, Jeffrey Ho",https://m.media-amazon.com/images/M/MV5BNmU4M2E3ZTMtMzQyOC00YzVmLWFmZWEtOTdmNTNiZmY1NDQxXkEyXkFqcGc@._V1_FMjpg_UX1000_.jpg
tt7059844,Dabangg 3,2019,2010s-2023,"Action, Comedy, Crime",138 min,138,Crime & Justice,Adrenaline Rush,Medium,Medium,8.3,"Chulbul Pandey encounters an enemy from his past, and his origin story as the fearless cop unfolds.",Prabhu Deva,"Salman Khan, Sudeep, Sonakshi Sinha, Saiee Manjrekar",https://images.unsplash.com/photo-1489599849927-2ee91cede3ba?w=600&auto=format&fit=crop&q=80
tt0109555,Darr,1993,90s (1990-1999),"Action, Drama, Romance",158 min,158,Romantic Love,Heartwarming,Medium,Low,7.1,Darr is a girl's (Kiran) story caught between one man's (Sunil) love and another man's (Rahul) obsession.,Yash Chopra,"Juhi Chawla, Sunny Deol, Shah Rukh Khan, Anupam Kher",https://images.unsplash.com/photo-1489599849927-2ee91cede3ba?w=600&auto=format&fit=crop&q=80
tt9537292,Ala Vaikunthapurramuloo,2020,2010s-2023,"Action, Comedy, Drama",165 min,165,Family Ties,Feel-good,Medium,Low,6.9,"Fate plays a vital role in connecting the life of Bantu, a son who seeks validation from his cold-hearted father with the life of Raj, whose millionaire father wishes that he was more assertive.",Trivikram Srinivas,"Allu Arjun, Pooja Hegde, Tabu, Jayaram",https://images.unsplash.com/photo-1489599849927-2ee91cede3ba?w=600&auto=format&fit=crop&q=80
tt15709840,Kolai,2023,2010s-2023,"Crime, Drama, Mystery",163 min,163,"Revenge, Secrets & Deception",Tense & Thrilling,Medium,High,7.2,"When a famous model is killed, a smart detective investigates after realizing the incident seems to be a mystery.",Balaji K. Kumar,"Vijay Antony, Meenakshii Chaudhary, Ritika Singh, Radhika Sarathkumar",https://images.unsplash.com/photo-1489599849927-2ee91cede3ba?w=600&auto=format&fit=crop&q=80
tt0422091,Dhoom,2004,2000s,"Action, Crime, Drama",145 min,145,Crime & Justice,Adrenaline Rush,Medium,Medium,6.8,"Dhoom reinvents the classic cops and robbers tale for the 21st century. Fast bikes, big action, and non-stop fun make for a thrilling story.",Sanjay Gadhvi,"Abhishek Bachchan, John Abraham, Uday Chopra, Esha Deol",https://images.unsplash.com/photo-1489599849927-2ee91cede3ba?w=600&auto=format&fit=crop&q=80
tt7485048,Super 30,2019,2010s-2023,"Biography, Drama",159 min,159,"Human Conflict, Life Lessons",Inspiring,Medium,Medium,7.0,Based on the life of Patna-based mathematician Anand Kumar who runs the famed Super 30 program for IIT aspirants in Patna.,Vikas Bahl,"Hrithik Roshan, Mrunal Thakur, Nandish Singh Sandhu, Veerendra Saxena",https://images.unsplash.com/photo-1489599849927-2ee91cede3ba?w=600&auto=format&fit=crop&q=80
tt5918074,A Death in the Gunj,2016,2010s-2023,"Drama, Thriller",138 min,138,Family Ties,Tense & Thrilling,Medium,Medium,6.9,Life for a shy young Indian student slowly falls to pieces during a family road trip.,Konkona Sen Sharma,"Kalki Koechlin, Vikrant Massey, Gulshan Devaiah, Ranvir Shorey",https://images.unsplash.com/photo-1489599849927-2ee91cede3ba?w=600&auto=format&fit=crop&q=80
tt0441048,Dhoom:2,2006,2000s,"Action, Crime, Thriller",169 min,169,"Courage, Heroism",Tense & Thrilling,Medium,Medium,8.3,Back in action DHOOM:2 reinvents the action comedy genre and propels it into the 21st century. Go on and enjoy the ride once again with Jai and Ali.,Sanjay Gadhvi,"Hrithik Roshan, Abhishek Bachchan, Aishwarya Rai Bachchan, Uday Chopra",https://images.unsplash.com/photo-1489599849927-2ee91cede3ba?w=600&auto=format&fit=crop&q=80
tt5460276,Kaabil,2017,2010s-2023,"Action, Crime, Drama",168 min,168,"Revenge, Family Ties",Adrenaline Rush,Medium,Medium,7.4,A blind man seeks revenge against a corrupt politician and his brother after his wife is raped and killed.,Sanjay Gupta,"Hrithik Roshan, Yami Gautam, Ronit Roy, Rohit Roy",https://images.unsplash.com/photo-1489599849927-2ee91cede3ba?w=600&auto=format&fit=crop&q=80
tt10980562,Shootout at Byculla,2024,2024-Latest,Thriller,152 min,152,Revenge,Tense & Thrilling,Medium,Medium,7.6,It would be Based On JJ Hospital Shootout Story in 1992. Arun Gawli Gang Killed Haseena parkar's husband And later how Dawood Ibrahim gang took avenge from Gawli Gang.,Sanjay Gupta,"Sanjay Dutt, Sunny Deol, Saif Ali Khan, John Abraham",https://images.unsplash.com/photo-1489599849927-2ee91cede3ba?w=600&auto=format&fit=crop&q=80
tt3495030,Dum Laga Ke Haisha,2015,2010s-2023,"Comedy, Drama, Romance",166 min,166,Romantic Love,Feel-good,Medium,Low,6.7,Prem and his oversized wife Sandhya are supposed to spend a lifetime together. Will a regular arranged marriage turn out to be a perfect mismatch?,Sharat Katariya,"Bhumi Pednekar, Ayushmann Khurrana, Sanjay Mishra, Sheeba Chaddha",https://images.unsplash.com/photo-1489599849927-2ee91cede3ba?w=600&auto=format&fit=crop&q=80
tt6712014,Fukrey Returns,2017,2010s-2023,Comedy,135 min,135,Friendship,Feel-good,Low,Low,8.1,"Just out of jail, a don is ready to get back at the four friends who conned her.",Mrighdeep Lamba,"Pulkit Samrat, Varun Sharma, Ali Fazal, Manjot Singh",https://images.unsplash.com/photo-1489599849927-2ee91cede3ba?w=600&auto=format&fit=crop&q=80
tt3175038,Ek Villain,2014,2010s-2023,"Action, Crime, Drama",143 min,143,Revenge,Adrenaline Rush,Medium,Medium,6.7,"When his wife becomes the latest victim of a serial killer, Guru blurs the line between good and evil in his pursuit of revenge.",Mohit Suri,"Sidharth Malhotra, Shraddha Kapoor, Riteish Deshmukh, Shaad Randhawa",https://images.unsplash.com/photo-1489599849927-2ee91cede3ba?w=600&auto=format&fit=crop&q=80
tt2372222,Kick,2014,2010s-2023,"Action, Comedy, Crime",154 min,154,"Romantic Love, Crime & Justice, Patriotism & Honor",Adrenaline Rush,Medium,Medium,7.7,"An adrenaline junkie walks away from a whirlwind romance and embraces a new life as a thief, though he soon finds himself pursued by veteran police officer and engaged in a turf war with a local gangster.",Sajid Nadiadwala,"Salman Khan, Jacqueline Fernandez, Nawazuddin Siddiqui, Randeep Hooda",https://images.unsplash.com/photo-1489599849927-2ee91cede3ba?w=600&auto=format&fit=crop&q=80
tt1836912,Shaitan,2011,2010s-2023,"Action, Crime, Drama",153 min,153,"Friendship, Crime & Justice",Adrenaline Rush,Medium,Medium,7.6,Five substance-abusing friends decide to fake a kidnapping in order to bribe a police constable for covering-up a hit-and-run accident.,Bejoy Nambiar,"Kalki Koechlin, Shiv Panditt, Gulshan Devaiah, Rajeev Khandelwal",https://images.unsplash.com/photo-1489599849927-2ee91cede3ba?w=600&auto=format&fit=crop&q=80
tt12834962,Raksha Bandhan,2022,2010s-2023,"Comedy, Drama, Family",162 min,162,Family Ties,Feel-good,High,Low,8.3,"Lala Kedarnath, the eldest and only brother of 4 sisters, runs a chaat shop that was started by his father. Lala promises his frail mother on her deathbed that he will get married only ...                See full summary »",Aanand L. Rai,"Akshay Kumar, Bhumi Pednekar, Sadia Khateeb, Seema Pahwa",https://images.unsplash.com/photo-1489599849927-2ee91cede3ba?w=600&auto=format&fit=crop&q=80
tt5080556,2,2018,2010s-2023,"Action, Sci-Fi, Thriller",166 min,166,Patriotism & Honor,Tense & Thrilling,Medium,High,8.0,"After mobiles start mysteriously flying out of the hands of people in Chennai, Dr Vaseegaran summons his trusted robot Chitti to ward off the bird-shaped supernatural powers of Pakshirajan.",S. Shankar,"Rajinikanth, Akshay Kumar, Amy Jackson, Adil Hussain",https://images.unsplash.com/photo-1489599849927-2ee91cede3ba?w=600&auto=format&fit=crop&q=80
tt15315164,Cuttputlli,2022,2010s-2023,"Crime, Drama, Mystery",147 min,147,"Revenge, Crime & Justice",Tense & Thrilling,Medium,High,8.1,"When a small town gets plunged into the nightmare of serial killings, rookie cop Arjan embarks on a chase for the truth and unravels a gruesome conspiracy.",Ranjit Tewari,"Akshay Kumar, Rakul Preet Singh, Sargun Mehta, Chandrachur Singh",https://images.unsplash.com/photo-1489599849927-2ee91cede3ba?w=600&auto=format&fit=crop&q=80
tt9104736,Housefull 5,2024,2024-Latest,"Comedy, Drama",138 min,138,"Humor, Misunderstandings",Feel-good,Medium,Low,7.8,Add a Plot,Tarun Mansukhani,"Akshay Kumar, Sanjay Dutt, John Abraham, Kriti Sanon",https://images.unsplash.com/photo-1489599849927-2ee91cede3ba?w=600&auto=format&fit=crop&q=80
tt0110222,Kabhi Haan Kabhi Naa,1994,90s (1990-1999),"Comedy, Drama, Music",138 min,138,"Romantic Love, Ambition & Triumph",Feel-good,Medium,Low,6.8,A dreamer falls for a girl who is in love with someone else and tries to create a rift between her and the man she loves.,Kundan Shah,"Shah Rukh Khan, Suchitra Krishnamoorthi, Deepak Tijori, Rita Bhaduri",https://images.unsplash.com/photo-1489599849927-2ee91cede3ba?w=600&auto=format&fit=crop&q=80
tt1926313,Pyaar Ka Punchnama,2011,2010s-2023,"Comedy, Drama, Romance",182 min,182,Friendship,Feel-good,Medium,Low,7.9,Nishant starts dating Charu while his roommates Rajat and Vikrant already have girlfriends in Neha and Rhea respectively. Trouble starts when the guys feel that their girlfriends are dominating them.,Luv Ranjan,"Kartik Aaryan, Ashish Chhipa, Raayo S. Bakhirta, Divyendu Sharma",https://images.unsplash.com/photo-1489599849927-2ee91cede3ba?w=600&auto=format&fit=crop&q=80
tt1230448,Billu,2009,2000s,"Comedy, Drama",139 min,139,"Humor, Misunderstandings",Feel-good,Medium,Low,8.0,"In an Indian village, a struggling barber sees his luck begin to turn when residents learn that a famous actor he once knew is coming to town.",Priyadarshan,"Irrfan Khan, Lara Dutta, Om Puri, Govardhan Asrani",https://images.unsplash.com/photo-1489599849927-2ee91cede3ba?w=600&auto=format&fit=crop&q=80
tt0473367,Jaane Tu... Ya Jaane Na,2008,2000s,"Comedy, Drama, Romance",178 min,178,"Friendship, Romantic Love",Feel-good,Medium,Low,7.9,Two best friends being convinced that they are not in love search for each other's love.,Abbas Tyrewala,"Imran Khan, Genelia Deshmukh, Manjari Fadnnis, Ayaz Khan",https://images.unsplash.com/photo-1489599849927-2ee91cede3ba?w=600&auto=format&fit=crop&q=80
tt8110330,Dil Bechara,2020,2010s-2023,"Comedy, Drama, Romance",154 min,154,Romantic Love,Feel-good,Medium,Low,7.3,"The emotional journey of two hopelessly-in-love youngsters; a young girl, Kizie, who is suffering from cancer; and Manny, a boy Kizie meets at a support group.",Mukesh Chhabra,"Sushant Singh Rajput, Sanjana Sanghi, Sahil Vaid, Saswata Chatterjee",https://images.unsplash.com/photo-1489599849927-2ee91cede3ba?w=600&auto=format&fit=crop&q=80
tt0242519,Hera Pheri,2000,2000s,"Action, Comedy, Crime",155 min,155,"Courage, Heroism",Adrenaline Rush,Medium,Medium,7.2,"Three unemployed men look for answers to all their money problems - but when their opportunity arrives, will they know what to do with it?",Priyadarshan,"Akshay Kumar, Suniel Shetty, Paresh Rawal, Tabu",https://images.unsplash.com/photo-1489599849927-2ee91cede3ba?w=600&auto=format&fit=crop&q=80
tt0995031,Bhool Bhulaiyaa,2007,2000s,"Comedy, Horror, Mystery",146 min,146,"Patriotism & Honor, Secrets & Deception",Feel-good,High,High,6.7,"An NRI and his wife decide to stay in his ancestral home, paying no heed to the warnings about ghosts. Soon, inexplicable occurrences cause him to call a psychiatrist to help solve the mystery.",Priyadarshan,"Akshay Kumar, Vidya Balan, Shiney Ahuja, Ameesha Patel",https://images.unsplash.com/photo-1489599849927-2ee91cede3ba?w=600&auto=format&fit=crop&q=80
tt2203308,Aashiqui 2,2013,2010s-2023,"Drama, Music, Musical",147 min,147,"Human Conflict, Life Lessons",Deep & Emotional,Medium,Low,7.7,Rahul loses his fans and fame due to alcoholism. But he then decides to turn a small time singer into a rising star.,Mohit Suri,"Aditya Roy Kapoor, Shraddha Kapoor, Shaad Randhawa, Salil Acharya",https://images.unsplash.com/photo-1489599849927-2ee91cede3ba?w=600&auto=format&fit=crop&q=80
tt1185442,Kurbaan,2009,2000s,"Action, Crime, Drama",142 min,142,"Courage, Heroism",Adrenaline Rush,Medium,Medium,8.1,"A woman finds that her neighbors are terrorists, and her husband is not who he claims to be.",Renzil D'Silva,"Lewis Tan, Kareena Kapoor, Saif Ali Khan, Om Puri",https://images.unsplash.com/photo-1489599849927-2ee91cede3ba?w=600&auto=format&fit=crop&q=80
tt5885564,Don 3: The Final Chapter,2025,2024-Latest,"Action, Thriller",163 min,163,"Courage, Heroism",Tense & Thrilling,Medium,Medium,8.3,Plot under wraps.,Farhan Akhtar,Ranveer Singh,https://images.unsplash.com/photo-1489599849927-2ee91cede3ba?w=600&auto=format&fit=crop&q=80
tt4228746,Zid,2014,2010s-2023,"Crime, Romance, Thriller",153 min,153,"Friendship, Romantic Love, Family Ties",Tense & Thrilling,Medium,Medium,8.0,"A journalist, who is still in love with his ex-girlfriend, becomes the obsession of his landlord's daughter.",Vivek Agnihotri,"Mannara Chopra, Karanvir Sharma, Shraddha Das, Denzil Smith",https://images.unsplash.com/photo-1489599849927-2ee91cede3ba?w=600&auto=format&fit=crop&q=80
tt14091818,Ajeeb Daastaans,2021,2010s-2023,"Drama, Romance",179 min,179,"Human Conflict, Life Lessons",Heartwarming,Medium,Low,8.1,Four shorts explore the surprising ways in which unexpected catalysts inflame the uncomfortable emotions simmering under fractured relationships.,"Neeraj Ghaywan, Kayoze Irani, Shashank Khaitan, Raj Mehta","Fatima Sana Shaikh, Jaideep Ahlawat, Armaan Ralhan, Nushrratt Bharuccha",https://images.unsplash.com/photo-1489599849927-2ee91cede3ba?w=600&auto=format&fit=crop&q=80
tt7212726,Simmba,2018,2010s-2023,"Action, Crime, Drama",147 min,147,Crime & Justice,Adrenaline Rush,Medium,Medium,7.7,"Simmba, a Corrupt Officer, enjoys all the perks of being an immoral and unethical police officer until a life-changing event forces him to choose the righteous path.",Rohit Shetty,"Ranveer Singh, Sara Ali Khan, Sonu Sood, Ashutosh Rana",https://images.unsplash.com/photo-1489599849927-2ee91cede3ba?w=600&auto=format&fit=crop&q=80
tt1620719,Dabangg,2010,2010s-2023,"Action, Comedy, Crime",136 min,136,"Family Ties, Crime & Justice",Adrenaline Rush,Medium,Medium,8.0,"A corrupt police officer faces challenges from his family, gangsters and politicians.",Abhinav Kashyap,"Salman Khan, Sonakshi Sinha, Sonu Sood, Arbaaz Khan",https://images.unsplash.com/photo-1489599849927-2ee91cede3ba?w=600&auto=format&fit=crop&q=80
tt15281402,Waltair Veerayya,2023,2010s-2023,"Action, Drama",169 min,169,"Family Ties, Crime & Justice",Deep & Emotional,Medium,Low,8.1,A fisherman who engages in smuggling accepts a request from a disheveled police officer in order to use it to his personal advantage,K.S. Ravindra,"Chiranjeevi, Shruti Haasan, Urvashi Rautela, Ravi Teja",https://images.unsplash.com/photo-1489599849927-2ee91cede3ba?w=600&auto=format&fit=crop&q=80
tt12862042,Jogira Sara Ra Ra,2023,2010s-2023,"Comedy, Drama, Family",151 min,151,Romantic Love,Feel-good,Medium,Low,7.7,"Jogi the match maker and Dimple who seeks help to him to get rid of her marriage, both face the consequences as it is eventually decided that Jogi will marry her to save face.",Kushan Nandy,"Nawazuddin Siddiqui, Neha Sharma, Vishal Anand, Mimoh Chakraborty",https://images.unsplash.com/photo-1489599849927-2ee91cede3ba?w=600&auto=format&fit=crop&q=80
tt28362963,Checkmate,2023,2010s-2023,"Action, Comedy",162 min,162,Secrets & Deception,Feel-good,Medium,Low,7.7,"An assassin gets hired for a job that throws him in a murky pool of mishaps, eventually leading to a baffling secret.","Akriti Bajpai, Harsh Beniwal","Harsh Beniwal, Mohit Chhikara, Aditya Paul, Vishal Vashishtha",https://images.unsplash.com/photo-1489599849927-2ee91cede3ba?w=600&auto=format&fit=crop&q=80
tt0432637,Krrish,2006,2000s,"Action, Adventure, Sci-Fi",151 min,151,Patriotism & Honor,Mind-bending & Epic,Medium,High,7.8,"Krishna is forced by circumstances to use his superpowers and become the masked superhero Krrish, before getting drawn towards his lost legacy.",Rakesh Roshan,"Hrithik Roshan, Priyanka Chopra Jonas, Rekha, Naseeruddin Shah",https://images.unsplash.com/photo-1489599849927-2ee91cede3ba?w=600&auto=format&fit=crop&q=80
tt0211934,Baadshah,1999,90s (1990-1999),"Action, Comedy, Crime",147 min,147,"Crime & Justice, Secrets & Deception",Adrenaline Rush,Medium,Medium,7.8,A small time detective is mistaken as a CBI agent and gets embroiled in a deadly mission to save the Chief Minister from an assassination attempt.,"Abbas Alibhai Burmawalla, Mastan Alibhai Burmawalla","Shah Rukh Khan, Twinkle Khanna, Amrish Puri, Johny Lever",https://images.unsplash.com/photo-1489599849927-2ee91cede3ba?w=600&auto=format&fit=crop&q=80
tt1639426,Udaan,2010,2010s-2023,Drama,141 min,141,Family Ties,Deep & Emotional,Medium,Low,7.6,"Expelled from his school, a 16-year old boy returns home to his abusive and oppressive father.",Vikramaditya Motwane,"Rajat Barmecha, Ronit Roy, Manjot Singh, Ram Kapoor",https://images.unsplash.com/photo-1489599849927-2ee91cede3ba?w=600&auto=format&fit=crop&q=80
tt0240200,Water,2005,2000s,Drama,140 min,140,"Human Conflict, Life Lessons",Deep & Emotional,Medium,Low,7.0,"Set in colonial India against Gandhi's rise to power, it's the story of 8-year-old Chuyia, who is widowed and sent to a home to live in penitence; once there, Chuyia's feisty presence deeply affects the lives of the other residents.",Deepa Mehta,"Lisa Ray, John Abraham, Seema Biswas, Sarala Kariyawasam",https://images.unsplash.com/photo-1489599849927-2ee91cede3ba?w=600&auto=format&fit=crop&q=80
tt1438298,Guzaarish,2010,2010s-2023,"Drama, Romance",170 min,170,"Human Conflict, Life Lessons",Heartwarming,Medium,Low,6.9,"Ethan, a magician rendered paralyzed in an accident, sets off a furor when he makes a petition to the court to end his own life.",Sanjay Leela Bhansali,"Hrithik Roshan, Aishwarya Rai Bachchan, Shernaz Patel, Aditya Roy Kapoor",https://images.unsplash.com/photo-1489599849927-2ee91cede3ba?w=600&auto=format&fit=crop&q=80
tt0254481,Koi... Mil Gaya,2003,2000s,"Action, Drama, Romance",136 min,136,Family Ties,Heartwarming,Medium,Low,7.4,"A developmentally disabled young man tries to continue the work his father did in communicating with extra-terrestrials from outer space, which leads to something miraculous and wonderful.",Rakesh Roshan,"Rekha, Hrithik Roshan, Preity G Zinta, Rajat Bedi",https://images.unsplash.com/photo-1489599849927-2ee91cede3ba?w=600&auto=format&fit=crop&q=80
tt0118983,Dil To Pagal Hai,1997,90s (1990-1999),"Comedy, Drama, Musical",181 min,181,"Romantic Love, Ambition & Triumph",Feel-good,Medium,Low,7.5,"A grand musical about three passionate and dreamy characters: Rahul, Pooja and Nisha. Will their dreams come true? Will they find their true love?",Yash Chopra,"Shah Rukh Khan, Madhuri Dixit, Karisma Kapoor, Akshay Kumar",https://images.unsplash.com/photo-1489599849927-2ee91cede3ba?w=600&auto=format&fit=crop&q=80
tt2229842,Table No.21,2013,2010s-2023,"Adventure, Drama, Thriller",157 min,157,"Human Conflict, Life Lessons",Tense & Thrilling,Medium,Medium,7.1,A couple is drawn into a game show with a whooping winning prize. However the game turns into more than a survival for them with no escape.,Aditya Datt,"Paresh Rawal, Rajeev Khandelwal, Tina Desai, Dhruv Ganesh",https://images.unsplash.com/photo-1489599849927-2ee91cede3ba?w=600&auto=format&fit=crop&q=80
tt2429640,Murder 3,2013,2010s-2023,"Drama, Mystery, Thriller",151 min,151,"Human Conflict, Life Lessons",Tense & Thrilling,Medium,High,7.7,"A hot-shot fashion and wildlife photographer Vikram gets into a relationship with Nisha. She moves in with him in his palatial house outside of the city. The old world house, made decades ...                See full summary »",Vishesh Bhatt,"Randeep Hooda, Aditi Rao Hydari, Sara Loren, Rajesh Shringarpure",https://images.unsplash.com/photo-1489599849927-2ee91cede3ba?w=600&auto=format&fit=crop&q=80
tt10840884,Taish,2020,2010s-2023,"Action, Thriller",144 min,144,"Friendship, Romantic Love, Secrets & Deception",Tense & Thrilling,Medium,Medium,7.0,"A story of friendship and loss of innocence when two worlds clash amid a wedding when a secret exposes a betrayal, and innocent friends converge with dangerous criminals and intense violence.",Bejoy Nambiar,"Harshvardhan Rane, Jim Sarbh, Pulkit Samrat, Kriti Kharbanda",https://images.unsplash.com/photo-1489599849927-2ee91cede3ba?w=600&auto=format&fit=crop&q=80
tt6108090,Secret Superstar,2017,2010s-2023,"Drama, Music",152 min,152,Family Ties,Deep & Emotional,Medium,High,7.7,A talented teenage singer-songwriter living amid domestic abuse becomes a YouTube sensation after a video in which she hides her identity goes viral.,Advait Chandan,"Zaira Wasim, Meher Vij, Raj Arjun, Aamir Khan",https://images.unsplash.com/photo-1489599849927-2ee91cede3ba?w=600&auto=format&fit=crop&q=80
tt10598156,Dhaakad,2022,2010s-2023,"Action, Thriller",157 min,157,Crime & Justice,Tense & Thrilling,Medium,Medium,7.8,"Agent Agni, a highly trained and deadly field agent is entrusted with the mission to gather Intel and eliminate Rudraveer, an international human and arms trafficker who has been off the radar for ten years.",Razneesh Ghai,"Kangana Ranaut, Arjun Rampal, Divya Dutta, Sharib Hashmi",https://images.unsplash.com/photo-1489599849927-2ee91cede3ba?w=600&auto=format&fit=crop&q=80
tt0432047,Sarkar,2005,2000s,"Action, Crime, Drama",149 min,149,"Revenge, Family Ties",Adrenaline Rush,High,Medium,6.9,"Subhash Nagre runs a parallel government in the city where he has a cult following. When his enemies plot to murder him, his son takes charge and stands up against them.",Ram Gopal Varma,"Amitabh Bachchan, Abhishek Bachchan, Kay Kay Menon, Supriya Pathak",https://images.unsplash.com/photo-1489599849927-2ee91cede3ba?w=600&auto=format&fit=crop&q=80
tt27470893,Chandu Champion,2024,2024-Latest,"Biography, Drama, Sport",151 min,151,"Human Conflict, Life Lessons",Inspiring,Medium,Medium,7.5,Based on the extraordinary real-life story of a sportsman and his spirit of never giving up.,Kabir Khan,"Shraddha Kapoor, Katrina Kaif, Kartik Aaryan, Bhuvan Arora",https://images.unsplash.com/photo-1489599849927-2ee91cede3ba?w=600&auto=format&fit=crop&q=80
tt9851854,Major,2022,2010s-2023,"Action, Biography, Drama",144 min,144,Patriotism & Honor,Inspiring,Medium,Medium,7.0,"Based on the life of Major Sandeep Unnikrishnan, who was martyred in action during the November 2008 Mumbai attacks and was consequently awarded the Ashoka Chakra, India's highest peacetime gallantry award, on 26 January 2009.",Sashi Kiran Tikka,"Adivi Sesh, Prakash Raj, Revathi, Saiee Manjrekar",https://images.unsplash.com/photo-1489599849927-2ee91cede3ba?w=600&auto=format&fit=crop&q=80
tt9054970,Doctor G,2022,2010s-2023,"Comedy, Drama",144 min,144,"Humor, Misunderstandings",Feel-good,Medium,Low,7.8,"Uday Gupta finds himself as the lone male resident in the Gynaecology department. His reluctance leads to chaos, confusion, comedy and eventually, great camaraderie with his fellow classmates.",Anubhuti Kashyap,"Ayushmann Khurrana, Rakul Preet Singh, Shefali Shah, Sheeba Chaddha",https://images.unsplash.com/photo-1489599849927-2ee91cede3ba?w=600&auto=format&fit=crop&q=80
tt4977530,Viceroy's House,2017,2010s-2023,"Biography, Drama, History",182 min,182,"Human Conflict, Life Lessons",Inspiring,Medium,Medium,8.0,"The final Viceroy of India, Louis Francis Albert Victor Nicholas Mountbatten, 1st Earl Mountbatten of Burma (Hugh Bonneville), is tasked with overseeing the transition of British India to independence, but meets with conflict as different sides clash in the face of monumental change.",Gurinder Chadha,"Hugh Bonneville, Gillian Anderson, Manish Dayal, Huma Qureshi",https://images.unsplash.com/photo-1489599849927-2ee91cede3ba?w=600&auto=format&fit=crop&q=80
tt4169250,M.S. Dhoni: The Untold Story,2016,2010s-2023,"Biography, Drama, Sport",154 min,154,"Human Conflict, Life Lessons",Inspiring,Medium,Medium,6.6,The untold story of Mahendra Singh Dhoni's journey from ticket collector to trophy collector - the world-cup-winning captain of the Indian Cricket Team.,"Mathur Goswami, Neeraj Pandey","Sushant Singh Rajput, Kiara Advani, Anupam Kher, Disha Patani",https://images.unsplash.com/photo-1489599849927-2ee91cede3ba?w=600&auto=format&fit=crop&q=80
tt1948150,Singham,2011,2010s-2023,"Action, Crime, Drama",166 min,166,Crime & Justice,Adrenaline Rush,Medium,Medium,7.2,A truly honest police officer is transferred to a town controlled by a gangster he has humiliated. The gangster believes he can use good power to bring down this officer who made him look foolish and weak.,Rohit Shetty,"Ajay Devgn, Prakash Raj, Sudhanshu Pandey, Kajal Aggarwal",https://images.unsplash.com/photo-1489599849927-2ee91cede3ba?w=600&auto=format&fit=crop&q=80
tt2356180,Bhaag Milkha Bhaag,2013,2010s-2023,"Biography, Drama, Sport",157 min,157,"Human Conflict, Life Lessons",Inspiring,Medium,Medium,7.0,"The truth behind the ascension of Milkha Singh, who was scarred by of the India-Pakistan partition.",Rakeysh Omprakash Mehra,"Farhan Akhtar, Deepak Singh Rawat, Japtej Singh, Divya Dutta",https://images.unsplash.com/photo-1489599849927-2ee91cede3ba?w=600&auto=format&fit=crop&q=80
tt13438922,All Ladies Do It,2020,2010s-2023,"Drama, Thriller",148 min,148,"Human Conflict, Life Lessons",Tense & Thrilling,Medium,Medium,7.0,A Handsome young man gets erotically involved with a Sultry seductive wife of an impotent man only to find himself tangles in a dangerous web of lies and cheat,"Akhil Gautam, Akhil Gautam","Sejal Shah, Vikas Sachdeva, Ajay Bafna",https://images.unsplash.com/photo-1489599849927-2ee91cede3ba?w=600&auto=format&fit=crop&q=80
tt6129302,Bhavesh Joshi Superhero,2018,2010s-2023,"Action, Crime, Drama",151 min,151,"Friendship, Patriotism & Honor",Adrenaline Rush,Medium,Medium,7.1,"The origin story of Bhavesh Joshi, an Indian superhero, who sets out to fulfill his slain friend's wish to clean and reform the country, by training himself to fight and wearing a mask.",Vikramaditya Motwane,"Harshvardhan Kapoor, Priyanshu Painyuli, Ashish Verma, Shreiyah Sabharwal",https://images.unsplash.com/photo-1489599849927-2ee91cede3ba?w=600&auto=format&fit=crop&q=80
tt1985981,Desi Boyz,2011,2010s-2023,"Comedy, Drama, Romance",181 min,181,Friendship,Feel-good,Medium,Low,7.7,"Two friends lose their jobs, then part bitterly after they get exposed as male strippers.",Rohit Dhawan,"Akshay Kumar, John Abraham, Deepika Padukone, Chitrangda Singh",https://images.unsplash.com/photo-1489599849927-2ee91cede3ba?w=600&auto=format&fit=crop&q=80
tt8396128,Pataakha,2018,2010s-2023,"Action, Comedy, Drama",160 min,160,Romantic Love,Feel-good,Medium,Low,8.1,"Based on Charan Singh Pathik's short story Do Behnein, Pataakha narrates the story of two feuding sisters who realize the true nature of their relationship only after marriage ""separates"" them.",Vishal Bhardwaj,"Sanya Malhotra, Radhika Madan, Sunil Grover, Vijay Raaz",https://images.unsplash.com/photo-1489599849927-2ee91cede3ba?w=600&auto=format&fit=crop&q=80
tt1629376,7 Khoon Maaf,2011,2010s-2023,"Comedy, Drama, Mystery",140 min,140,Romantic Love,Feel-good,Medium,High,7.5,"Susanna is hungry for love and will go to any extent to find it in its purest form. In her quest for the perfect man, she gets married a number of times as each of her husband's die mysteriously.",Vishal Bhardwaj,"Priyanka Chopra Jonas, Vivaan Shah, Neil Nitin Mukesh, John Abraham",https://images.unsplash.com/photo-1489599849927-2ee91cede3ba?w=600&auto=format&fit=crop&q=80
tt8907986,Angrezi Medium,2020,2010s-2023,"Comedy, Drama",128 min,128,"Family Ties, Ambition & Triumph",Feel-good,Medium,Low,7.0,"When his daughter decides to further her studies in London, a hardworking Rajasthani businessman does everything in power to make her dreams come true.",Homi Adajania,"Irrfan Khan, Radhika Madan, Kareena Kapoor, Deepak Dobriyal",https://images.unsplash.com/photo-1489599849927-2ee91cede3ba?w=600&auto=format&fit=crop&q=80
tt26008876,Janaki Jaane,2023,2010s-2023,"Drama, Family",167 min,167,"Human Conflict, Life Lessons",Deep & Emotional,Medium,Low,8.0,"Struggling with panic disorder, Janaki is ecstatic when Unni Mukundan proposes to marry her. Things go south when Janaki's fears land her in serious trouble.",Aneesh Upasana,"Saiju Kurup, Sharafudheen, Johny Antony, Anarkali Marikar",https://images.unsplash.com/photo-1489599849927-2ee91cede3ba?w=600&auto=format&fit=crop&q=80
tt2181831,Shahid,2012,2010s-2023,"Biography, Drama",170 min,170,"Human Conflict, Life Lessons",Inspiring,Medium,Medium,7.2,"The account of Human Rights lawyer Shahid Azmi, an ordinary citizen with an extraordinary commitment to justice.",Hansal Mehta,"Rajkummar Rao, Prabhleen Sandhu, Mohd. Zeeshan Ayyub, Baljinder Kaur",https://images.unsplash.com/photo-1489599849927-2ee91cede3ba?w=600&auto=format&fit=crop&q=80
tt2408040,B.A. Pass,2012,2010s-2023,"Crime, Drama, Thriller",142 min,142,"Human Conflict, Life Lessons",Tense & Thrilling,Medium,Medium,6.5,A young boy is seduced by a woman who later turns him into a gigolo (male prostitute).,Ajay Bahl,"Shadab Kamal, Shilpa Shukla, Rajesh Sharma, Deepti Naval",https://images.unsplash.com/photo-1489599849927-2ee91cede3ba?w=600&auto=format&fit=crop&q=80
tt10888594,Radhe,2021,2010s-2023,"Action, Crime, Thriller",145 min,145,"Crime & Justice, Secrets & Deception",Tense & Thrilling,Medium,Medium,7.3,"After taking the dreaded gangster Gani Bhai, ACP Rajveer Shikawat aka Radhe goes on a manhunt to find the wealthiest man of the town secretly running a crime syndicate.",Prabhu Deva,"Salman Khan, Disha Patani, Randeep Hooda, Jackie Shroff",https://images.unsplash.com/photo-1489599849927-2ee91cede3ba?w=600&auto=format&fit=crop&q=80
tt4435072,Liger,2022,2010s-2023,"Action, Drama, Romance",142 min,142,"Romantic Love, Family Ties, Ambition & Triumph",Heartwarming,Medium,Low,6.8,"A story about martial arts, dreams and star crossed lovers. Liger is an MMA fighter who trains hard and rises up the ranks with one goal in mind, to fight like his idol, world renowned MMA fighter Mark Anderson and get noticed by him.",Puri Jagannadh,"Mike Tyson, Vijay Deverakonda, Ananya Panday, Ramya Krishnan",https://images.unsplash.com/photo-1489599849927-2ee91cede3ba?w=600&auto=format&fit=crop&q=80
tt2527238,Kamasutra 3D,2013,2010s-2023,"Drama, Romance",179 min,179,"Human Conflict, Life Lessons",Heartwarming,Medium,Low,7.7,A young and beautiful Indian princess sets out on a voyage in search of her husband.,Rupesh Paul,"Mohan Kapur, Makrand Deshpande, Abha Paul, Sushmita Mukherjee",https://images.unsplash.com/photo-1489599849927-2ee91cede3ba?w=600&auto=format&fit=crop&q=80
tt27744786,Untitled Vikas Bahl/Jio Studios Project,2024,2024-Latest,"Horror, Thriller",154 min,154,Family Ties,Tense & Thrilling,High,Medium,6.6,A timeless tale of battle between good and evil with a family embodying the forces of righteousness while a man symbolizes malevolence.,Vikas Bahl,"Ajay Devgn, Madhavan, Janki Bodiwala, Jyotika",https://images.unsplash.com/photo-1489599849927-2ee91cede3ba?w=600&auto=format&fit=crop&q=80
tt2168910,Cocktail,2012,2010s-2023,"Comedy, Drama, Romance",181 min,181,"Friendship, Romantic Love",Feel-good,Medium,Low,7.3,"A love triangle between a guy and two girls, who are best friends but the complete opposite of one another.",Homi Adajania,"Saif Ali Khan, Deepika Padukone, Diana Penty, Dimple Kapadia",https://images.unsplash.com/photo-1489599849927-2ee91cede3ba?w=600&auto=format&fit=crop&q=80
tt0126871,Deewana,1992,90s (1990-1999),"Action, Comedy, Drama",165 min,165,Revenge,Feel-good,Medium,Low,6.9,"A singer (Rishi Kapoor) marries his biggest fan, but his uncle (Amrish Puri) plans to kill him in order to gain his money.",Raj Kanwar,"Rishi Kapoor, Divya Bharti, Shah Rukh Khan, Alok Nath",https://images.unsplash.com/photo-1489599849927-2ee91cede3ba?w=600&auto=format&fit=crop&q=80
tt0805184,Bhagam Bhag,2006,2000s,"Comedy, Drama, Mystery",143 min,143,Revenge,Feel-good,High,High,6.8,"The members of a drama troupe fall in trouble when they are framed for a murder. Things go worse when they find their actress committing suicide, which is somehow linked with the murder.",Priyadarshan,"Akshay Kumar, Govinda, Paresh Rawal, Lara Dutta",https://images.unsplash.com/photo-1489599849927-2ee91cede3ba?w=600&auto=format&fit=crop&q=80
tt6484982,Newton,2017,2010s-2023,"Comedy, Drama",136 min,136,"Humor, Misunderstandings",Feel-good,Medium,Low,7.1,A government clerk on election duty in the conflict ridden jungle of Central India tries his best to conduct free and fair voting despite the apathy of security forces and the looming fear of guerrilla attacks by communist rebels.,Amit Masurkar,"Rajkummar Rao, Pankaj Tripathi, Anjali Patil, Raghubir Yadav",https://images.unsplash.com/photo-1489599849927-2ee91cede3ba?w=600&auto=format&fit=crop&q=80
tt8983180,Made in China,2019,2010s-2023,"Comedy, Drama",137 min,137,"Humor, Misunderstandings",Feel-good,Medium,Low,7.5,"Story of Failed Gujarati Businessman, who jumps into unknown world of China to get once in a life time business idea, which will change his life.",Mikhil Musale,"Rajkummar Rao, Boman Irani, Mouni Roy, Paresh Rawal",https://images.unsplash.com/photo-1489599849927-2ee91cede3ba?w=600&auto=format&fit=crop&q=80
tt2213054,Kai po che!,2013,2010s-2023,"Drama, Sport",157 min,157,"Friendship, Patriotism & Honor",Deep & Emotional,Medium,Low,7.7,Three friends growing up in India at the turn of the millennium set out to open a training academy to produce the country's next cricket stars.,Abhishek Kapoor,"Amit Sadh, Sushant Singh Rajput, Rajkummar Rao, Amrita Puri",https://images.unsplash.com/photo-1489599849927-2ee91cede3ba?w=600&auto=format&fit=crop&q=80
tt6711660,Babumoshai Bandookbaaz,2017,2010s-2023,"Action, Comedy, Crime",142 min,142,"Friendship, Revenge, Romantic Love",Adrenaline Rush,Medium,Medium,7.2,"The movie, filled with humor and romance, is a quirky ride into the life and times of a small time contract killer, Babu, played by Nawazuddin Siddiqui. The film spins around his love, his friends, his rivalries and his revenge.",Kushan Nandy,"Nawazuddin Siddiqui, Bidita Bag, Jatin Goswami, Shraddha Das",https://images.unsplash.com/photo-1489599849927-2ee91cede3ba?w=600&auto=format&fit=crop&q=80
tt3678938,Humpty Sharma Ki Dulhania,2014,2010s-2023,"Comedy, Drama, Romance",147 min,147,Romantic Love,Feel-good,Medium,Low,7.9,"A girl from Ambala, Kavya Pratap Singh, is about to be married. When she visits Delhi to shop for her 'dhai lakh ka Ghagra, she meets Humpty Sharma, a carefree Delhiite, and falls in love with him.",Shashank Khaitan,"Varun Dhawan, Alia Bhatt, Ashutosh Rana, Sidharth Shukla",https://images.unsplash.com/photo-1489599849927-2ee91cede3ba?w=600&auto=format&fit=crop&q=80
tt13545522,Chatrapathi,2023,2010s-2023,"Action, Drama",166 min,166,Family Ties,Deep & Emotional,Medium,Low,7.1,Shivaji and his family are uprooted from their community in Sri Lanka and wind up as bonded labourers in Visakhapatnam. The situation worsens when his jealous stepbrother enters his life.,V.V. Vinayak,"Sai Srinivas Bellamkonda, Nushrratt Bharuccha, Karan Singh Chhabra, Vedika Nawani",https://images.unsplash.com/photo-1489599849927-2ee91cede3ba?w=600&auto=format&fit=crop&q=80
tt1274295,Kaminey,2009,2000s,"Action, Crime, Drama",151 min,151,"Family Ties, Crime & Justice",Adrenaline Rush,Medium,Medium,7.9,"The desperate lives of two estranged twin brothers converge over missing drugs, politics, racial prejudice, corrupt cops and an unplanned pregnancy.",Vishal Bhardwaj,"Shahid Kapoor, Priyanka Chopra Jonas, Deb Mukherjee, Shivkumar Subramaniam",https://images.unsplash.com/photo-1489599849927-2ee91cede3ba?w=600&auto=format&fit=crop&q=80
tt1373156,Karthik Calling Karthik,2010,2010s-2023,"Drama, Mystery, Romance",146 min,146,"Human Conflict, Life Lessons",Tense & Thrilling,Medium,High,6.6,"A much abused loner achieves success, and even wins the heart of his gorgeous co-worker, after getting early morning mysterious phone calls from someone.",Vijay Lalwani,"Farhan Akhtar, Deepika Padukone, Ram Kapoor, Shefali Shah",https://images.unsplash.com/photo-1489599849927-2ee91cede3ba?w=600&auto=format&fit=crop&q=80
tt0259534,Ramayana: The Legend of Prince Rama,1993,90s (1990-1999),"Animation, Action, Adventure",161 min,161,"Courage, Heroism",Deep & Emotional,Medium,Low,8.3,"An anime adaptation of the Hindu epic the Ramayana, where Lord Ram combats the wicked king Ravana.","Ram Mohan, Yûgô Sakô, Koichi Saski","Arun Govil, Nikhil Kapoor, Edie Mirman, Rael Padamsee",https://images.unsplash.com/photo-1489599849927-2ee91cede3ba?w=600&auto=format&fit=crop&q=80
tt6206564,Trapped,2016,2010s-2023,"Drama, Thriller",144 min,144,Ambition & Triumph,Tense & Thrilling,Medium,Medium,6.5,"A man struggles to survive after he unintentionally locks himself up in a high rise devoid of food, water and electricity.",Vikramaditya Motwane,"Rajkummar Rao, Geetanjali Thapa, Shiladitya Sen, Rahul Patel",https://images.unsplash.com/photo-1489599849927-2ee91cede3ba?w=600&auto=format&fit=crop&q=80
tt7399470,Qarib Qarib Singlle,2017,2010s-2023,"Comedy, Romance",157 min,157,Family Ties,Feel-good,Low,Low,8.1,"Yogi and Jaya, who have polar opposite personalities and sensibilities, meet via a online dating app. This encounter turns into so much more when the two travel to Rishikesh.",Tanuja Chandra,"Irrfan Khan, Parvathy Thiruvothu, Neha Dhupia, Isha Sharvani",https://images.unsplash.com/photo-1489599849927-2ee91cede3ba?w=600&auto=format&fit=crop&q=80
tt8366590,Baaghi 3,2020,2010s-2023,"Action, Adventure, Thriller",137 min,137,Family Ties,Tense & Thrilling,Medium,Medium,6.8,A man embarks on a bloody rampage to save his kidnapped brother.,Ahmed Khan,"Tiger Shroff, Riteish Deshmukh, Shraddha Kapoor, Ankita Lokhande",https://images.unsplash.com/photo-1489599849927-2ee91cede3ba?w=600&auto=format&fit=crop&q=80
tt9635540,Darbar,2020,2010s-2023,"Action, Crime, Thriller",160 min,160,"Crime & Justice, Secrets & Deception",Tense & Thrilling,Medium,Medium,7.0,A police officer is on a chase to hunt down a dreaded gangster to fulfill his own secret agenda.,A.R. Murugadoss,"Rajinikanth, Nayanthara, Nivetha Thomas, Suniel Shetty",https://images.unsplash.com/photo-1489599849927-2ee91cede3ba?w=600&auto=format&fit=crop&q=80
tt6455162,Bhool Bhulaiyaa 2,2022,2010s-2023,"Comedy, Drama, Horror",144 min,144,"Humor, Misunderstandings",Feel-good,High,Low,7.5,"When strangers Reet and Ruhan cross paths, their journey leads to an abandoned mansion and a dreaded spirit that has been trapped for 18 years.",Anees Bazmee,"Tabu, Kartik Aaryan, Kiara Advani, Rajpal Naurang Yadav",https://images.unsplash.com/photo-1489599849927-2ee91cede3ba?w=600&auto=format&fit=crop&q=80
tt4434004,Udta Punjab,2016,2010s-2023,"Action, Crime, Drama",142 min,142,"Courage, Heroism",Adrenaline Rush,Medium,Medium,6.6,A story that revolves around drug abuse in the affluent north Indian State of Punjab and how the youth there have succumbed to it en-masse resulting in a socio-economic decline.,Abhishek Chaubey,"Shahid Kapoor, Alia Bhatt, Kareena Kapoor, Diljit Dosanjh",https://images.unsplash.com/photo-1489599849927-2ee91cede3ba?w=600&auto=format&fit=crop&q=80
tt11112532,Agra,2023,2010s-2023,Drama,131 min,131,Family Ties,Deep & Emotional,Medium,Low,6.9,A family and an exploration of space in an increasingly crowded world. It follows the quest for a sexual odyssey of an individual.,Kanu Behl,"Mohit Agarwal, Priyanka Bose, Vibha Chhibber, Rahul Roy",https://images.unsplash.com/photo-1489599849927-2ee91cede3ba?w=600&auto=format&fit=crop&q=80
tt9105014,Notebook,2019,2010s-2023,"Drama, Romance",181 min,181,Patriotism & Honor,Heartwarming,Medium,Low,7.6,"An ex-army officer, Kabir, becomes a teacher in Kashmir in a school that is in a miserable condition. Things take a turn when Kabir finds a notebook, left behind by the previous year's teacher Firdaus (Pranutan Bahl).",Nitin Kakkar,"Zaheer Iqbal, Pranutan Bahl, Mir Mohammed Mehroos, Mir Mohammed Zayan",https://images.unsplash.com/photo-1489599849927-2ee91cede3ba?w=600&auto=format&fit=crop&q=80
tt14398454,Tara vs Bilal,2022,2010s-2023,"Comedy, Drama, Romance",171 min,171,Romantic Love,Feel-good,Medium,Low,8.0,"Set in London, a romantic comedy where the leading character enter a fake marriage and later fall in love.",Samar Iqbal,"Sonia Rathee, Harshvardhan Rane, Shammi Aulakh, Tariq Chacha",https://images.unsplash.com/photo-1489599849927-2ee91cede3ba?w=600&auto=format&fit=crop&q=80
tt2106537,Matru Ki Bijlee Ka Mandola,2013,2010s-2023,"Comedy, Drama",144 min,144,"Romantic Love, Family Ties, Secrets & Deception",Feel-good,Medium,High,7.5,"Harry is an industrialist who loves his daughter Bijlee, and the bond they share with Harry's man friday, Matru. Bijlee's plan to wed the son of a politician, however, brings twists and turns in the lives of Matru, Bijlee and Mandola.",Vishal Bhardwaj,"Pankaj Kapur, Imran Khan, Anushka Sharma, Arya Babbar",https://images.unsplash.com/photo-1489599849927-2ee91cede3ba?w=600&auto=format&fit=crop&q=80
tt0453671,Garam Masala,2005,2000s,"Comedy, Romance",158 min,158,"Humor, Misunderstandings",Feel-good,Low,Low,6.9,A rib tickling tale of two flirts who constantly flirt with women despite one of them being engaged. Chaos ensues when the fiancé finds out that her to-be groom is cheating on her.,Priyadarshan,"Akshay Kumar, John Abraham, Paresh Rawal, Rimi Sen",https://images.unsplash.com/photo-1489599849927-2ee91cede3ba?w=600&auto=format&fit=crop&q=80
tt11947158,Ek Villain Returns,2022,2010s-2023,"Action, Crime, Romance",161 min,161,Romantic Love,Adrenaline Rush,Medium,Medium,8.1,The story of two men in one sided love. The paths they choose to fulfill their love stories decide who the Hero is and who is the Villain.,Mohit Suri,"John Abraham, Disha Patani, Arjun Kapoor, Tara Sutaria",https://images.unsplash.com/photo-1489599849927-2ee91cede3ba?w=600&auto=format&fit=crop&q=80
tt1144804,Kambakkht Ishq,2009,2000s,"Action, Comedy, Romance",166 min,166,Romantic Love,Feel-good,Medium,Low,7.8,A romantic comedy about an Indian stuntman who takes Hollywood by storm but cannot find true love.,Sabir Khan,"Sylvester Stallone, Denise Richards, Whoopi Goldberg, Akshay Kumar",https://images.unsplash.com/photo-1489599849927-2ee91cede3ba?w=600&auto=format&fit=crop&q=80
tt24225606,Metro.... In Dino,2024,2024-Latest,"Drama, Romance",171 min,171,Romantic Love,Heartwarming,Medium,Low,7.4,"Follows stories of bittersweet relationships in a contemporary setting, exploring various aspects, hues, and moods of love.",Anurag Basu,"Kay Kay Menon, Anupam Kher, Ali Fazal, Sara Ali Khan",https://images.unsplash.com/photo-1489599849927-2ee91cede3ba?w=600&auto=format&fit=crop&q=80
tt2436516,Go Goa Gone,2013,2010s-2023,"Action, Adventure, Comedy",164 min,164,Friendship,Feel-good,Medium,Low,7.8,"A group of friends, just looking to have a good time in a rave party on a remote island in Goa, find out that the island is infested with Zombies.","Krishna D.K., Raj Nidimoru","Saif Ali Khan, Kunal Kemmu, Vir Das, Anand Tiwari",https://images.unsplash.com/photo-1489599849927-2ee91cede3ba?w=600&auto=format&fit=crop&q=80
tt0104561,Jo Jeeta Wohi Sikandar,1992,90s (1990-1999),"Comedy, Drama, Romance",145 min,145,Friendship,Feel-good,Medium,Low,7.1,"A rich brat and a poor chap try to woo a girl, with their rivalry culminating in the most prestigious college event - the marathon cycle race.",Mansoor Khan,"Aamir Khan, Ayesha Jhulka, Deepak Tijori, Pooja Bedi",https://images.unsplash.com/photo-1489599849927-2ee91cede3ba?w=600&auto=format&fit=crop&q=80
tt13510660,Dhamaka,2021,2010s-2023,"Action, Crime, Drama",169 min,169,"Courage, Heroism",Adrenaline Rush,Medium,Medium,8.2,"Reassigned from TV to radio, a frustrated anchor sees both danger and opportunity when he receives threatening calls on the air.","Ram Madhvani, Heavenveer Singh Hayer","Kartik Aaryan, Mrunal Thakur, Amruta Subhash, Soham Majumdar",https://images.unsplash.com/photo-1489599849927-2ee91cede3ba?w=600&auto=format&fit=crop&q=80
tt15314640,Cobalt Blue,2022,2010s-2023,"Drama, Romance",178 min,178,"Romantic Love, Family Ties",Heartwarming,Medium,Low,7.4,"When a brother and sister fall in love with the same man, ensuing events shatter a traditional Marathi family. Based on Sachin Kundalkar's novel.",Sachin Kundalkar,"Neelay Mehendale, Joshi Anantvijay, Prateik Patil Babbar, Lovish Bhatia",https://images.unsplash.com/photo-1489599849927-2ee91cede3ba?w=600&auto=format&fit=crop&q=80
tt0920464,Manorama: Six Feet Under,2007,2000s,"Crime, Drama, Mystery",168 min,168,"Human Conflict, Life Lessons",Tense & Thrilling,Medium,High,6.8,"Manorama, wife of an irrigation minister, tasks Satyaveer to find if her husband is cheating. As Satyaveer starts investigating, he gets trapped in a web of lies and must uncover the entire truth.",Navdeep Singh,"Abhay Deol, Gul Panag, Raima Sen, Sarika Thakur",https://images.unsplash.com/photo-1489599849927-2ee91cede3ba?w=600&auto=format&fit=crop&q=80
tt13491110,Antim: The Final Truth,2021,2010s-2023,"Action, Crime, Drama",146 min,146,Crime & Justice,Adrenaline Rush,Medium,Medium,7.1,The cop played by Salman fights the land mafia in the film.,Mahesh Manjrekar,"Salman Khan, Aayush Sharma, Mahima Makwana, Mahesh Manjrekar",https://images.unsplash.com/photo-1489599849927-2ee91cede3ba?w=600&auto=format&fit=crop&q=80
tt3159708,Welcome Back,2015,2010s-2023,"Action, Comedy, Crime",164 min,164,Crime & Justice,Adrenaline Rush,Medium,Medium,7.5,"A pair of reformed gangsters try to find a husband for their newly discovered sister, but complications arise due to mistaken identities.",Anees Bazmee,"John Abraham, Anil Kapoor, Nana Patekar, Paresh Rawal",https://images.unsplash.com/photo-1489599849927-2ee91cede3ba?w=600&auto=format&fit=crop&q=80
tt8504014,Good Newwz,2019,2010s-2023,"Comedy, Drama",151 min,151,"Humor, Misunderstandings",Feel-good,Medium,Low,7.9,Two couples with the same surname pursue in-vitro fertilization and wait for their upcoming babies. Trouble ensues when they find that the sperms of each couple have been mixed with each other.,"Raj Mehta, Kulwinder Singh, Ranjeet Singh","Akshay Kumar, Kareena Kapoor, Diljit Dosanjh, Kiara Advani",https://images.unsplash.com/photo-1489599849927-2ee91cede3ba?w=600&auto=format&fit=crop&q=80
tt1328634,New York,2009,2000s,"Crime, Drama, Thriller",168 min,168,Friendship,Tense & Thrilling,Medium,Medium,6.7,A contemporary story of 3 friends discovering a new world set against the larger than life New York City. But one day the world around them changed.,Kabir Khan,"John Abraham, Katrina Kaif, Neil Nitin Mukesh, Irrfan Khan",https://images.unsplash.com/photo-1489599849927-2ee91cede3ba?w=600&auto=format&fit=crop&q=80
tt0102071,Hum,1991,90s (1990-1999),"Action, Comedy, Drama",148 min,148,"Family Ties, Crime & Justice",Feel-good,Medium,Low,7.5,"A dockworker overthrows the tyranny of a cruel gangster but has to run away to make a new life for himself and his brothers. Fifteen years later, his past catches up with him as his old enemy resurfaces.",Mukul Anand,"Amitabh Bachchan, Rajinikanth, Govinda, Kimi Katkar",https://images.unsplash.com/photo-1489599849927-2ee91cede3ba?w=600&auto=format&fit=crop&q=80
tt3447364,Detective Byomkesh Bakshy!,2015,2010s-2023,"Action, Crime, Drama",156 min,156,"Patriotism & Honor, Secrets & Deception",Adrenaline Rush,Medium,Medium,7.1,Detective Byomkesh Bakshy is set in the 2nd World War torn Calcutta during the 1940s. Enter a magical world of nostalgia and 'Expect the Unexpected'.,Dibakar Banerjee,"Sushant Singh Rajput, Anand Tiwari, Neeraj Kabi, Divya Menon",https://images.unsplash.com/photo-1489599849927-2ee91cede3ba?w=600&auto=format&fit=crop&q=80
tt11783766,Ram Setu,2022,2010s-2023,"Action, Adventure",135 min,135,"Courage, Heroism",Deep & Emotional,Medium,Low,7.5,An atheist archaeologist turned believer must race against time to prove the true existence of the legendary Ram Setu before evil forces destroy the pillar of India's heritage.,Abhishek Sharma,"Akshay Kumar, Jacqueline Fernandez, Nushrratt Bharuccha, Nassar",https://images.unsplash.com/photo-1489599849927-2ee91cede3ba?w=600&auto=format&fit=crop&q=80
tt11821912,Devara,2024,2024-Latest,"Action, Drama, Thriller",157 min,157,"Courage, Heroism",Tense & Thrilling,Medium,Medium,7.1,Devara is an intensive tale about a man who struck fear in the minds of those who were naive to it.,Koratala Siva,"N.T. Rama Rao Jr., Saif Ali Khan, Janhvi Kapoor, Prakash Raj",https://images.unsplash.com/photo-1489599849927-2ee91cede3ba?w=600&auto=format&fit=crop&q=80
tt0800956,Life in a Metro,2007,2000s,"Comedy, Drama, Musical",154 min,154,"Humor, Misunderstandings",Feel-good,Medium,Low,7.1,"Six different stories, about nine people, each with different issues and problems, all occurring within one place: the METRO.",Anurag Basu,"Dharmendra, Irrfan Khan, Konkona Sen Sharma, Kay Kay Menon",https://images.unsplash.com/photo-1489599849927-2ee91cede3ba?w=600&auto=format&fit=crop&q=80
tt5121000,Aligarh,2015,2010s-2023,"Biography, Drama",160 min,160,"Human Conflict, Life Lessons",Inspiring,Medium,Medium,8.0,"A gay, linguistic professor living in a small orthodox city must deal with the aftermath of a sting operation that puts his sexual orientation in front of the entire nation.",Hansal Mehta,"Manoj Bajpayee, Rajkummar Rao, Ashish Vidyarthi, Balaji Gauri",https://images.unsplash.com/photo-1489599849927-2ee91cede3ba?w=600&auto=format&fit=crop&q=80
tt5571734,Pink,2016,2010s-2023,"Crime, Drama, Thriller",166 min,166,"Crime & Justice, Patriotism & Honor",Tense & Thrilling,Medium,Medium,6.7,"When three young women are implicated in a crime, a retired lawyer steps forward to help them clear their names.",Aniruddha Roy Chowdhury,"Amitabh Bachchan, Taapsee Pannu, Kirti Kulhari, Andrea Tariang",https://images.unsplash.com/photo-1489599849927-2ee91cede3ba?w=600&auto=format&fit=crop&q=80
tt13919802,Anek,2022,2010s-2023,"Action, Drama, Sport",168 min,168,"Courage, Heroism",Deep & Emotional,Medium,Low,8.1,"A socio political, action thriller set against the geopolitical backdrop of Northeast India.",Anubhav Sinha,"Ayushmann Khurrana, Andrea Kevichüsa, Manoj Pahwa, Kumud Mishra",https://images.unsplash.com/photo-1489599849927-2ee91cede3ba?w=600&auto=format&fit=crop&q=80
tt5108476,Befikre,2016,2010s-2023,"Comedy, Drama, Romance",155 min,155,Romantic Love,Feel-good,Medium,Low,8.0,"It is a carefree love story of Dharam and Shyra, who find love in an engaging series of experiences. Doused in the spirit of Paris, it celebrates a sensual and free-spirited love.","Aditya Chopra, Raj Basu","Ranveer Singh, Vaani Kapoor, Ayesha Raza Mishra, Akarsh Khurana",https://images.unsplash.com/photo-1489599849927-2ee91cede3ba?w=600&auto=format&fit=crop&q=80
tt7581902,Sonu Ke Titu Ki Sweety,2018,2010s-2023,"Comedy, Romance",154 min,154,"Friendship, Romantic Love, Family Ties, Patriotism & Honor",Feel-good,Low,Low,6.6,Titu is going to marry a perfect woman named Sweety. Titu's best-friend Sonu doubts Sweety's character and tries to break the marriage while Sweety tries to do opposite and which leads to war between Bromance and Romance.,Luv Ranjan,"Kartik Aaryan, Nushrratt Bharuccha, Sunny Singh, Alok Nath",https://images.unsplash.com/photo-1489599849927-2ee91cede3ba?w=600&auto=format&fit=crop&q=80
tt0337578,Baghban,2003,2000s,"Drama, Romance",158 min,158,Ambition & Triumph,Heartwarming,Medium,Low,8.0,"An elderly couple wish their children to care for them in their old age. But their children see and treat them as a burden, and they must struggle to regain their worth and dignity to themselves and others.",Ravi Chopra,"Amitabh Bachchan, Hema Malini, Salman Khan, Mahima Chaudhry",https://images.unsplash.com/photo-1489599849927-2ee91cede3ba?w=600&auto=format&fit=crop&q=80
tt15717242,Kanjoos Makhichoos,2023,2010s-2023,"Comedy, Drama, Family",155 min,155,Family Ties,Feel-good,Medium,Low,7.0,"Jamnaprasad Pandey is infamous in the entire town as a miser whose family is fed up with his penny-pinching habits. However, little does the family know that these savings is to fulfill his father's wish of going on a char-dhaam yatra.",Vipul Mehta,"Kunal Kemmu, Shweta Tripathi, Piyush Mishra, Alka Amin",https://images.unsplash.com/photo-1489599849927-2ee91cede3ba?w=600&auto=format&fit=crop&q=80
tt5882970,Tubelight,2017,2010s-2023,"Drama, War",139 min,139,"Family Ties, Patriotism & Honor",Deep & Emotional,Medium,Low,8.3,"A story of two brothers set during the Sino-Indian war, 1962: the younger one who's at war at the borders and the elder who's at war with his own world.",Kabir Khan,"Salman Khan, Sohail Khan, Om Puri, Mohd. Zeeshan Ayyub",https://images.unsplash.com/photo-1489599849927-2ee91cede3ba?w=600&auto=format&fit=crop&q=80
tt0367495,Anbe Sivam,2003,2000s,"Adventure, Comedy, Drama",152 min,152,"Humor, Misunderstandings",Feel-good,Medium,Low,7.8,"Two men, one young and arrogant, the other damaged - physically but not spiritually - by life, are thrown together by circumstances, and find that they are in some ways bound together by fate.",Sundar C.,"Kamal Haasan, Madhavan, Kiran Rathod, Nassar",https://images.unsplash.com/photo-1489599849927-2ee91cede3ba?w=600&auto=format&fit=crop&q=80
tt0378072,Hum Tum,2004,2000s,"Comedy, Drama, Romance",146 min,146,"Humor, Misunderstandings",Feel-good,Medium,Low,7.7,A novel look at the eternal battle of the sexes and the trials and tribulations of Karan and Rhea and their attempts to understand each other.,Kunal Kohli,"Saif Ali Khan, Rani Mukerji, Kirron Kher, Rati Agnihotri",https://images.unsplash.com/photo-1489599849927-2ee91cede3ba?w=600&auto=format&fit=crop&q=80
tt2377938,Special Chabbis,2013,2010s-2023,"Crime, Drama, Thriller",138 min,138,"Human Conflict, Life Lessons",Tense & Thrilling,Medium,Medium,7.5,A gang of con-men rob prominent rich businessmen and politicians by posing as C.B.I and income tax officers.,Neeraj Pandey,"Akshay Kumar, Anupam Kher, Manoj Bajpayee, Jimmy Shergill",https://images.unsplash.com/photo-1489599849927-2ee91cede3ba?w=600&auto=format&fit=crop&q=80
tt14107554,Dasvi,2022,2010s-2023,"Comedy, Drama",130 min,130,Crime & Justice,Feel-good,Medium,Low,6.8,"Jailed under a tough cop, an uneducated politician decides to spend his time studying for high school, while his scheming wife has plans of her own.",Tushar Jalota,"Abhishek Bachchan, Nimrat Kaur, Yami Gautam, Manu Rishi Chadha",https://images.unsplash.com/photo-1489599849927-2ee91cede3ba?w=600&auto=format&fit=crop&q=80
tt14339846,Mrs Undercover,2023,2010s-2023,"Action, Comedy, Thriller",143 min,143,"Revenge, Crime & Justice",Feel-good,Medium,Medium,7.4,"A simple Indian housewife who is in fact a special undercover agent is called back on the job after 10 years of being undercover to take down a terrifying, psycho killer while maintaining her parallel life of a housewife.",Anushree Mehta,"Radhika Apte, Sumeet Vyas, Rajesh Sharma, Roy Angana",https://images.unsplash.com/photo-1489599849927-2ee91cede3ba?w=600&auto=format&fit=crop&q=80
tt2317337,Vicky Donor,2012,2010s-2023,"Comedy, Romance",160 min,160,"Humor, Misunderstandings",Feel-good,Low,Low,7.6,"A man is brought in by an infertility doctor to supply him with his sperm, where he becomes the biggest sperm donor for his clinic.",Shoojit Sircar,"Ayushmann Khurrana, Yami Gautam, Annu Kapoor, Dolly Ahluwalia",https://images.unsplash.com/photo-1489599849927-2ee91cede3ba?w=600&auto=format&fit=crop&q=80
tt1729637,Bodyguard,2011,2010s-2023,"Action, Comedy, Drama",147 min,147,"Romantic Love, Family Ties, Secrets & Deception",Feel-good,Medium,Low,7.5,The daughter of a wealthy nobleman secretly falls in love with her bodyguard.,Siddique,"Salman Khan, Kareena Kapoor, Raj Babbar, Hazel Keech",https://images.unsplash.com/photo-1489599849927-2ee91cede3ba?w=600&auto=format&fit=crop&q=80
tt5477608,Kahaani 2,2016,2010s-2023,"Mystery, Thriller",141 min,141,Revenge,Tense & Thrilling,High,High,6.7,A woman with a mysterious past is charged with kidnapping and murder.,Sujoy Ghosh,"Vidya Balan, Arjun Rampal, Jugal Hansraj, Kharaj Mukherjee",https://images.unsplash.com/photo-1489599849927-2ee91cede3ba?w=600&auto=format&fit=crop&q=80
tt23023596,Malaikottai Vaaliban,2024,2024-Latest,"Action, Drama, Fantasy",137 min,137,Ambition & Triumph,Mind-bending & Epic,Medium,Low,7.8,Follows the life of a legendary man whose struggles and life pave the way for next generations.,Lijo Jose Pellissery,"Mohanlal, Sonalee Kulkarni, Hareesh Peradi, Rajeev Pillai",https://images.unsplash.com/photo-1489599849927-2ee91cede3ba?w=600&auto=format&fit=crop&q=80
tt11260832,Bellbottom,2021,2010s-2023,"Action, Thriller",149 min,149,Crime & Justice,Tense & Thrilling,Medium,Medium,7.1,"When an Indian commercial airliner is hijacked by terrorists in the mid 1980s, a government agent is tasked with rescuing the 210 hostages.",Ranjit Tewari,"Akshay Kumar, Huma Qureshi, Lara Dutta, Vaani Kapoor",https://images.unsplash.com/photo-1489599849927-2ee91cede3ba?w=600&auto=format&fit=crop&q=80
tt9569610,Kaagaz,2021,2010s-2023,"Biography, Comedy, Drama",185 min,185,Ambition & Triumph,Feel-good,Medium,Medium,7.2,A satirical comedy about a common man and the struggle he goes through to prove his existence after being falsely being declared dead on government records.,Satish Kaushik,"Pankaj Tripathi, Monal Gajjar, Mita Vashisht, Amar Upadhyay",https://images.unsplash.com/photo-1489599849927-2ee91cede3ba?w=600&auto=format&fit=crop&q=80
tt5472374,Meri Pyaari Bindu,2017,2010s-2023,"Comedy, Drama, Romance",169 min,169,Romantic Love,Feel-good,Medium,Low,8.0,"Abhimanyu Roy returns to his roots to write an old-fashioned love story, 3 years in the making. This writer's block is called Bindu. How do you contain this live wire in a book?",Akshay Roy,"Ayushmann Khurrana, Parineeti Chopra, Nishant Dahiya, Prakash Belawadi",https://images.unsplash.com/photo-1489599849927-2ee91cede3ba?w=600&auto=format&fit=crop&q=80
tt0795434,Namastey London,2007,2000s,"Comedy, Drama, Romance",154 min,154,"Romantic Love, Family Ties, Patriotism & Honor",Feel-good,Medium,Low,7.4,"A man takes his thoroughly-British daughter to his home country, India. There, he arranges her marriage to someone she considers a fool. The daughter attempts to outwit them, but the groom quietly and patiently hatches his own plan.",Vipul Amrutlal Shah,"Akshay Kumar, Katrina Kaif, Rishi Kapoor, Clive Standen",https://images.unsplash.com/photo-1489599849927-2ee91cede3ba?w=600&auto=format&fit=crop&q=80
tt0488798,Welcome,2007,2000s,"Comedy, Crime, Drama",145 min,145,"Romantic Love, Family Ties, Crime & Justice",Deep & Emotional,Medium,Medium,7.3,"A man falls in love with a beautiful woman, but later discovers that her brothers are gangsters.",Anees Bazmee,"Akshay Kumar, Katrina Kaif, Nana Patekar, Anil Kapoor",https://images.unsplash.com/photo-1489599849927-2ee91cede3ba?w=600&auto=format&fit=crop&q=80
tt0106333,Baazigar,1993,90s (1990-1999),"Crime, Drama, Musical",141 min,141,"Revenge, Romantic Love, Family Ties",Deep & Emotional,Medium,Medium,6.9,"A young man with a vendetta against a business tycoon seduces the man's younger daughter, but she begins to suspect her new lover's connection with her elder sister and his ulterior motive.","Abbas Alibhai Burmawalla, Mastan Alibhai Burmawalla","Shah Rukh Khan, Kajol, Dalip Tahil, Rakhee Gulzar",https://images.unsplash.com/photo-1489599849927-2ee91cede3ba?w=600&auto=format&fit=crop&q=80
tt2762334,Main Tera Hero,2014,2010s-2023,"Action, Comedy, Romance",141 min,141,"Romantic Love, Crime & Justice",Feel-good,Medium,Low,6.6,"Seenu and Sunaina fall in love with each other when he saves her from a corrupt policeman who wishes to marry her. Meanwhile, Ayesha, a girl Seenu meets on a train journey, wants to marry him.",David Dhawan,"Varun Dhawan, Ileana D'Cruz, Nargis Fakhri, Arunoday Singh",https://images.unsplash.com/photo-1489599849927-2ee91cede3ba?w=600&auto=format&fit=crop&q=80
tt2309764,Singham Returns,2014,2010s-2023,"Action, Crime, Drama",144 min,144,Crime & Justice,Adrenaline Rush,Medium,Medium,7.3,"Owing to the wrongdoings affiliated with evils similar to black money, an honest but ferocious police officer returns as the Deputy Commissioner of Police with the prospect of wiping out injustice.",Rohit Shetty,"Ajay Devgn, Kareena Kapoor, Amole Gupte, Anupam Kher",https://images.unsplash.com/photo-1489599849927-2ee91cede3ba?w=600&auto=format&fit=crop&q=80
tt4129428,Jagga Jasoos,2017,2010s-2023,"Action, Adventure, Comedy",166 min,166,"Friendship, Family Ties, Secrets & Deception",Feel-good,Medium,Low,7.1,"Join Jagga, a gifted teenage detective, who along with a female companion, is on a quest to find his missing father.","Anurag Basu, Shubzz","Ranbir Kapoor, Katrina Kaif, Saswata Chatterjee, Chitrak Bandyopadhyay",https://images.unsplash.com/photo-1489599849927-2ee91cede3ba?w=600&auto=format&fit=crop&q=80
tt13885320,India Lockdown,2022,2010s-2023,"Adventure, Drama",161 min,161,Patriotism & Honor,Deep & Emotional,Medium,Low,7.8,The Indian government announces a country-wide lockdown for 21 days due to the pandemic. India Lockdown encapsulates the story of four out of lakhs of individuals whose lives came to a standstill.,Madhur Bhandarkar,"Prateik Patil Babbar, Sai Tamhankar, Shweta Basu Prasad, Prakash Belawadi",https://images.unsplash.com/photo-1489599849927-2ee91cede3ba?w=600&auto=format&fit=crop&q=80
tt3043252,Parched,2015,2010s-2023,Drama,151 min,151,Family Ties,Deep & Emotional,Medium,Low,8.3,"In the arid landscape of Rajasthan, four women navigate their way through personal and cultural difficulties.",Leena Yadav,"Tannishtha Chatterjee, Radhika Apte, Surveen Chawla, Lehar Khan",https://images.unsplash.com/photo-1489599849927-2ee91cede3ba?w=600&auto=format&fit=crop&q=80
tt10786774,Sam Bahadur,2023,2010s-2023,"Biography, Drama, War",173 min,173,Patriotism & Honor,Inspiring,Medium,Medium,7.8,"Based on the life of Sam Manekshaw who was the Chief of the Army Staff of the Indian Army during the Indo-Pakistani War of 1971, and the first Indian Army officer to be promoted to the rank of field marshal.",Meghna Gulzar,"Sanya Malhotra, Vicky Kaushal, Fatima Sana Shaikh, Mohd. Zeeshan Ayyub",https://images.unsplash.com/photo-1489599849927-2ee91cede3ba?w=600&auto=format&fit=crop&q=80
tt9877170,Malang - Unleash the Madness,2020,2010s-2023,"Action, Crime, Drama",151 min,151,"Revenge, Crime & Justice",Adrenaline Rush,Medium,Medium,6.9,"Advait visits Goa where he meets Sara, a free-spirited girl who lives life unshackled. Opposites attract and all goes well until life turns upside down. Years later, Advait is on a killing spree with cops Aghase and Michael in his way.",Mohit Suri,"Aditya Roy Kapoor, Anil Kapoor, Disha Patani, Kunal Kemmu",https://images.unsplash.com/photo-1489599849927-2ee91cede3ba?w=600&auto=format&fit=crop&q=80
tt1227762,Aladin,2009,2000s,"Action, Adventure, Comedy",138 min,138,Friendship,Feel-good,Medium,Low,6.7,"Since he was a child, Aladin Chatterjee has been teased for his fairytale name. As a college student he follows his namesake's footsteps; unleashing genie Genius and wooing exchange student Jasmine. But the evil Ringmaster approaches.",Sujoy Ghosh,"Amitabh Bachchan, Sanjay Dutt, Riteish Deshmukh, Jacqueline Fernandez",https://images.unsplash.com/photo-1489599849927-2ee91cede3ba?w=600&auto=format&fit=crop&q=80
tt2855648,Madras Cafe,2013,2010s-2023,"Action, Drama, Thriller",140 min,140,"Romantic Love, Crime & Justice, Patriotism & Honor",Tense & Thrilling,Medium,Medium,8.1,An Indian intelligence agent journeys to a war-torn coastal island to break a resolute rebel group and meets a passionate journalist.,Shoojit Sircar,"John Abraham, Nargis Fakhri, Raashi Khanna, Dinesh Prabhakar",https://images.unsplash.com/photo-1489599849927-2ee91cede3ba?w=600&auto=format&fit=crop&q=80
tt7431594,Race 3,2018,2010s-2023,"Action, Crime, Thriller",139 min,139,Family Ties,Tense & Thrilling,Medium,Medium,8.2,Relationships and loyalties of a criminal family planning its next big heist are tested when some shocking revelations strike them.,Remo D'Souza,"Anil Kapoor, Salman Khan, Bobby Deol, Jacqueline Fernandez",https://images.unsplash.com/photo-1489599849927-2ee91cede3ba?w=600&auto=format&fit=crop&q=80
tt10230426,Mrs. Serial Killer,2020,2010s-2023,"Crime, Drama, Thriller",139 min,139,"Revenge, Crime & Justice",Tense & Thrilling,High,Medium,6.9,"When a doctor gets jailed for a string of shocking murders, his loyal wife sets out to commit a copycat crime to prove his innocence.",Shirish Kunder,"Jacqueline Fernandez, Manoj Bajpayee, Mohit Raina, Zayn Marie Khan",https://images.unsplash.com/photo-1489599849927-2ee91cede3ba?w=600&auto=format&fit=crop&q=80
tt3679000,Any Body Can Dance 2,2015,2010s-2023,"Biography, Drama, Music",160 min,160,"Human Conflict, Life Lessons",Inspiring,Medium,Medium,7.7,"Based on the true story of the Fictitious Dance group; their rise to fame, sudden downfall, and their heroic attempt to seek vindication by regaining their lost pride and glory.",Remo D'Souza,"Prabhu Deva, Varun Dhawan, Shraddha Kapoor, Lauren Gottlieb",https://images.unsplash.com/photo-1489599849927-2ee91cede3ba?w=600&auto=format&fit=crop&q=80
tt5474036,Manmarziyaan,2018,2010s-2023,"Comedy, Drama, Romance",180 min,180,"Friendship, Romantic Love",Feel-good,Medium,Low,6.7,"A love triangle between a spirited young woman, her outgoing boyfriend and a fiance who's husband material.",Anurag Kashyap,"Taapsee Pannu, Abhishek Bachchan, Vicky Kaushal, Jasmin Bajwa",https://images.unsplash.com/photo-1489599849927-2ee91cede3ba?w=600&auto=format&fit=crop&q=80
tt0374271,Tere Naam,2003,2000s,"Action, Drama, Romance",143 min,143,Romantic Love,Heartwarming,Medium,Low,6.5,"Problems arise when Radhey Mohan, a delinquent falls in love with a girl named Nirjara.",Satish Kaushik,"Salman Khan, Bhoomika Chawla, Sachin Khedekar, Savita Prabhune",https://images.unsplash.com/photo-1489599849927-2ee91cede3ba?w=600&auto=format&fit=crop&q=80
tt15891396,Tiku weds Sheru,2023,2010s-2023,"Comedy, Drama, Romance",178 min,178,Romantic Love,Feel-good,Medium,Low,6.8,"Tiku, who looks at marriage as her escape to Mumbai from a local town to become an actress and Sheru, who has been working as a junior artist in the city for years. They get married and the comedy of errors for this couple starts.",Sai Kabir,"Nawazuddin Siddiqui, Avneet Kaur, Rahoul, Mukesh S. Bhatt",https://images.unsplash.com/photo-1489599849927-2ee91cede3ba?w=600&auto=format&fit=crop&q=80
tt4559046,Housefull 3,2016,2010s-2023,"Action, Comedy, Romance",137 min,137,Family Ties,Feel-good,Medium,Low,7.6,"A father doesn't want his three daughters to get married. Now, it's up to three men to try to and convince the father that they're a good fit for his daughters.","Sajid, Farhad Samji","Akshay Kumar, Abhishek Bachchan, Riteish Deshmukh, Jackie Shroff",https://images.unsplash.com/photo-1489599849927-2ee91cede3ba?w=600&auto=format&fit=crop&q=80
tt5785170,Toilet - Ek Prem Katha,2017,2010s-2023,"Comedy, Drama, Romance",182 min,182,"Romantic Love, Patriotism & Honor",Feel-good,Medium,Low,6.9,"A woman threatens to leave her husband unless he installs a toilet in their home. To win back her love and respect, he heads out on a journey to fight against the backward society.",Shree Narayan Singh,"Akshay Kumar, Anupam Kher, Bhumi Pednekar, Divyendu Sharma",https://images.unsplash.com/photo-1489599849927-2ee91cede3ba?w=600&auto=format&fit=crop&q=80
tt0418460,Aitraaz,2004,2000s,"Drama, Romance, Thriller",145 min,145,Romantic Love,Tense & Thrilling,Medium,Medium,7.3,A man is accused of sexual harassment by his former lover and he has to prove his innocence in order to restore his dignity.,"Abbas Alibhai Burmawalla, Mastan Alibhai Burmawalla","Akshay Kumar, Kareena Kapoor, Priyanka Chopra Jonas, Amrish Puri",https://images.unsplash.com/photo-1489599849927-2ee91cede3ba?w=600&auto=format&fit=crop&q=80
tt2372678,2 States,2014,2010s-2023,"Comedy, Drama, Romance",169 min,169,"Humor, Misunderstandings",Feel-good,Medium,Low,7.7,This movie chronicles how Chetan met his wife and the difficulties they faced due to their cultural differences.,Abhishek Varman,"Arjun Kapoor, Alia Bhatt, Amrita Singh, Revathi",https://images.unsplash.com/photo-1489599849927-2ee91cede3ba?w=600&auto=format&fit=crop&q=80
tt0156985,Sadak,1991,90s (1990-1999),"Action, Drama, Romance",145 min,145,"Courage, Heroism",Heartwarming,Medium,Low,7.3,"A taxi driver with a tragic past sees an opportunity for redemption when he encounters a woman sold into prostitution. Wanting to help her escape, he has to deal with the wrath of the brothel madam.",Mahesh Bhatt,"Sanjay Dutt, Pooja Bhatt, Deepak Tijori, Sadashiv Amrapurkar",https://images.unsplash.com/photo-1489599849927-2ee91cede3ba?w=600&auto=format&fit=crop&q=80
tt8984572,Bob Biswas,2021,2010s-2023,"Crime, Drama, Thriller",156 min,156,"Family Ties, Crime & Justice",Tense & Thrilling,Medium,Medium,7.3,"Bob Biswas, an insurance agent, is released from hospital after eight years in a coma and is welcomed by his wife Mary and son Benny. He has lost his memory and does not remember the past.",Diya Annapurna Ghosh,"Abhishek Bachchan, Chitrangda Singh, Paran Banerjee, Kaushik Chakraborty",https://images.unsplash.com/photo-1489599849927-2ee91cede3ba?w=600&auto=format&fit=crop&q=80
tt1954598,Ladies vs. Ricky Bahl,2011,2010s-2023,"Comedy, Crime, Drama",170 min,170,"Humor, Misunderstandings",Deep & Emotional,Medium,Medium,7.8,"A smooth and charming conman, Ricky Bahl, cons girls for a living but finally meets his match is this fun-filled ""ROM-CON.""",Maneesh Sharma,"Ranveer Singh, Anushka Sharma, Parineeti Chopra, Dipannita Sharma",https://images.unsplash.com/photo-1489599849927-2ee91cede3ba?w=600&auto=format&fit=crop&q=80
tt1077248,Johnny Gaddaar,2007,2000s,"Crime, Drama, Mystery",157 min,157,Crime & Justice,Tense & Thrilling,High,High,7.0,"Police officers recount a tale of missing money which results in lies, deceit, betrayal and death.",Sriram Raghavan,"Dharmendra, Rimi Sen, Ashwini Kalsekar, Neil Nitin Mukesh",https://images.unsplash.com/photo-1489599849927-2ee91cede3ba?w=600&auto=format&fit=crop&q=80
tt15163652,Thunivu,2023,2010s-2023,"Action, Crime, Thriller",168 min,168,"Courage, Heroism",Tense & Thrilling,Medium,Medium,7.2,A mysterious mastermind - Daredevil and his team forms a plan and commits bank heist to find the corporate looted people's money.,H. Vinoth,"Ajith Kumar, Manju Warrier, Samuthirakani, John Kokken",https://images.unsplash.com/photo-1489599849927-2ee91cede3ba?w=600&auto=format&fit=crop&q=80
tt7778680,Photograph,2019,2010s-2023,"Drama, Romance",154 min,154,Family Ties,Heartwarming,Medium,Low,7.6,"A struggling street photographer in Mumbai, pressured to marry by his grandmother, convinces a shy stranger to pose as his fiancée. The pair develop a connection that transforms them in ways they could not expect.",Ritesh Batra,"Nawazuddin Siddiqui, Sanya Malhotra, Sachin Khedekar, Denzil Smith",https://images.unsplash.com/photo-1489599849927-2ee91cede3ba?w=600&auto=format&fit=crop&q=80
tt0995752,Tashan,2008,2000s,"Action, Comedy, Drama",140 min,140,Crime & Justice,Feel-good,Medium,Low,8.3,What happens when you throw 2 guys who hate each other together? Add for good measure a beauty and a gangster and the trouble is no one can be trusted.,Vijay Krishna Acharya,"Akshay Kumar, Saif Ali Khan, Kareena Kapoor, Anil Kapoor",https://images.unsplash.com/photo-1489599849927-2ee91cede3ba?w=600&auto=format&fit=crop&q=80
tt0152836,Taal,1999,90s (1990-1999),"Drama, Musical, Romance",184 min,184,Romantic Love,Heartwarming,Medium,Low,7.0,"Businessman Manav falls for aspiring singer Mansi, but their romance faces an uphill climb when Manav must depart and Mansi's suave manager moves in.",Subhash Ghai,"Akshaye Khanna, Anil Kapoor, Aishwarya Rai Bachchan, Alok Nath",https://images.unsplash.com/photo-1489599849927-2ee91cede3ba?w=600&auto=format&fit=crop&q=80
tt11816092,Hum Do Hamare Do,2021,2010s-2023,Comedy,151 min,151,"Humor, Misunderstandings",Feel-good,Low,Low,6.6,Hum do Hamare do's story is about a couple who 'adopt' their parents.,Abhishek Jain,"Rajkummar Rao, Kriti Sanon, Paresh Rawal, Ratna Pathak Shah",https://images.unsplash.com/photo-1489599849927-2ee91cede3ba?w=600&auto=format&fit=crop&q=80
tt6836936,Saaho,2019,2010s-2023,"Action, Thriller",141 min,141,"Crime & Justice, Patriotism & Honor",Tense & Thrilling,Medium,Medium,8.1,"An undercover cop becomes embroiled in a battle with warring criminals who want to acquire a ""black box,"" their ultimate key to a treasure.",Sujeeth,"Prabhas, Shraddha Kapoor, Jackie Shroff, Neil Nitin Mukesh",https://images.unsplash.com/photo-1489599849927-2ee91cede3ba?w=600&auto=format&fit=crop&q=80
tt1428459,We Are Family,2010,2010s-2023,"Comedy, Drama, Family",149 min,149,"Friendship, Family Ties",Feel-good,Medium,Low,8.1,A divorced mother of three children runs a happy household - until her former husband brings his new career-oriented girlfriend into the picture.,Malhotra P. Siddharth,"Kareena Kapoor, Kajol, Iravati Harshe, Arjun Rampal",https://images.unsplash.com/photo-1489599849927-2ee91cede3ba?w=600&auto=format&fit=crop&q=80
tt1980986,Housefull 2,2012,2010s-2023,"Action, Comedy, Drama",148 min,148,Family Ties,Feel-good,Medium,Low,7.8,A comedy of errors wherein four men help each other to fool their prospective father-in-laws creating a cascade of confusion and mayhem.,Sajid Khan,"Akshay Kumar, John Abraham, Asin Thottumkal, Jacqueline Fernandez",https://images.unsplash.com/photo-1489599849927-2ee91cede3ba?w=600&auto=format&fit=crop&q=80
tt3848892,Baby,2015,2010s-2023,"Action, Crime, Thriller",138 min,138,"Courage, Heroism",Tense & Thrilling,Medium,Medium,7.0,"An elite counter-intelligence unit learns of a plot, masterminded by a maniacal madman. With the clock ticking, it's up to them to track the terrorists' international tentacles and prevent them from striking at the heart of India.",Neeraj Pandey,"Akshay Kumar, Danny Denzongpa, Rana Daggubati, Taapsee Pannu",https://images.unsplash.com/photo-1489599849927-2ee91cede3ba?w=600&auto=format&fit=crop&q=80
tt22099068,Code Name: Tiranga,2022,2010s-2023,"Action, Drama, Thriller",142 min,142,Crime & Justice,Tense & Thrilling,Medium,Medium,7.0,The story of a spy on an unfaltering and fearless mission for her nation in a race against time where sacrifice is her only choice.,Ribhu Dasgupta,"Parineeti Chopra, Harrdy Sandhu, Sharad Kelkar, Dibyendu Bhattacharya",https://images.unsplash.com/photo-1489599849927-2ee91cede3ba?w=600&auto=format&fit=crop&q=80
tt0418362,Mujhse Shaadi Karogi,2004,2000s,"Comedy, Romance",160 min,160,Romantic Love,Feel-good,Low,Low,7.0,"Sameer, fast at losing his temper is re-located to Goa where he falls in love with Rani. But Sameer's new roommate Sunny, has some plans of his own.",David Dhawan,"Salman Khan, Akshay Kumar, Priyanka Chopra Jonas, Amrish Puri",https://images.unsplash.com/photo-1489599849927-2ee91cede3ba?w=600&auto=format&fit=crop&q=80
tt0278291,Ajnabee,2001,2000s,"Action, Crime, Drama",142 min,142,"Friendship, Revenge, Family Ties",Adrenaline Rush,High,Medium,8.1,"A newlywed couple, Raj and Priya, move to Switzerland and become friends with their new neighbors, Vicky and Sonia. But one day, Sonia is murdered and Raj is accused of the murder. He goes on the run in order to prove himself innocent.","Abbas Alibhai Burmawalla, Mastan Alibhai Burmawalla","Akshay Kumar, Bobby Deol, Kareena Kapoor, Bipasha Basu",https://images.unsplash.com/photo-1489599849927-2ee91cede3ba?w=600&auto=format&fit=crop&q=80
tt1182972,Bachna Ae Haseeno,2008,2000s,"Comedy, Drama, Romance",170 min,170,Romantic Love,Feel-good,Medium,Low,7.3,"Raj is a heartbreaker. His love stories with Mahi, Radhika, and Gayatri finally teach him about love and life in their own sweet, sexy, and sassy ways.",Siddharth Anand,"Ranbir Kapoor, Deepika Padukone, Bipasha Basu, Minissha Lamba",https://images.unsplash.com/photo-1489599849927-2ee91cede3ba?w=600&auto=format&fit=crop&q=80
tt5745450,Chef,2017,2010s-2023,"Comedy, Drama, Family",166 min,166,"Romantic Love, Family Ties",Feel-good,Medium,Low,6.8,Chef Roshan Kalra sets out to find the true source of happiness and reignite his passion for food while being more present in his son's life.,Raja Menon,"Saif Ali Khan, Padmapriya, Svar Kamble, Chandan Roy Sanyal",https://images.unsplash.com/photo-1489599849927-2ee91cede3ba?w=600&auto=format&fit=crop&q=80
tt1327035,Dev.D,2009,2000s,"Comedy, Drama, Romance",176 min,176,"Humor, Misunderstandings",Feel-good,Medium,Low,6.7,"After breaking up with his childhood sweetheart, a young man finds solace in drugs. Meanwhile, a teenage girl is caught in the world of prostitution. Will they be destroyed, or will they find redemption?",Anurag Kashyap,"Abhay Deol, Mahie Gill, Kalki Koechlin, Dibyendu Bhattacharya",https://images.unsplash.com/photo-1489599849927-2ee91cede3ba?w=600&auto=format&fit=crop&q=80
tt15509266,Spy,2023,2010s-2023,"Action, Thriller",136 min,136,"Family Ties, Patriotism & Honor",Tense & Thrilling,High,Medium,8.0,"After receiving the news of the death of his elder brother Subash, who worked for R&AW, Jay sets out on a mission to find out what happened leading him into a bigger conspiracy of a possible nuclear attack threat to the country.",Garry Bh,"Nikhil Siddharth, Iswarya Menon, Aryan Rajesh, Abhinav Gomatam",https://images.unsplash.com/photo-1489599849927-2ee91cede3ba?w=600&auto=format&fit=crop&q=80
tt0248185,Mission Kashmir,2000,2000s,"Action, Drama, Thriller",162 min,162,"Family Ties, Crime & Justice",Tense & Thrilling,Medium,Medium,7.3,A police officer adopts the son and sole survivor of a family he has massacred while pursuing a terrorist. After some time the foster son finds out what the stepfather did.,Vidhu Vinod Chopra,"Sanjay Dutt, Hrithik Roshan, Preity G Zinta, Sonali Kulkarni",https://images.unsplash.com/photo-1489599849927-2ee91cede3ba?w=600&auto=format&fit=crop&q=80
tt10393870,Jayeshbhai Jordaar,2022,2010s-2023,"Comedy, Drama",149 min,149,Family Ties,Feel-good,Medium,Low,7.2,A timid Jayesh must defy his patriarchal family as he flees with his wife to save their unborn daughter from foeticide.,Divyang Thakkar,"Pratik Nanda, Ranveer Singh, Shalini Pandey, Boman Irani",https://images.unsplash.com/photo-1489599849927-2ee91cede3ba?w=600&auto=format&fit=crop&q=80
tt12782448,Pichaikkaran 2,2023,2010s-2023,"Action, Drama, Sci-Fi",160 min,160,"Courage, Heroism",Mind-bending & Epic,Medium,High,7.0,"A business tycoon being preyed on for his wealth, and a beggar on a constant hunt for his long-lost sister. How does money determine the fate of these two lives?",Vijay Antony,"Vijay Antony, Kavya Thapar, Y.G. Mahendran, Radha Ravi",https://images.unsplash.com/photo-1489599849927-2ee91cede3ba?w=600&auto=format&fit=crop&q=80
tt0411469,Hazaaron Khwaishein Aisi,2003,2000s,Drama,147 min,147,Friendship,Deep & Emotional,Medium,Low,8.0,"Set in the backdrop of Indian Emergency 1975, the story revolves around 3 friends whose lives changes drastically after the turn of events.",Sudhir Mishra,"Kay Kay Menon, Shiney Ahuja, Chitrangda Singh, Ram Kapoor",https://images.unsplash.com/photo-1489599849927-2ee91cede3ba?w=600&auto=format&fit=crop&q=80
tt1321869,The Lovers,2015,2010s-2023,"Action, Adventure, Romance",160 min,160,Romantic Love,Deep & Emotional,Medium,Low,6.8,"An epic, sweeping and riveting tale of an impossible love set across two time periods and continents.",Roland Joffé,"Josh Hartnett, Bipasha Basu, Tamsin Egerton, James Mackay",https://images.unsplash.com/photo-1489599849927-2ee91cede3ba?w=600&auto=format&fit=crop&q=80
tt9614452,The Big Bull,2021,2010s-2023,"Biography, Crime, Drama",136 min,136,Crime & Justice,Inspiring,Medium,Medium,8.2,The story of the film is based on real events of financial market that took place between 1990 and 2000 involving Harshad Mehta and his financial crimes.,Kookie Gulati,"Abhishek Bachchan, Nikita Dutta, Ileana D'Cruz, Sanjeev Pandey",https://images.unsplash.com/photo-1489599849927-2ee91cede3ba?w=600&auto=format&fit=crop&q=80
tt11873440,Heropanti 2,2022,2010s-2023,"Action, Comedy, Crime",142 min,142,Crime & Justice,Adrenaline Rush,Medium,Medium,6.5,"Babloo Ranawat, a genius hacker, is tasked with tracking down Laila, the mastermind behind the world's largest cyber-crime yet to occur. Will Babloo be able to stop him?",Ahmed Khan,"Kriti Sanon, Nawazuddin Siddiqui, Tiger Shroff, Amber Doig-Thorne",https://images.unsplash.com/photo-1489599849927-2ee91cede3ba?w=600&auto=format&fit=crop&q=80
tt4814290,Te3n,2016,2010s-2023,"Crime, Drama, Mystery",170 min,170,"Family Ties, Crime & Justice",Tense & Thrilling,Medium,High,6.8,"A grandfather, a priest and a police officer investigate the case of a kidnapped child.",Ribhu Dasgupta,"Amitabh Bachchan, Nawazuddin Siddiqui, Vidya Balan, Tota Roy Chowdhury",https://images.unsplash.com/photo-1489599849927-2ee91cede3ba?w=600&auto=format&fit=crop&q=80
tt8983220,Hungama 2,2021,2010s-2023,"Comedy, Drama, Romance",164 min,164,"Humor, Misunderstandings",Feel-good,Medium,Low,7.4,A sequel of the 2003 film Hungama.,Priyadarshan,"Paresh Rawal, Meezaan Jafri, Shilpa Shetty Kundra, Pranitha",https://images.unsplash.com/photo-1489599849927-2ee91cede3ba?w=600&auto=format&fit=crop&q=80
tt8066940,Indian 2,2024,2024-Latest,"Action, Drama, Thriller",139 min,139,Patriotism & Honor,Tense & Thrilling,Medium,Medium,7.7,"Senapathy, an ex-freedom fighter turned vigilante who fights against corruption. Senapathy returns to the country to aid a young man who has been exposing corrupt politicians in the country through videos on the internet.",S. Shankar,"S.J. Suryah, Kamal Haasan, Rakul Preet Singh, Siddharth",https://images.unsplash.com/photo-1489599849927-2ee91cede3ba?w=600&auto=format&fit=crop&q=80
tt0330082,Boom,2003,2000s,"Crime, Thriller",142 min,142,"Self-Discovery, Destiny",Tense & Thrilling,Medium,Medium,6.7,Three female models are unwittingly thrown into the Bombay underworld when they accidentally stop a diamond delivery to the Middle East.,Kaizad Gustad,"Amitabh Bachchan, Jackie Shroff, Gulshan Grover, Padma Lakshmi",https://images.unsplash.com/photo-1489599849927-2ee91cede3ba?w=600&auto=format&fit=crop&q=80
tt0113526,Karan Arjun,1995,90s (1990-1999),"Action, Drama, Fantasy",140 min,140,"Family Ties, Patriotism & Honor",Mind-bending & Epic,High,Low,7.3,Karan and Arjun reincarnate in the different parts of the country. But the faith of their previous mother brings them together in order to avenge their death.,Rakesh Roshan,"Rakhee Gulzar, Salman Khan, Shah Rukh Khan, Amrish Puri",https://images.unsplash.com/photo-1489599849927-2ee91cede3ba?w=600&auto=format&fit=crop&q=80
tt4007558,Shaandaar,2015,2010s-2023,"Comedy, Drama, Romance",153 min,153,Romantic Love,Feel-good,Medium,Low,6.6,"In the backdrop of a destination wedding in London, two families try to save their respective empires, unbeknownst to each other.",Vikas Bahl,"Shahid Kapoor, Alia Bhatt, Pankaj Kapur, Sanjay Kapoor",https://images.unsplash.com/photo-1489599849927-2ee91cede3ba?w=600&auto=format&fit=crop&q=80
tt9637132,Samrat Prithviraj,2022,2010s-2023,"Action, Drama, History",146 min,146,"Courage, Heroism",Inspiring,Medium,Low,7.8,A magnum opus recounting the glorious tale of one of India's bravest emperors- Samrat Prithviraj Chauhan. Inspired from the epic poem Prithviraj Raaso and other folklores.,Chandra Prakash Dwivedi,"Akshay Kumar, Sanjay Dutt, Manushi Chhillar, Sonu Sood",https://images.unsplash.com/photo-1489599849927-2ee91cede3ba?w=600&auto=format&fit=crop&q=80
tt7721800,Bharat,2019,2010s-2023,"Action, Comedy, Drama",143 min,143,"Family Ties, Patriotism & Honor",Feel-good,Medium,Low,7.3,"At the cusp of India's birth as an Independent nation, a family makes an arduous journey to freedom at a cost. A young boy Bharat, makes a promise to his Father that he will keep his family together no matter what.",Ali Abbas Zafar,"Salman Khan, Katrina Kaif, Sunil Grover, Tabu",https://images.unsplash.com/photo-1489599849927-2ee91cede3ba?w=600&auto=format&fit=crop&q=80
tt10350922,Laxmii,2020,2010s-2023,"Action, Comedy, Horror",149 min,149,Revenge,Feel-good,High,Low,6.9,"Aasif visits his wife's parents' house and happens to go to a ground that is supposedly haunted. However, he is soon possessed by the spirit of a transgender who is out for revenge.","Raghava Lawrence, Balakrishnan Thevar","Akshay Kumar, Kiara Advani, Sharad Kelkar, Ashwini Kalsekar",https://images.unsplash.com/photo-1489599849927-2ee91cede3ba?w=600&auto=format&fit=crop&q=80
tt22932536,Aazam,2023,2010s-2023,"Crime, Drama, Mystery",165 min,165,"Human Conflict, Life Lessons",Tense & Thrilling,Medium,High,7.5,"Set in the underbelly of the Mumbai underworld, the succession battle of mafia don Nawab Khan, who is suffering from blood cancer and has only a few days to live. Who is the Aazam of this battle of defeat and victory?",Shravan Tiwari,"Jimmy Shergill, Abhimanyu Singh, Indraneil Sengupta, Sanjeev Tyagi",https://images.unsplash.com/photo-1489599849927-2ee91cede3ba?w=600&auto=format&fit=crop&q=80
tt10230414,Serious Men,2020,2010s-2023,"Comedy, Drama",153 min,153,"Romantic Love, Family Ties, Secrets & Deception",Feel-good,Medium,Low,7.3,"Tormented with his 'under-privileged' societal status, a father capitalizes on his son's newfound fame as a boy-genius. Little does he realize that the secret he harbors will destroy the very thing he loves the most.","Sudhir Mishra, Sachin Krishn","Nawazuddin Siddiqui, Nassar, Aakshath Das, Indira Tiwari",https://images.unsplash.com/photo-1489599849927-2ee91cede3ba?w=600&auto=format&fit=crop&q=80
tt0133024,Ishq,1997,90s (1990-1999),"Action, Comedy, Drama",137 min,137,"Friendship, Romantic Love, Patriotism & Honor",Feel-good,Medium,Low,6.8,"Two rich friends, hating the poor, were challenged by their children's love lives. Thus starts the war between love and money.",Indra Kumar,"Aamir Khan, Ajay Devgn, Juhi Chawla, Kajol",https://images.unsplash.com/photo-1489599849927-2ee91cede3ba?w=600&auto=format&fit=crop&q=80
tt17511156,JGM (JanaGanaMana),2023,2010s-2023,"Action, Drama",138 min,138,"Courage, Heroism",Deep & Emotional,Medium,Low,8.0,Plot under wraps.,Puri Jagannadh,"Vijay Deverakonda, Pooja Hegde, Janhvi Kapoor, Nayan Rosh T M",https://images.unsplash.com/photo-1489599849927-2ee91cede3ba?w=600&auto=format&fit=crop&q=80
tt0151150,Josh,2000,2000s,"Action, Drama, Musical",140 min,140,"Romantic Love, Family Ties",Deep & Emotional,Medium,Low,8.2,"Max, who lives with his twin sister Shirley in Goa, is enraged when he finds out that she has fallen in love with Rahul, his bitter rival Prakash's younger brother.",Mansoor Khan,"Shah Rukh Khan, Aishwarya Rai Bachchan, Chandrachur Singh, Sharad S. Kapoor",https://images.unsplash.com/photo-1489599849927-2ee91cede3ba?w=600&auto=format&fit=crop&q=80
tt13130532,Footfairy,2020,2010s-2023,"Crime, Thriller",147 min,147,"Revenge, Crime & Justice, Ambition & Triumph",Tense & Thrilling,Medium,Medium,7.7,"The plot is set in Mumbai, a city of dream and land of opportunities. The psychological crime thriller showcases an intriguing chase between a serial killer with a distinctive fetish and ...                See full summary »",Kanishk Varma,"Bhupesh Bandekar, Gulshan Devaiah, Sagarika Ghatge, Shonita Joshi",https://images.unsplash.com/photo-1489599849927-2ee91cede3ba?w=600&auto=format&fit=crop&q=80
tt0488906,Zinda,2006,2000s,"Action, Drama, Mystery",167 min,167,Family Ties,Tense & Thrilling,Medium,High,7.2,"A man, taken and locked up for 14 years without any sane reason, is suddenly released, and has 4 days to figure out why this was done to him.",Sanjay Gupta,"Sanjay Dutt, John Abraham, Lara Dutta, Celina Jaitly",https://images.unsplash.com/photo-1489599849927-2ee91cede3ba?w=600&auto=format&fit=crop&q=80
tt28364203,Non Stop Dhamaal,2023,2010s-2023,Comedy,132 min,132,"Friendship, Ambition & Triumph",Feel-good,Low,Low,6.8,"Satinder (Annu Kapoor), a film director with big dreams of working with famous stars, teams up with his friend Amar (Manoj Joshi), a struggling film writer, to find someone who can invest ...                See full summary »",Irshad Khan,"Annu Kapoor, Manoj Joshi, Rajpal Naurang Yadav, Asrani",https://images.unsplash.com/photo-1489599849927-2ee91cede3ba?w=600&auto=format&fit=crop&q=80
tt20872920,Ishq-e-nadaan,2023,2010s-2023,"Drama, Romance",185 min,185,"Friendship, Secrets & Deception",Heartwarming,Medium,Low,6.6,"Ashutosh's life changes when he meets Ramona at the hotel, which is his work place. On the other hand, Charulata grows friends with Subhash Kapoor, a filmmaker, and shares a secret with him. What is the secret?",Avishek Ghosh,"Deepika Amin, Hitesh Dave, Mrinal Dutt, Lara Dutta",https://images.unsplash.com/photo-1489599849927-2ee91cede3ba?w=600&auto=format&fit=crop&q=80
tt4399594,Fitoor,2016,2010s-2023,"Drama, Romance",161 min,161,"Romantic Love, Family Ties",Heartwarming,Medium,Low,7.8,Modern adaptation of Charles Dickens' Great Expectations; a poor but talented boy falls in love with a girl from an affluent family.,Abhishek Kapoor,"Aditya Roy Kapoor, Katrina Kaif, Tabu, Rahul Bhat",https://images.unsplash.com/photo-1489599849927-2ee91cede3ba?w=600&auto=format&fit=crop&q=80
tt0109117,Andaz Apna Apna,1994,90s (1990-1999),"Action, Comedy, Romance",166 min,166,"Courage, Heroism",Feel-good,Medium,Low,6.7,Two slackers competing for the affections of an heiress inadvertently become her protectors from an evil criminal.,Rajkumar Santoshi,"Aamir Khan, Salman Khan, Raveena Tandon, Karisma Kapoor",https://images.unsplash.com/photo-1489599849927-2ee91cede3ba?w=600&auto=format&fit=crop&q=80
tt9248952,Jawaani Jaaneman,2020,2010s-2023,"Comedy, Drama",144 min,144,Family Ties,Feel-good,Medium,Low,7.5,A 40 year-old playboy's life turns upside down when he comes to know that he has a 20 something year-old daughter.,Nitin Kakkar,"Saif Ali Khan, Alaya F, Tabu, Kumud Mishra",https://images.unsplash.com/photo-1489599849927-2ee91cede3ba?w=600&auto=format&fit=crop&q=80
tt8869978,Batla House,2019,2010s-2023,"Action, Crime, Drama",159 min,159,Crime & Justice,Adrenaline Rush,Medium,Medium,7.7,"In 2008, a violent shootout with terror suspects leaves one police officer struggling to hunt down the fugitives and justify the police action.",Nikkhil Advani,"John Abraham, Mrunal Thakur, Nora Fatehi, Ravi Kishan",https://images.unsplash.com/photo-1489599849927-2ee91cede3ba?w=600&auto=format&fit=crop&q=80
tt2424988,Gabbar Is Back,2015,2010s-2023,"Action, Crime, Drama",145 min,145,Revenge,Adrenaline Rush,High,Medium,7.0,A grief-stricken man takes the law into his own hands when he begins to kidnap and murder corrupt public servants.,Radha Krishna Jagarlamudi,"Akshay Kumar, Shruti Haasan, Kareena Kapoor, Suman",https://images.unsplash.com/photo-1489599849927-2ee91cede3ba?w=600&auto=format&fit=crop&q=80
tt0807758,Partner,2007,2000s,"Comedy, Drama, Romance",152 min,152,"Romantic Love, Family Ties",Feel-good,Medium,Low,8.0,"A 'Love Guru' assists other males, woos a widowed single mother, but becomes embroiled in controversies.",David Dhawan,"Salman Khan, Govinda, Lara Dutta, Katrina Kaif",https://images.unsplash.com/photo-1489599849927-2ee91cede3ba?w=600&auto=format&fit=crop&q=80
tt0319020,Awara Paagal Deewana,2002,2000s,"Action, Comedy, Crime",167 min,167,Patriotism & Honor,Adrenaline Rush,Medium,Medium,7.8,A dentist's life turns into a roller coaster ride when he is unknowingly embroiled in gang wars.,Vikram Bhatt,"Akshay Kumar, Suniel Shetty, Aftab Shivdasani, Paresh Rawal",https://images.unsplash.com/photo-1489599849927-2ee91cede3ba?w=600&auto=format&fit=crop&q=80
tt5235880,A Flying Jatt,2016,2010s-2023,"Action, Adventure, Comedy",149 min,149,Crime & Justice,Feel-good,Medium,Low,7.8,"Jatt is a reluctant superhero who fights crime and protects people. He meets his match in the evil Raka, who he must vanquish to save the day.",Remo D'Souza,"Tiger Shroff, Jacqueline Fernandez, Nathan Jones, Kay Kay Menon",https://images.unsplash.com/photo-1489599849927-2ee91cede3ba?w=600&auto=format&fit=crop&q=80
tt0114234,Rangeela,1995,90s (1990-1999),"Comedy, Drama, Musical",157 min,157,"Friendship, Romantic Love, Ambition & Triumph",Feel-good,Medium,Low,8.1,"A middle class young woman, who dreams of Bollywood fame, is caught in a love triangle between her childhood friend and a famous actor.",Ram Gopal Varma,"Aamir Khan, Urmila Matondkar, Jackie Shroff, Gulshan Grover",https://images.unsplash.com/photo-1489599849927-2ee91cede3ba?w=600&auto=format&fit=crop&q=80
tt21848358,Jogi,2022,2010s-2023,"Drama, Thriller",158 min,158,Friendship,Tense & Thrilling,Medium,Medium,7.1,"Amid tension in 1980s India, three friends of different faiths unite in a noble yet dangerous effort to save hundreds in their town.",Ali Abbas Zafar,"Diljit Dosanjh, Kumud Mishra, Mohd. Zeeshan Ayyub, Hiten Tejwani",https://images.unsplash.com/photo-1489599849927-2ee91cede3ba?w=600&auto=format&fit=crop&q=80
tt5705876,Tadka,2022,2010s-2023,"Comedy, Drama, Romance",153 min,153,Romantic Love,Feel-good,Medium,Low,6.8,"A middle-aged Tukaram is passionate about food and archaeology but a misplaced call from Madhura that adds the tadka to his life. While love simmers, Nicole and Sidharth's story spices up too.",Prakash Raj,"Nana Patekar, Shriya Saran, Ali Fazal, Taapsee Pannu",https://images.unsplash.com/photo-1489599849927-2ee91cede3ba?w=600&auto=format&fit=crop&q=80
tt0451850,Paheli,2005,2000s,"Comedy, Drama, Fantasy",153 min,153,Romantic Love,Feel-good,Medium,Low,7.1,A folk tale - supernatural love story about a ghost who falls in love with a newlywed woman.,Amol Palekar,"Shah Rukh Khan, Rani Mukerji, Anupam Kher, Naseeruddin Shah",https://images.unsplash.com/photo-1489599849927-2ee91cede3ba?w=600&auto=format&fit=crop&q=80
tt0164550,Duplicate,1998,90s (1990-1999),"Action, Comedy, Crime",165 min,165,Revenge,Adrenaline Rush,Medium,Medium,6.8,"In order to evade the law, a ruthless don tries to kill his lookalike; a chef and tries to take his place.",Mahesh Bhatt,"Shah Rukh Khan, Juhi Chawla, Sonali Bendre, Kajol",https://images.unsplash.com/photo-1489599849927-2ee91cede3ba?w=600&auto=format&fit=crop&q=80
tt8960382,Radhe Shyam,2022,2010s-2023,"Drama, Romance",148 min,148,Patriotism & Honor,Heartwarming,Medium,Low,7.3,"In 1976, Vikramaditya, a palmist and disciple of Paramahamsa, predicts to Indian Prime Minsiter Indira Gandhi that soon she will declare emergency in the country. The prediction comes true ...                See full summary »",K.K. Radhakrishna Kumar,"Prabhas, Pooja Hegde, Bhagyashree Patwardhan, Krishnamraju",https://images.unsplash.com/photo-1489599849927-2ee91cede3ba?w=600&auto=format&fit=crop&q=80
tt2181931,English Vinglish,2012,2010s-2023,"Comedy, Drama, Family",158 min,158,Family Ties,Feel-good,Medium,Low,8.3,"A quiet, sweet tempered housewife endures small slights from her well-educated husband and daughter every day because of her inability to speak and understand English.",Gauri Shinde,"Sridevi, Adil Hussain, Mehdi Nebbou, Priya Anand",https://images.unsplash.com/photo-1489599849927-2ee91cede3ba?w=600&auto=format&fit=crop&q=80
tt13989310,Koi Jaane Na,2021,2010s-2023,Thriller,146 min,146,"Revenge, Romantic Love, Crime & Justice",Tense & Thrilling,High,Medium,6.5,A heartbroken writer struggling with writer's block goes to a quiet hill station where he finds love again but uncovers a copycat serial killer who has mysteriously come alive and is killing everyone around him.,"Amin Hajee, Ajinkya Nikam","Kunal Kapoor, Amyra Dastur, Elli Avrram, Aamir Khan",https://images.unsplash.com/photo-1489599849927-2ee91cede3ba?w=600&auto=format&fit=crop&q=80
tt13491678,72 Hoorain,2019,2010s-2023,"Crime, Drama, Thriller",165 min,165,"Human Conflict, Life Lessons",Tense & Thrilling,Medium,Medium,7.7,"These Fidayeens, bound by an unyielding faith, embark on a harrowing journey leading them to the celestial realms. Their ultimate goal is to meet the legendary 72 Virgins, known as the Hoorain.",Sanjay Puran Singh Chauhan,"Saru Maini, Mukesh Agrohari, Narottam Bain, Aamir Bashir",https://images.unsplash.com/photo-1489599849927-2ee91cede3ba?w=600&auto=format&fit=crop&q=80
tt5165344,Rustom,2016,2010s-2023,"Crime, Drama, Thriller",155 min,155,"Revenge, Romantic Love",Tense & Thrilling,High,Medium,7.7,"A naval officer returns home to find out about his wife's affair. Soon, he surrenders after murdering the lover but as the case unfolds, it starts to reveal his hidden intention.",Tinu Suresh Desai,"Akshay Kumar, Ileana D'Cruz, Arjan Bajwa, Esha Gupta",https://images.unsplash.com/photo-1489599849927-2ee91cede3ba?w=600&auto=format&fit=crop&q=80
tt0464160,Chup Chup Ke,2006,2000s,"Comedy, Drama, Romance",164 min,164,"Humor, Misunderstandings",Feel-good,Medium,Low,6.8,"A debt-ridden young man attempts suicide, but is rescued only to find that his luck is finally turning.","Priyadarshan, Kookie Gulati","Shahid Kapoor, Kareena Kapoor, Om Puri, Paresh Rawal",https://images.unsplash.com/photo-1489599849927-2ee91cede3ba?w=600&auto=format&fit=crop&q=80
tt2309987,Hate Story,2012,2010s-2023,"Drama, Thriller",169 min,169,"Human Conflict, Life Lessons",Tense & Thrilling,Medium,Medium,8.0,"After a powerful businessman has her baby forcefully aborted, Kaavya Krishna uses her body as a sexual weapon to destroy his empire, brick by brick.",Vivek Agnihotri,"Nikhil Dwivedi, Gulshan Devaiah, Paoli Dam, Mohan Kapur",https://images.unsplash.com/photo-1489599849927-2ee91cede3ba?w=600&auto=format&fit=crop&q=80
tt1572311,Tees Maar Khan,2010,2010s-2023,"Comedy, Crime",169 min,169,"Humor, Misunderstandings",Deep & Emotional,Low,Medium,7.4,"Posing as a movie producer, a conman attempts to trick an entire village into helping him rob a treasure-laden train.",Farah Khan,"Akshay Kumar, Katrina Kaif, Akshaye Khanna, Rajiv Laxman",https://images.unsplash.com/photo-1489599849927-2ee91cede3ba?w=600&auto=format&fit=crop&q=80
tt8055888,Mard Ko Dard Nahin Hota,2018,2010s-2023,"Action, Comedy, Drama",147 min,147,"Courage, Heroism",Feel-good,Medium,Low,8.1,"It is a story of a young boy Surya who has a rare condition of Congenital Insensitivity to pain meaning he can not feel pain, and he sets out to learn martial arts and hunt down muggers.",Vasan Bala,"Abhimanyu Dasani, Radhika Madan, Mahesh Manjrekar, Gulshan Devaiah",https://images.unsplash.com/photo-1489599849927-2ee91cede3ba?w=600&auto=format&fit=crop&q=80
tt0150992,Hum Dil De Chuke Sanam,1999,90s (1990-1999),"Comedy, Drama, Musical",183 min,183,Romantic Love,Feel-good,Medium,Low,7.3,"Nandini has to choose between Sameer, the man who taught her to fall in love; and Vanraj, the man from whom she learnt how to abide and fulfill promises of love.",Sanjay Leela Bhansali,"Aishwarya Rai Bachchan, Salman Khan, Ajay Devgn, Zohra Sehgal",https://images.unsplash.com/photo-1489599849927-2ee91cede3ba?w=600&auto=format&fit=crop&q=80
tt7886848,Sadak 2,2020,2010s-2023,"Action, Drama",166 min,166,Family Ties,Deep & Emotional,Medium,Low,7.5,"The film picks up where Sadak left off, revolving around the journey with a young girl who becomes an important character in the life of the protagonist, and the reason for him to stay alive.",Mahesh Bhatt,"Priyanka Bose, Alia Bhatt, Sanjay Dutt, Aditya Roy Kapoor",https://images.unsplash.com/photo-1489599849927-2ee91cede3ba?w=600&auto=format&fit=crop&q=80
tt0375611,Black,2005,2000s,Drama,156 min,156,"Human Conflict, Life Lessons",Deep & Emotional,Medium,Low,8.1,"The cathartic tale of a young woman who can't see, hear, or speak, and the teacher who brings a ray of light into her dark world.",Sanjay Leela Bhansali,"Amitabh Bachchan, Rani Mukerji, Shernaz Patel, Ayesha Kapur",https://images.unsplash.com/photo-1489599849927-2ee91cede3ba?w=600&auto=format&fit=crop&q=80
tt1385824,13B: Fear Has a New Address,2009,2000s,"Drama, Horror, Mystery",131 min,131,Family Ties,Tense & Thrilling,High,High,6.9,"A man experiences a supernatural occurrence at his newly purchased apartment; a soap opera being telecast exclusively on his TV, which shows the future of his family.",Vikram K. Kumar,"Madhavan, Nitu Chandra, Poonam Dhillon, Saranya Ponvannan",https://images.unsplash.com/photo-1489599849927-2ee91cede3ba?w=600&auto=format&fit=crop&q=80
tt0439662,Fanaa,2006,2000s,"Action, Drama, Romance",139 min,139,"Friendship, Romantic Love, Patriotism & Honor",Heartwarming,Medium,Low,7.7,A sweet blind girl Zooni meets a flirty Rehan. She ignores her friends' warnings. It's her time to discover life. Is she making the right love choice?,Kunal Kohli,"Aamir Khan, Kajol, Rishi Kapoor, Tabu",https://images.unsplash.com/photo-1489599849927-2ee91cede3ba?w=600&auto=format&fit=crop&q=80
tt22743064,Yaariyan 2,2023,2010s-2023,"Comedy, Drama, Musical",178 min,178,Friendship,Feel-good,Medium,Low,7.8,Cousins by blood Friends by choice.,"Radhika Rao, Vinay Sapru","Divya Khosla Kumar, Meezaan Jafri, Pearl V Puri, Yash Dasgupta",https://images.unsplash.com/photo-1489599849927-2ee91cede3ba?w=600&auto=format&fit=crop&q=80
tt0382383,Yuva,2004,2000s,"Action, Drama, Thriller",151 min,151,"Courage, Heroism",Tense & Thrilling,Medium,Medium,8.1,"Michael, Arjun and Lallan, three men from three different strata of society, cross paths one morning in Calcutta and change one another's lives forever.",Mani Ratnam,"Ajay Devgn, Abhishek Bachchan, Rani Mukerji, Vivek Oberoi",https://images.unsplash.com/photo-1489599849927-2ee91cede3ba?w=600&auto=format&fit=crop&q=80
tt0111068,Sangharsh,1999,90s (1990-1999),"Action, Crime, Drama",143 min,143,"Revenge, Crime & Justice",Adrenaline Rush,Medium,Medium,6.7,"A rookie CBI officer must enlist the help of an incarcerated criminal in order to catch a serial child killer, who has recently escaped police custody.",Tanuja Chandra,"Preity G Zinta, Akshay Kumar, Ashutosh Rana, Vishwajeet Pradhan",https://images.unsplash.com/photo-1489599849927-2ee91cede3ba?w=600&auto=format&fit=crop&q=80
tt1084972,Wanted,2009,2000s,"Action, Crime, Thriller",169 min,169,"Revenge, Crime & Justice, Patriotism & Honor",Tense & Thrilling,Medium,Medium,8.3,"Radhe is a ruthless gangster who will kill anyone for money. He is attracted towards Jhanvi, a middle class girl, who does not approve of his work and wants him to change.",Prabhu Deva,"Salman Khan, Ayesha Takia, Prakash Raj, Vinod Khanna",https://images.unsplash.com/photo-1489599849927-2ee91cede3ba?w=600&auto=format&fit=crop&q=80
tt9172840,Motichoor Chaknachoor,2019,2010s-2023,"Comedy, Romance",168 min,168,Romantic Love,Feel-good,Low,Low,7.8,"A hilarious story of a 36-year-old jobless man Pushpender, trying to find a wife and Anita who's also looking for a husband. But there's a catch - Anita wants to settle abroad after marriage.",Debamitra Biswal,"Nawazuddin Siddiqui, Athiya Shetty, Vibha Chhibber, Karuna Pandey",https://images.unsplash.com/photo-1489599849927-2ee91cede3ba?w=600&auto=format&fit=crop&q=80
tt1620933,Paan Singh Tomar,2012,2010s-2023,"Action, Biography, Crime",146 min,146,"Crime & Justice, Ambition & Triumph",Adrenaline Rush,Medium,Medium,7.0,"The story of Paan Singh Tomar, an Indian athlete and seven-time national steeplechase champion who becomes one of the most feared dacoits in Chambal Valley after his retirement.",Tigmanshu Dhulia,"Irrfan Khan, Mahie Gill, Rajesh Abhay, Hemendra Dandotiya",https://images.unsplash.com/photo-1489599849927-2ee91cede3ba?w=600&auto=format&fit=crop&q=80
tt9098938,Sharmaji Namkeen,2022,2010s-2023,"Comedy, Drama, Family",183 min,183,"Humor, Misunderstandings",Feel-good,Medium,Low,6.6,A light-hearted coming-of-age story of a lovable 60-year-old-man.,Hitesh Bhatia,"Rishi Kapoor, Paresh Rawal, Juhi Chawla, Isha Talwar",https://images.unsplash.com/photo-1489599849927-2ee91cede3ba?w=600&auto=format&fit=crop&q=80
tt11680920,Music School,2023,2010s-2023,"Drama, Musical",180 min,180,"Family Ties, Patriotism & Honor",Deep & Emotional,Medium,Low,7.1,"This heart-warming 11-song musical is about how the prevailing Indian education system and parents put pressure on children to be competitive in their ""studies, thereby leaving no time for ...                See full summary »",Paparao Biyyala,"Shriya Saran, Sharman Joshi, Prakash Raj, Mona Ambegaonkar",https://images.unsplash.com/photo-1489599849927-2ee91cede3ba?w=600&auto=format&fit=crop&q=80
tt10739666,Satyameva Jayate 2,2021,2010s-2023,"Action, Crime, Drama",163 min,163,Crime & Justice,Adrenaline Rush,Medium,Medium,7.0,"Satyameva Jayate 2 revolves around the fight against injustice and misuse of power. From police and politicians to industrialists and a common man, the film will explore corruption in all spheres.",Milap Zaveri,"John Abraham, Divya Khosla Kumar, Harsh Chhaya, Gautami Kapoor",https://images.unsplash.com/photo-1489599849927-2ee91cede3ba?w=600&auto=format&fit=crop&q=80
tt9052960,Laal Kaptaan,2019,2010s-2023,"Action, Adventure, Drama",168 min,168,Revenge,Deep & Emotional,Medium,Low,7.0,"In an 18th century setting, a Naga sadhu in India sets out on a journey across Bundelkhand to seek revenge for an injustice committed in the past.",Navdeep Singh,"Saif Ali Khan, Zoya Hussain, Manav Vij, Deepak Dobriyal",https://images.unsplash.com/photo-1489599849927-2ee91cede3ba?w=600&auto=format&fit=crop&q=80
tt6923462,Manto,2018,2010s-2023,"Biography, Drama",156 min,156,"Human Conflict, Life Lessons",Inspiring,Medium,Medium,7.3,The film is a biographical account of writer Saadat Hasan Manto's life and is set in 1940s India.,Nandita Das,"Nawazuddin Siddiqui, Rasika Dugal, Tahir Raj Bhasin, Nazma Ali Shaikh",https://images.unsplash.com/photo-1489599849927-2ee91cede3ba?w=600&auto=format&fit=crop&q=80
tt0347332,Khakee,2004,2000s,"Action, Crime, Drama",138 min,138,Crime & Justice,Adrenaline Rush,Medium,Medium,6.7,A team of police force escorts an alleged terrorist from Chandangarh to Mumbai. However their trip turns into a deadly survival when an ex-cop tries to stop them to reach Mumbai.,Rajkumar Santoshi,"Amitabh Bachchan, Akshay Kumar, Ajay Devgn, Aishwarya Rai Bachchan",https://images.unsplash.com/photo-1489599849927-2ee91cede3ba?w=600&auto=format&fit=crop&q=80
tt10443846,Yeh Saali Aashiqui,2019,2010s-2023,"Drama, Romance, Thriller",149 min,149,"Friendship, Romantic Love, Ambition & Triumph",Tense & Thrilling,Medium,Medium,8.0,"While in college, Sahil and Mittee fall in love, but an unfortunate incident turns their dreamy romance into a nightmare.",Cherag Ruparel,"Vardhan Puri, Shivaleeka Oberoi, Ruslaan Mumtaz, Satish Kaushik",https://images.unsplash.com/photo-1489599849927-2ee91cede3ba?w=600&auto=format&fit=crop&q=80
tt0323013,Lakshya,2004,2000s,"Action, Drama, Romance",150 min,150,Patriotism & Honor,Heartwarming,Medium,Low,7.7,"An aimless, jobless, irresponsible grown man joins the army and matures into a battlefield hero.",Farhan Akhtar,"Hrithik Roshan, Preity G Zinta, Amitabh Bachchan, Om Puri",https://images.unsplash.com/photo-1489599849927-2ee91cede3ba?w=600&auto=format&fit=crop&q=80
tt7725596,Badhaai ho,2018,2010s-2023,"Comedy, Drama",128 min,128,Family Ties,Feel-good,Medium,Low,6.5,A man is embarrassed when he finds out his mother is pregnant.,Amit Ravindernath Sharma,"Ayushmann Khurrana, Neena Gupta, Gajraj Rao, Sanya Malhotra",https://images.unsplash.com/photo-1489599849927-2ee91cede3ba?w=600&auto=format&fit=crop&q=80
tt1836987,Trishna,2011,2010s-2023,Drama,150 min,150,Family Ties,Deep & Emotional,Medium,Low,8.1,The story of the tragic relationship between the son of a property developer and the daughter of an auto rickshaw owner.,Michael Winterbottom,"Freida Pinto, Riz Ahmed, Mita Vashisht, Harish Khanna",https://images.unsplash.com/photo-1489599849927-2ee91cede3ba?w=600&auto=format&fit=crop&q=80
tt10062614,Guilty,2020,2010s-2023,"Drama, Thriller",149 min,149,Friendship,Tense & Thrilling,Medium,Medium,7.4,"When a college heartthrob is accused of rape by a less popular student, his girlfriend navigates various versions of the story in search of the truth.",Ruchi Narain,"Kiara Advani, Taher Shabbir, Akansha Ranjan Kapoor, Gurfateh Pirzada",https://images.unsplash.com/photo-1489599849927-2ee91cede3ba?w=600&auto=format&fit=crop&q=80
tt13795296,Thank God,2022,2010s-2023,"Comedy, Fantasy",130 min,130,"Humor, Misunderstandings",Feel-good,Low,Low,7.6,"An egoistic real estate broker in huge debts, meets with an accident.God appears in front of him and informs him that he will have to play a ""GAME OF LIFE"". If he win, he will be sent back to earth and if not, he will be sent to hell.",Indra Kumar,"Sidharth Malhotra, Ajay Devgn, Rakul Preet Singh, Mahesh Balraj",https://images.unsplash.com/photo-1489599849927-2ee91cede3ba?w=600&auto=format&fit=crop&q=80
tt0099652,Ghayal,1990,90s (1990-1999),"Action, Crime, Drama",141 min,141,"Revenge, Family Ties, Ambition & Triumph",Adrenaline Rush,Medium,Medium,7.7,"Ajay Mehra, an amateur boxer, takes revenge against Balwant Rai, a crooked businessman, after his elder brother is killed.",Rajkumar Santoshi,"Sunny Deol, Amrish Puri, Meenakshi Sheshadri, Moushumi Chatterjee",https://images.unsplash.com/photo-1489599849927-2ee91cede3ba?w=600&auto=format&fit=crop&q=80
tt4864932,Baaghi,2016,2010s-2023,"Action, Romance, Thriller",148 min,148,Revenge,Tense & Thrilling,High,Medium,7.2,A martial arts student seeks revenge after the murder of his master.,Sabir Khan,"Tiger Shroff, Shraddha Kapoor, Sudheer Babu Posani, Shifuji Shaurya Bharadwaj",https://images.unsplash.com/photo-1489599849927-2ee91cede3ba?w=600&auto=format&fit=crop&q=80
tt2979920,Bombay Velvet,2015,2010s-2023,"Action, Crime, Drama",142 min,142,"Courage, Heroism",Adrenaline Rush,Medium,Medium,7.4,An ordinary man goes against all odds and forges his destiny to become a 'Big Shot'.,Anurag Kashyap,"Ranbir Kapoor, Anushka Sharma, Karan Johar, Satyadeep Misra",https://images.unsplash.com/photo-1489599849927-2ee91cede3ba?w=600&auto=format&fit=crop&q=80
tt1891884,Once Upon a Time in Mumbai Dobaara!,2013,2010s-2023,"Action, Crime, Drama",147 min,147,"Revenge, Crime & Justice",Adrenaline Rush,Medium,Medium,6.9,"After killing his mentor, a gangster comes into power to rule over Mumbai. In the process he falls for an aspiring actress, nevertheless he finds that his protege has fallen for her too which leads to enmity between them.",Milan Luthria,"Akshay Kumar, Imran Khan, Sonakshi Sinha, Sonali Bendre",https://images.unsplash.com/photo-1489599849927-2ee91cede3ba?w=600&auto=format&fit=crop&q=80
tt7469726,Shaadi Mein Zaroor Aana,2017,2010s-2023,"Drama, Romance",175 min,175,Romantic Love,Heartwarming,Medium,Low,6.8,"Satyendra Mishra ""Rajkumar Rao"" and Aarti Shukla ""Kriti Kharbanda"" agree to get married arranged by their parents, after Satyendra Mishra get government job. Aarti Shukla, run away from their marriage. What life waits for them ahead?",Ratnaa Sinha,"Rajkummar Rao, Kriti Kharbanda, K.K. Raina, Alka Amin",https://images.unsplash.com/photo-1489599849927-2ee91cede3ba?w=600&auto=format&fit=crop&q=80
tt0456144,Lage Raho Munna Bhai,2006,2000s,"Comedy, Drama, Romance",168 min,168,"Humor, Misunderstandings",Feel-good,Medium,Low,7.0,Munna Bhai embarks on a journey with Mahatma Gandhi in order to fight against a corrupt property dealer.,Rajkumar Hirani,"Sanjay Dutt, Arshad Warsi, Vidya Balan, Boman Irani",https://images.unsplash.com/photo-1489599849927-2ee91cede3ba?w=600&auto=format&fit=crop&q=80
tt8908002,Luka Chuppi,2019,2010s-2023,"Comedy, Romance",174 min,174,Patriotism & Honor,Feel-good,Low,Low,7.6,"Pretending to be married in order to cohabitate, a small-town couple lands in endless awkward situations to hide the truth from their orthodox families.",Laxman Utekar,"Kartik Aaryan, Kriti Sanon, Aparshakti Khurana, Pankaj Tripathi",https://images.unsplash.com/photo-1489599849927-2ee91cede3ba?w=600&auto=format&fit=crop&q=80
tt1916728,Shor in the City,2010,2010s-2023,"Crime, Drama",153 min,153,Crime & Justice,Deep & Emotional,Medium,Medium,7.2,Various residents and career-criminals face challenges in crime-laden Mumbai.,"Krishna D.K., Raj Nidimoru","Tusshar Kapoor, Sendhil Ramamurthy, Nikhil Dwivedi, Preeti Desai",https://images.unsplash.com/photo-1489599849927-2ee91cede3ba?w=600&auto=format&fit=crop&q=80
tt8108274,Tanhaji: The Unsung Warrior,2020,2010s-2023,"Action, Biography, Drama",152 min,152,Patriotism & Honor,Inspiring,Medium,Medium,7.1,"Tanhaji Malusare, a military chieftain in the army of the Maratha king Shivaji, leads the charge to capture the strategically important Kondhana fort guarded by the army of the fierce Rajput chieftain Udaybhan Rathod.",Om Raut,"Ajay Devgn, Saif Ali Khan, Sharad Kelkar, Kajol",https://images.unsplash.com/photo-1489599849927-2ee91cede3ba?w=600&auto=format&fit=crop&q=80
tt18250130,Neymar,2023,2010s-2023,"Comedy, Family",159 min,159,Friendship,Feel-good,Low,Low,7.3,Kunjava and his friend Sinto bring a new furry friend named Neymar into their lives. Little did they know that their lives were about to be turned upside down.,Sudhi Maddison,"Naslen, Mathew Thomas, Thushara Pillai, Vijayaraghavan",https://images.unsplash.com/photo-1489599849927-2ee91cede3ba?w=600&auto=format&fit=crop&q=80
tt11651796,AK vs AK,2020,2010s-2023,"Action, Comedy, Crime",160 min,160,Family Ties,Adrenaline Rush,Medium,Medium,7.1,"A filmmaker kidnaps the daughter of a movie star, and while the star searches for his daughter the director films the desperate search in real time for his next blockbuster movie.",Vikramaditya Motwane,"Anil Kapoor, Anurag Kashyap, Sonam Kapoor, Harshvardhan Kapoor",https://images.unsplash.com/photo-1489599849927-2ee91cede3ba?w=600&auto=format&fit=crop&q=80
tt5120640,Sarbjit,2016,2010s-2023,"Biography, Drama",167 min,167,Crime & Justice,Inspiring,Medium,Medium,8.2,"Biopic of Sarabjit Singh, a farmer residing at Bhikiwind, Punjab, near the Indo-Pak border, crossed the border after having a couple of drinks. However, he was mistaken to be an Indian spy and was sentenced with capital punishment.",Omung Kumar,"Randeep Hooda, Aishwarya Rai Bachchan, Richa Chadha, Darshan Kumaar",https://images.unsplash.com/photo-1489599849927-2ee91cede3ba?w=600&auto=format&fit=crop&q=80
tt16139054,Connect,2022,2010s-2023,Thriller,142 min,142,"Family Ties, Patriotism & Honor",Tense & Thrilling,Medium,Medium,6.6,"In a country where the government imposed a national curfew and a single mother, Nayanthara, notices eerie changes in her daughter's behaviour. On getting virtual help from a pastor played by Anupam Kher who proposes an online exorcism.",Ashwin Saravanan,"Nayanthara, Sathyaraj, Anupam Kher, Vinay Rai",https://images.unsplash.com/photo-1489599849927-2ee91cede3ba?w=600&auto=format&fit=crop&q=80
tt13381376,Welcome Home,2020,2010s-2023,"Crime, Drama, Horror",160 min,160,"Family Ties, Secrets & Deception",Tense & Thrilling,High,High,6.8,"A census report leads two female government teachers to an isolated house, in which resides a family with twisted secrets they never imagined to recover.",Pushkar Mahabal,"Kashmira Irani, Swarda Thigale, Shashi Bhushan, Boloram Das",https://images.unsplash.com/photo-1489599849927-2ee91cede3ba?w=600&auto=format&fit=crop&q=80
tt7218518,Padman,2018,2010s-2023,"Comedy, Drama",154 min,154,"Humor, Misunderstandings",Feel-good,Medium,Low,7.1,"Upon realizing the extent to which women are affected by their menses, a man sets out to create a sanitary pad machine and to provide inexpensive sanitary pads to the women of rural India.",R. Balki,"Akshay Kumar, Radhika Apte, Sonam Kapoor, Jyoti Subhash",https://images.unsplash.com/photo-1489599849927-2ee91cede3ba?w=600&auto=format&fit=crop&q=80
tt15341044,Laththi,2022,2010s-2023,"Action, Crime, Drama",151 min,151,Crime & Justice,Adrenaline Rush,Medium,Medium,7.9,"A police constable, who gets trapped in a building with his 10-year-old kid, and how they escape from the building surrounded by a group of the enemy.",A. Vinoth Kumar,"Vishal, Sunaina, Prabhu, Thalaivasal Vijay",https://images.unsplash.com/photo-1489599849927-2ee91cede3ba?w=600&auto=format&fit=crop&q=80
tt5662932,Raman Raghav 2.0,2016,2010s-2023,"Crime, Drama, Thriller",160 min,160,"Revenge, Crime & Justice",Tense & Thrilling,High,Medium,7.0,"Ramanna, a maniac murderer, finds a soulmate in Raghavan, a policeman, who inspects his murder cases. He tries to make Raghavan realize how they both are similar.",Anurag Kashyap,"Nawazuddin Siddiqui, Vicky Kaushal, Sobhita Dhulipala, Mukesh Chhabra",https://images.unsplash.com/photo-1489599849927-2ee91cede3ba?w=600&auto=format&fit=crop&q=80
tt1433810,Dhobi Ghat,2010,2010s-2023,Drama,130 min,130,"Human Conflict, Life Lessons",Deep & Emotional,Medium,Low,7.0,"The lives of four people intersect in Mumbai: a washer-man who wants to become an actor, a banker-turned-photographer, a painter looking for inspiration, and a newly-married immigrant who journals her experiences on home video.",Kiran Rao,"Prateik Patil Babbar, Monica Dogra, Kriti Malhotra, Aamir Khan",https://images.unsplash.com/photo-1489599849927-2ee91cede3ba?w=600&auto=format&fit=crop&q=80
tt8948790,Jersey,2019,2010s-2023,"Drama, Sport",153 min,153,"Human Conflict, Life Lessons",Deep & Emotional,Medium,Low,7.9,A failed cricketer decides to revive his cricketing career in his late 30's despite everyone being skeptical of his ability to do so.,Gowtam Tinnanuri,"Nani, Shraddha Srinath, Sathyaraj, Ronit Kamra",https://images.unsplash.com/photo-1489599849927-2ee91cede3ba?w=600&auto=format&fit=crop&q=80
tt9420648,Bala,2019,2010s-2023,Comedy,153 min,153,Crime & Justice,Feel-good,Low,Low,7.4,It tells the story of a man who is balding prematurely and how he copes up with the situation.,Amar Kaushik,"Ayushmann Khurrana, Bhumi Pednekar, Yami Gautam, Saurabh Shukla",https://images.unsplash.com/photo-1489599849927-2ee91cede3ba?w=600&auto=format&fit=crop&q=80
tt0499375,Guru,2007,2000s,Drama,138 min,138,"Human Conflict, Life Lessons",Deep & Emotional,Medium,Low,6.7,"A villager, Gurukant Desai, arrives in Bombay 1958, and rises from its streets to become the GURU, the biggest tycoon in Indian history.",Mani Ratnam,"Mithun Chakraborty, Abhishek Bachchan, Aishwarya Rai Bachchan, Madhavan",https://images.unsplash.com/photo-1489599849927-2ee91cede3ba?w=600&auto=format&fit=crop&q=80
tt28494851,Stolen,2023,2010s-2023,"Drama, Thriller",138 min,138,Family Ties,Tense & Thrilling,Medium,High,7.1,"A five month old baby of an impoverished tribal woman Jhumpa Mahato is stolen.Two brothers ,Gautam and Raman, witness the kidnapping ,try to help her when they become embroiled in the complexities of the investigation.",Karan Tejpal,"Abhishek Banerjee, Harish Khanna, Mia Maelzer, Sahidur Rahaman",https://images.unsplash.com/photo-1489599849927-2ee91cede3ba?w=600&auto=format&fit=crop&q=80
tt0444781,Deewane Huye Paagal,2005,2000s,"Action, Comedy, Drama",147 min,147,Romantic Love,Feel-good,Medium,Low,7.7,"A man embarks on journey to find his love in Dubai, only to learn she has different suitors and admirers.",Vikram Bhatt,"Shahid Kapoor, Akshay Kumar, Suniel Shetty, Rimi Sen",https://images.unsplash.com/photo-1489599849927-2ee91cede3ba?w=600&auto=format&fit=crop&q=80
tt13143988,Nail Polish,2021,2010s-2023,Drama,153 min,153,Patriotism & Honor,Deep & Emotional,Medium,Low,7.1,"Nail Polish, written and directed by Bugs Bhargava Krishna, stars Arjun Rampal, Manav Kaul, Anand Tiwari and Rajit Kapur. It's a legal thriller that explores the uncertainty of the human mind.",Bugs Bhargava Krishna,"Arjun Rampal, Manav Kaul, Anand Tiwari, Rajit Kapoor",https://images.unsplash.com/photo-1489599849927-2ee91cede3ba?w=600&auto=format&fit=crop&q=80
tt13793230,Jaadugar,2022,2010s-2023,"Comedy, Drama, Fantasy",152 min,152,Romantic Love,Feel-good,Medium,Low,6.8,"Magic Meenu, a small-time magician in Neemuch, M.P., has to win a local football tournament in order to marry the girl he loves.",Sameer Saxena,"Jitendra Kumar, Arushi Sharma, Jaaved Jaaferi, Raksha Panwar",https://images.unsplash.com/photo-1489599849927-2ee91cede3ba?w=600&auto=format&fit=crop&q=80
tt2226666,Jism 2,2012,2010s-2023,"Drama, Romance, Thriller",143 min,143,Friendship,Tense & Thrilling,Medium,Medium,6.8,"Izna, a porn star, is tasked by an Indian Intelligence Agency to seduce her ex-boyfriend Kabir, a dreaded assassin, in order to steal vital information relating to his sleeper cell contacts.",Pooja Bhatt,"Randeep Hooda, Arunoday Singh, Arif Zakaria, Sunny Leone",https://images.unsplash.com/photo-1489599849927-2ee91cede3ba?w=600&auto=format&fit=crop&q=80
tt23804378,Three of Us,2022,2010s-2023,,144 min,144,"Romantic Love, Patriotism & Honor",Deep & Emotional,Medium,Low,6.6,"A delicate thread of emotions about love, loss, healing, awareness and liberation.",Avinash Arun,"Shefali Shah, Jaideep Ahlawat, Swanand Kirkire, Kadambari Kadam",https://images.unsplash.com/photo-1489599849927-2ee91cede3ba?w=600&auto=format&fit=crop&q=80
tt0991346,Bhootnath,2008,2000s,"Comedy, Drama, Family",174 min,174,"Friendship, Family Ties",Feel-good,Medium,Low,7.2,"Moving into a new house, a family witnesses an unfriendly ghost who wants to drive them away from the house. However, he befriends a little boy who changes his outlook forever.",Vivek Sharma,"Amitabh Bachchan, Juhi Chawla, Satish Shah, Rajpal Naurang Yadav",https://images.unsplash.com/photo-1489599849927-2ee91cede3ba?w=600&auto=format&fit=crop&q=80
tt6531196,Ascharyachakit!,2018,2010s-2023,"Drama, Romance",151 min,151,Romantic Love,Heartwarming,Medium,Low,7.7,"Desire and greed intertwines the lives of a Bollywood star, his chauffeur, a prostitute and her pimp in an unlikely love story.",Samit Kakkad,"Priyanka Bose, Vaibhav Raj Gupta, Ankit Raj, Anangsha Biswas",https://images.unsplash.com/photo-1489599849927-2ee91cede3ba?w=600&auto=format&fit=crop&q=80
tt1841542,Chillar Party,2011,2010s-2023,"Comedy, Drama, Family",155 min,155,Friendship,Feel-good,Medium,Low,6.9,A gang of innocent but feisty kids who lead carefree lives in Chandan Nagar colony takes on the big bad world of politics when one of their friend's life is endangered.,"Vikas Bahl, Nitesh Tiwari","Irfan Khan, Abhinay Raj Singh, Sanath Menon, Rohan Grover",https://images.unsplash.com/photo-1489599849927-2ee91cede3ba?w=600&auto=format&fit=crop&q=80
tt16915334,Chakda Xpress,2023,2010s-2023,"Biography, Drama, Sport",182 min,182,Ambition & Triumph,Inspiring,Medium,Medium,6.9,It is inspired by the journey of Jhulan Goswami as she moves up the ladder despite the problems created by misogynistic politics to fulfill her dream of playing cricket for India,Prosit Roy,"Anushka Sharma, Anshul Chauhan, Dibyendu Bhattacharya, Nishu Dikshit",https://images.unsplash.com/photo-1489599849927-2ee91cede3ba?w=600&auto=format&fit=crop&q=80
tt1667838,I Hate Luv Storys,2010,2010s-2023,"Comedy, Drama, Romance",184 min,184,Romantic Love,Feel-good,Medium,Low,7.5,"Jay doesn't believe in love Stories, and Simran, is a girl who's in love with the idea of Love itself.",Punit Malhotra,"Imran Khan, Sonam Kapoor, Sammir Dattani, Samir Soni",https://images.unsplash.com/photo-1489599849927-2ee91cede3ba?w=600&auto=format&fit=crop&q=80
tt0315642,Wazir,2016,2010s-2023,"Action, Crime, Drama",169 min,169,"Crime & Justice, Secrets & Deception",Adrenaline Rush,Medium,High,8.3,A grief-stricken cop and an amputee grandmaster are brought together by a peculiar twist of fate as part of a wider conspiracy that has darkened their lives.,Bejoy Nambiar,"Amitabh Bachchan, Farhan Akhtar, Aditi Rao Hydari, John Abraham",https://images.unsplash.com/photo-1489599849927-2ee91cede3ba?w=600&auto=format&fit=crop&q=80
tt1146325,Singh Is Kinng,2008,2000s,"Action, Comedy, Crime",140 min,140,"Courage, Heroism",Adrenaline Rush,Medium,Medium,6.8,"A comic caper about Happy Singh, a Punjabi villager who goes through a series of misadventures and eventually becomes the King of the Australian underworld.",Anees Bazmee,"Akshay Kumar, Katrina Kaif, Om Puri, Kirron Kher",https://images.unsplash.com/photo-1489599849927-2ee91cede3ba?w=600&auto=format&fit=crop&q=80
tt2556308,Holiday,2014,2010s-2023,"Action, Crime, Thriller",142 min,142,"Courage, Heroism",Tense & Thrilling,Medium,Medium,6.6,"A military officer attempts to hunt down a terrorist, destroy a terrorist gang and deactivate the sleeper cells under its command.",A.R. Murugadoss,"Akshay Kumar, Sonakshi Sinha, Freddy Daruwala, Sumeet Raghavan",https://images.unsplash.com/photo-1489599849927-2ee91cede3ba?w=600&auto=format&fit=crop&q=80
tt10534500,#Home,2021,2010s-2023,Drama,146 min,146,"Friendship, Romantic Love, Family Ties, Secrets & Deception",Deep & Emotional,Medium,High,8.0,"Oliver Twist (Indrans) wants to be tech-savvy and become a better companion to his two sons, who spend more time on their phones than with their loved ones.",Rojin Thomas,"Indrans, Sreenath Bhasi, Manju Pillai, Naslen",https://images.unsplash.com/photo-1489599849927-2ee91cede3ba?w=600&auto=format&fit=crop&q=80
tt7529298,Attack,2022,2010s-2023,"Action, Sci-Fi, Thriller",151 min,151,Patriotism & Honor,Tense & Thrilling,Medium,High,7.1,Witness the rise of an army soldier as he realizes his destiny and comes to terms to becoming India's first super soldier created to combat terrorists as he fights his inner demons and outer enemies.With lots of action,Lakshya Raj Anand,"John Abraham, Jacqueline Fernandez, Rakul Preet Singh, Prakash Raj",https://images.unsplash.com/photo-1489599849927-2ee91cede3ba?w=600&auto=format&fit=crop&q=80
tt13534808,Janhit Mein Jaari,2022,2010s-2023,"Comedy, Drama, Romance",183 min,183,"Humor, Misunderstandings",Feel-good,Medium,Low,6.6,"The story of a young girl, a crusader who takes up a challenging job selling condoms in a small town in MP, India.",Jai Basantu Singh,"Nushrratt Bharuccha, Vijay Raaz, Alok Nath Pathak, Tinnu Anand",https://images.unsplash.com/photo-1489599849927-2ee91cede3ba?w=600&auto=format&fit=crop&q=80
tt0246729,Khiladiyon Ka Khiladi,1996,90s (1990-1999),"Action, Crime, Drama",137 min,137,"Family Ties, Crime & Justice",Adrenaline Rush,Medium,Medium,7.8,A man (Akshay Kumar) searches for his missing brother (Inder Kumar) who is also wanted by the police.,Umesh Mehra,"Akshay Kumar, Rekha, Raveena Tandon, Deven Verma",https://images.unsplash.com/photo-1489599849927-2ee91cede3ba?w=600&auto=format&fit=crop&q=80
tt8361196,Vinaya Vidheya Rama,2019,2010s-2023,"Action, Drama",167 min,167,"Family Ties, Crime & Justice",Deep & Emotional,Medium,Low,7.0,"When the happiness of his family is held to ransom by a violent crime lord, Ram sets out on a quest to destroy his nemesis and his criminal empire.",Boyapati Srinu,"Ram Charan, Vivek Oberoi, Kiara Advani, Mahesh Manjrekar",https://images.unsplash.com/photo-1489599849927-2ee91cede3ba?w=600&auto=format&fit=crop&q=80
tt5325684,Hate Story IV,2018,2010s-2023,"Crime, Drama, Thriller",169 min,169,"Revenge, Romantic Love, Family Ties",Tense & Thrilling,Medium,Medium,7.9,"Aryan and Rajveer, sons of a wealthy businessman, Vikram Khurana, fall in love with the same woman, Tasha. Not only do they commit a deed they cannot undo but also end up as targets in a revenge plan.",Vishal Pandya,"Urvashi Rautela, Gulshan Grover, Lee Byford, Komal Chhabria",https://images.unsplash.com/photo-1489599849927-2ee91cede3ba?w=600&auto=format&fit=crop&q=80
tt3410408,Rocky Handsome,2016,2010s-2023,"Action, Crime, Drama",161 min,161,"Revenge, Family Ties, Crime & Justice",Adrenaline Rush,Medium,Medium,7.5,A reclusive pawn shop owner sets his sights on revenge when vicious gangsters kidnap his drug-addicted neighbor's young daughter.,Nishikant Kamat,"John Abraham, Nishikant Kamat, Sharad Kelkar, Teddy Maurya",https://images.unsplash.com/photo-1489599849927-2ee91cede3ba?w=600&auto=format&fit=crop&q=80
tt0845448,Dhamaal,2007,2000s,"Action, Adventure, Comedy",166 min,166,"Friendship, Crime & Justice, Secrets & Deception",Feel-good,Medium,Low,8.0,"Four lazy slacker conmen buddies who are jobless, homeless and broke learn about the secret of a hidden treasure from a dying thief and later embark on a race against time to find the mobster's buried treasure and claim it while being pursued by a determined police inspector who is hellbent to get the treasure all by himself.",Indra Kumar,"Sanjay Dutt, Riteish Deshmukh, Arshad Warsi, Jaaved Jaaferi",https://images.unsplash.com/photo-1489599849927-2ee91cede3ba?w=600&auto=format&fit=crop&q=80
tt4430136,Pyaar Ka Punchnama 2,2015,2010s-2023,"Comedy, Drama, Romance",168 min,168,Romantic Love,Feel-good,Medium,Low,7.0,"After falling in love, three roommates experience changes in their lives.",Luv Ranjan,"Kartik Aaryan, Omkar Kapoor, Sunny Singh, Nushrratt Bharuccha",https://images.unsplash.com/photo-1489599849927-2ee91cede3ba?w=600&auto=format&fit=crop&q=80
tt15482442,Untitled Blumhouse Productions Film,2024,2024-Latest,,131 min,131,"Self-Discovery, Destiny",Deep & Emotional,Medium,Low,8.1,Add a Plot,Luv Ranjan,"Kartik Aaryan, Omkar Kapoor, Sunny Singh, Nushrratt Bharuccha",https://images.unsplash.com/photo-1489599849927-2ee91cede3ba?w=600&auto=format&fit=crop&q=80
tt0233422,Chachi 420,1997,90s (1990-1999),"Comedy, Drama, Family",166 min,166,"Romantic Love, Family Ties",Feel-good,Medium,Low,6.6,Desperation to be with his only child forces a divorced man to take the guise of the child's nanny. Situations get really messy when the child's grandfather (the man's ex-father-in-law) falls in love with his disguised ex-son-in-law.,Kamal Haasan,"Kamal Haasan, Amrish Puri, Om Puri, Tabu",https://images.unsplash.com/photo-1489599849927-2ee91cede3ba?w=600&auto=format&fit=crop&q=80
tt0346723,Chalte Chalte,2003,2000s,"Drama, Romance",179 min,179,"Human Conflict, Life Lessons",Heartwarming,Medium,Low,6.8,A man pursues a woman who is already engaged and eventually gets married to her. Differences between the two lead to a bitter separation that threatens to destroy their relationship forever.,Aziz Mirza,"Shah Rukh Khan, Rani Mukerji, Jas Arora, Satish Shah",https://images.unsplash.com/photo-1489599849927-2ee91cede3ba?w=600&auto=format&fit=crop&q=80
tt5255710,Sanam Teri Kasam,2016,2010s-2023,"Drama, Musical, Romance",166 min,166,"Family Ties, Patriotism & Honor",Heartwarming,Medium,Low,6.6,"After being disowned by her family, an awkward librarian relies on the help of her brooding neighbour.","Radhika Rao, Vinay Sapru","Harshvardhan Rane, Mawra Hocane, Vijay Raaz, Murli Sharma",https://images.unsplash.com/photo-1489599849927-2ee91cede3ba?w=600&auto=format&fit=crop&q=80
tt0448206,Bunty Aur Babli,2005,2000s,"Comedy, Crime, Drama",146 min,146,Crime & Justice,Deep & Emotional,Medium,Medium,6.8,"A small-town pair become the legendary Bunty and Babli, turning the world on its head caper after caper--until they meet a very upset police officer.",Shaad Ali,"Abhishek Bachchan, Rani Mukerji, Amitabh Bachchan, Kiran Juneja",https://images.unsplash.com/photo-1489599849927-2ee91cede3ba?w=600&auto=format&fit=crop&q=80
tt1395025,Agent Vinod,2012,2010s-2023,"Action, Adventure, Thriller",146 min,146,"Revenge, Crime & Justice",Tense & Thrilling,High,Medium,6.8,A series of seemingly unconnected events across the world leads to Agent Vinod undertaking a globe-trotting mission to discover why his colleague was murdered.,Sriram Raghavan,"Kareena Kapoor, Saif Ali Khan, Adil Hussain, Ram Kapoor",https://images.unsplash.com/photo-1489599849927-2ee91cede3ba?w=600&auto=format&fit=crop&q=80
tt4387040,Airlift,2016,2010s-2023,"Action, Drama, History",167 min,167,"Family Ties, Patriotism & Honor",Inspiring,Medium,Low,6.6,"When Iraq invades Kuwait in August 1990, a callous Indian businessman becomes the spokesperson for more than 170,000 stranded countrymen.",Raja Menon,"Akshay Kumar, Nimrat Kaur, Kumud Mishra, Prakash Belawadi",https://images.unsplash.com/photo-1489599849927-2ee91cede3ba?w=600&auto=format&fit=crop&q=80
tt5456546,Judwaa 2,2017,2010s-2023,"Action, Comedy",168 min,168,Family Ties,Feel-good,Medium,Low,7.5,Prem and Raja are twin brothers who are seperated at birth but are uniquely connected to eachother via their reflexes. They reunite as adults and set out to take down the underground smuggling world.,David Dhawan,"Varun Dhawan, Jacqueline Fernandez, Taapsee Pannu, Anupam Kher",https://images.unsplash.com/photo-1489599849927-2ee91cede3ba?w=600&auto=format&fit=crop&q=80
tt0356982,Paanch,2003,2000s,"Crime, Thriller",155 min,155,"Friendship, Revenge",Tense & Thrilling,Medium,Medium,8.2,Kidnapping plot gone wrong when four friends plans to kidnap their own friend who accidentally got killed.,Anurag Kashyap,"Kay Kay Menon, Aditya Srivastav, Joy Fernandes, Vijay Maurya",https://images.unsplash.com/photo-1489599849927-2ee91cede3ba?w=600&auto=format&fit=crop&q=80
tt2077833,Rowdy Rathore,2012,2010s-2023,"Action, Comedy, Crime",157 min,157,"Romantic Love, Family Ties, Secrets & Deception",Adrenaline Rush,Medium,Medium,8.3,"A con man uncovers a deadly secret and must save his lady love, the small-town locals and the little girl who insists she's his daughter, from the mob.",Prabhu Deva,"Akshay Kumar, Sonakshi Sinha, Nassar, Yashpal Sharma",https://images.unsplash.com/photo-1489599849927-2ee91cede3ba?w=600&auto=format&fit=crop&q=80
tt13912632,Sanak,2021,2010s-2023,"Action, Thriller",144 min,144,"Courage, Heroism",Tense & Thrilling,Medium,Medium,6.5,"Sanak is an action-thriller film, summarizing the emotion and journey of a lone hero, who fights overwhelming odds in a restricted environment, to save his wife and other unfortunates, helpless hostages, from the perils of evil.",Kanishk Varma,"Vidyut Jammwal, Neha Dhupia, Rukmini Maitra, Chandan Roy Sanyal",https://images.unsplash.com/photo-1489599849927-2ee91cede3ba?w=600&auto=format&fit=crop&q=80
tt15416100,Visfot,2023,2010s-2023,"Crime, Thriller",157 min,157,"Self-Discovery, Destiny",Tense & Thrilling,Medium,Medium,7.1,"Worli, Mumbai. Two families. One has recently moved into one of the high-rises of Lower Parel, what was once known as the Cotton Mill district. The other lives a crammed life in a slum, ...                See full summary »",Kookie Gulati,"Riddhi Dogra, Priya Bapat, Riteish Deshmukh, Fardeen Khan",https://images.unsplash.com/photo-1489599849927-2ee91cede3ba?w=600&auto=format&fit=crop&q=80
tt6964940,Skater Girl,2021,2010s-2023,"Drama, Family, Sport",162 min,162,"Romantic Love, Ambition & Triumph",Deep & Emotional,Medium,Low,7.0,"When a teen in rural India discovers a life-changing passion for skateboarding, she faces a rough road as she follows her dream to compete.",Manjari Makijany,"Waheeda Rehman, Amy Maghera, Sahidur Rahaman, Jonathan Readwin",https://images.unsplash.com/photo-1489599849927-2ee91cede3ba?w=600&auto=format&fit=crop&q=80
tt0405266,Raincoat,2004,2000s,"Drama, Romance",153 min,153,Romantic Love,Heartwarming,Medium,Low,7.6,"All he wanted was to see her just once. Manu was from a village in the backwoods. Neeru was the girl next door, his lost love.",Rituparno Ghosh,"Ajay Devgn, Aishwarya Rai Bachchan, Annu Kapoor, Mouli Ganguly",https://images.unsplash.com/photo-1489599849927-2ee91cede3ba?w=600&auto=format&fit=crop&q=80
tt0405507,Murder,2004,2000s,"Drama, Romance, Thriller",137 min,137,Romantic Love,Tense & Thrilling,Medium,Medium,7.2,"Unhappy with her marriage with workaholic man, a woman finds solace in her lover and starts a steamy affair. But this fills her with guilt and leaves him, but he is determined to get her - at any cost.",Anurag Basu,"Mallika Sherawat, Ashmit Patel, Emraan Hashmi, Kashmira Shah",https://images.unsplash.com/photo-1489599849927-2ee91cede3ba?w=600&auto=format&fit=crop&q=80
tt0272736,Mujhse Dosti Karoge!,2002,2000s,"Comedy, Drama, Family",183 min,183,"Friendship, Romantic Love",Feel-good,Medium,Low,7.0,"Meet Raj, Pooja and Tina - 3 best friends thrown into a situation that time, letters, love and separation have created for them.",Kunal Kohli,"Hrithik Roshan, Kareena Kapoor, Rani Mukerji, Uday Chopra",https://images.unsplash.com/photo-1489599849927-2ee91cede3ba?w=600&auto=format&fit=crop&q=80
tt5632164,Veerappan,2016,2010s-2023,"Action, Biography, Crime",168 min,168,Crime & Justice,Adrenaline Rush,Medium,Medium,7.9,"Officer Kannan leads a group of police officers to track down the bandit, Veerappan.",Ram Gopal Varma,"Sachiin Joshi, Sandeep Bharadwaj, Usha Jadhav, Nissar Khan",https://images.unsplash.com/photo-1489599849927-2ee91cede3ba?w=600&auto=format&fit=crop&q=80
tt4874298,Madly,2016,2010s-2023,"Drama, Romance",155 min,155,Romantic Love,Heartwarming,Medium,Low,6.8,A global anthology film featuring innovative love stories from the some of the world's most visionary directors.,"Bat for Lashes, Gael García Bernal, Anurag Kashyap, Sebastián Silva, Sion Sono, Mia Wasikowska","Radhika Apte, Kathryn Beck, Justina Bustos, Zoë Castle",https://images.unsplash.com/photo-1489599849927-2ee91cede3ba?w=600&auto=format&fit=crop&q=80
tt17425020,One Friday Night,2023,2010s-2023,"Crime, Drama",156 min,156,"Human Conflict, Life Lessons",Deep & Emotional,Medium,Medium,7.1,"Revolves around one stormy night, in an isolated villa a top a secluded hill.",Manish Gupta,"Vidhi Chitalia, Hemant K Gaur, Ambrish Saxena, Milind Soman",https://images.unsplash.com/photo-1489599849927-2ee91cede3ba?w=600&auto=format&fit=crop&q=80
tt7363104,Khuda Haafiz,2020,2010s-2023,"Action, Crime, Drama",142 min,142,"Courage, Heroism",Adrenaline Rush,Medium,Medium,7.3,A newly married couple's life falls in jeopardy when the wife goes missing under mysterious circumstances.,Faruk Kabir,"Vidyut Jammwal, Shivaleeka Oberoi, Annu Kapoor, Aahana Kumra",https://images.unsplash.com/photo-1489599849927-2ee91cede3ba?w=600&auto=format&fit=crop&q=80
tt3859980,Mohenjo Daro,2016,2010s-2023,"Action, Adventure, Drama",139 min,139,"Courage, Heroism",Deep & Emotional,Medium,Low,8.1,"In 2016 BC, a kind farmer leads an uprising in the city of Mohenjo Daro.",Ashutosh Gowariker,"Hrithik Roshan, Pooja Hegde, Kabir Bedi, Arunoday Singh",https://images.unsplash.com/photo-1489599849927-2ee91cede3ba?w=600&auto=format&fit=crop&q=80
tt9766332,Atrangi Re,2021,2010s-2023,"Comedy, Drama, Fantasy",153 min,153,Romantic Love,Feel-good,Medium,Low,6.7,"A Tamil boy meets a girl from Bihar, what follows is a love story for the ages. A non-linear narrative of two romances running in parallel from different timelines.",Aanand L. Rai,"Dhanush, Sara Ali Khan, Akshay Kumar, Seema Biswas",https://images.unsplash.com/photo-1489599849927-2ee91cede3ba?w=600&auto=format&fit=crop&q=80
tt1708453,Aakrosh,2010,2010s-2023,"Action, Crime, Drama",159 min,159,"Revenge, Secrets & Deception",Adrenaline Rush,Medium,High,7.6,"The Central Bureau of Investigation deputes two officers to investigate the disappearance of three medical students, which they believe to be an incident of 'honour killing' in a small, closed community.",Priyadarshan,"Ajay Devgn, Akshaye Khanna, Bipasha Basu, Paresh Rawal",https://images.unsplash.com/photo-1489599849927-2ee91cede3ba?w=600&auto=format&fit=crop&q=80
tt0098999,Agneepath,1990,90s (1990-1999),"Action, Crime, Drama",148 min,148,"Revenge, Crime & Justice",Adrenaline Rush,Medium,Medium,7.7,"A young boy's quest for revenge leads him to become a gangster as an adult, and with each day he becomes more and more like his enemies. Can he find vengeance and redemption?",Mukul Anand,"Amitabh Bachchan, Mithun Chakraborty, Madhavi, Neelam Kothari",https://images.unsplash.com/photo-1489599849927-2ee91cede3ba?w=600&auto=format&fit=crop&q=80
tt0120540,Yes Boss,1997,90s (1990-1999),"Comedy, Drama, Musical",164 min,164,"Humor, Misunderstandings",Feel-good,Medium,Low,7.9,"Rahul Joshi wants to be a successful businessman so he works hard for his boss Siddharth. One day Rahul meets Seema, an up and coming model, and he feels like he's finally met his match. Will Seema fall for Rahul?",Aziz Mirza,"Shah Rukh Khan, Juhi Chawla, Aditya Pancholi, Kashmira Shah",https://images.unsplash.com/photo-1489599849927-2ee91cede3ba?w=600&auto=format&fit=crop&q=80
tt9614460,Chhapaak,2020,2010s-2023,"Biography, Drama",182 min,182,"Human Conflict, Life Lessons",Inspiring,Medium,High,6.7,"The trials and triumphs of Malti, an acid attack survivor. From the investigation of the attack to the court proceedings, the medical treatment to the emotional healing. Chhapaak is the story of the unquashable human spirit.",Meghna Gulzar,"Deepika Padukone, Vikrant Massey, Madhurjeet Sarghi, Payal Nair",https://images.unsplash.com/photo-1489599849927-2ee91cede3ba?w=600&auto=format&fit=crop&q=80
tt1499201,Anjaana Anjaani,2010,2010s-2023,"Comedy, Drama, Musical",152 min,152,Revenge,Feel-good,Medium,Low,6.8,"After numerous attempts at suicide fail, a couple decides to live it up, then kill themselves on New Year's Day.",Siddharth Anand,"Priyanka Chopra Jonas, Ranbir Kapoor, Aubrey K. Miller, Carl Marino",https://images.unsplash.com/photo-1489599849927-2ee91cede3ba?w=600&auto=format&fit=crop&q=80
tt1734110,No One Killed Jessica,2011,2010s-2023,"Biography, Crime, Drama",169 min,169,Revenge,Inspiring,High,Medium,7.1,"A journalist, who is more of an activist teams up with the sister of a murdered model, as she gets interested in the case and wants to bring justice to her case.",Raj Kumar Gupta,"Rani Mukerji, Vidya Balan, Myra Karn, Neil Bhoopalam",https://images.unsplash.com/photo-1489599849927-2ee91cede3ba?w=600&auto=format&fit=crop&q=80
tt4699202,Gurgaon,2017,2010s-2023,"Crime, Thriller",169 min,169,Family Ties,Tense & Thrilling,Medium,Medium,6.8,Based on true event this story revolves around kidnapping of Preeto which family has come to know from midnight call. The tales revolves as to how they family will be able to track Preeto..,Shanker Raman,"Akshay Oberoi, Pankaj Tripathi, Aamir Bashir, Ragini Khanna",https://images.unsplash.com/photo-1489599849927-2ee91cede3ba?w=600&auto=format&fit=crop&q=80
tt11948256,Lift,2021,2010s-2023,"Drama, Horror, Mystery",132 min,132,Secrets & Deception,Tense & Thrilling,High,High,6.8,A usual working day turns unusual for Guru and Harini when they get trapped in their haunted office. A patterned game unlocks a mystery and a lift is their only way out.,Vineeth,"Kavin, Amritha Aiyer, Kiran Konda, Gayathri Reddy",https://images.unsplash.com/photo-1489599849927-2ee91cede3ba?w=600&auto=format&fit=crop&q=80
tt2385104,D-Day,2013,2010s-2023,"Action, Thriller",137 min,137,"Courage, Heroism",Tense & Thrilling,Medium,Medium,6.8,A team of experts dispatched to bring in The Most Wanted Man in India almost achieve the unthinkable ... until something goes horribly wrong.,Nikkhil Advani,"Irrfan Khan, Rishi Kapoor, Arjun Rampal, Shruti Haasan",https://images.unsplash.com/photo-1489599849927-2ee91cede3ba?w=600&auto=format&fit=crop&q=80
tt13022984,Khuda Haafiz Chapter II: Agni Pariksha,2022,2010s-2023,"Action, Crime, Drama",156 min,156,"Family Ties, Secrets & Deception",Adrenaline Rush,Medium,High,7.2,"Sameer and Nargis, after overcoming all odds, find a ray of sunshine when little Nandini enters their lives and their family is complete; But their happiness is short-lived. In a bizarre twist of fate, Nandini goes missing.",Faruk Kabir,"Vidyut Jammwal, Shivaleeka Oberoi, Dibyendu Bhattacharya, Sheeba Chaddha",https://images.unsplash.com/photo-1489599849927-2ee91cede3ba?w=600&auto=format&fit=crop&q=80
tt8130904,The Body,2019,2010s-2023,"Mystery, Thriller",152 min,152,Secrets & Deception,Tense & Thrilling,Medium,High,8.2,"When the body of a powerful businesswoman disappears from the morgue, the inspector in charge hunts for the truth. But when he questions her husband he realizes that there is much more to the case than meets the eye.",Jeethu Joseph,"Emraan Hashmi, Rishi Kapoor, Sobhita Dhulipala, Vedhika",https://images.unsplash.com/photo-1489599849927-2ee91cede3ba?w=600&auto=format&fit=crop&q=80
tt7180544,Mukkabaaz,2017,2010s-2023,"Action, Drama, Sport",168 min,168,Ambition & Triumph,Deep & Emotional,Medium,Low,7.8,A boxer struggles to make his mark in the boxing world.,Anurag Kashyap,"Vineet Kumar Singh, Jimmy Shergill, Zoya Hussain, Ravi Kishan",https://images.unsplash.com/photo-1489599849927-2ee91cede3ba?w=600&auto=format&fit=crop&q=80
tt2302416,Gali Guleiyan,2017,2010s-2023,"Drama, Thriller",168 min,168,"Human Conflict, Life Lessons",Tense & Thrilling,Medium,Medium,7.2,The film is a psychological drama about a man who is trapped within the city walls and in his own mind. He attempts to break free to find a human connection.,Dipesh Jain,"Manoj Bajpayee, Ranvir Shorey, Neeraj Kabi, Shahana Goswami",https://images.unsplash.com/photo-1489599849927-2ee91cede3ba?w=600&auto=format&fit=crop&q=80
tt0419058,Phir Hera Pheri,2006,2000s,"Comedy, Crime",158 min,158,"Humor, Misunderstandings",Deep & Emotional,Low,Medium,6.8,"Baburao, Raju and Shyam are living happily after having risen from rags to riches. Still, money brings the joy of riches and with it the greed to make more money. And so, with a don as an unknowing investor, Raju initiates a new game.",Neeraj Vora,"Akshay Kumar, Suniel Shetty, Paresh Rawal, Bipasha Basu",https://images.unsplash.com/photo-1489599849927-2ee91cede3ba?w=600&auto=format&fit=crop&q=80
tt21998526,Zwigato,2022,2010s-2023,Drama,144 min,144,"Human Conflict, Life Lessons",Deep & Emotional,Medium,Low,8.0,"A man works as a food delivery rider, grappling with the world of ratings and incentives. To support the income, his homemaker wife begins to explore different work opportunities, with fear but also excitement of a new found independence.",Nandita Das,"Kapil Sharma, Shahana Goswami, Tushar Acharya, Zishan Ali",https://images.unsplash.com/photo-1489599849927-2ee91cede3ba?w=600&auto=format&fit=crop&q=80
tt5764096,Hindi Medium,2017,2010s-2023,"Comedy, Drama",138 min,138,Family Ties,Feel-good,Medium,Low,7.3,A couple from Chandni Chowk aspire to give their daughter the best education and thus be a part of and accepted by the elite of Delhi.,Saket Chaudhary,"Irrfan Khan, Saba Qamar, Dishita Sehgal, Deepak Dobriyal",https://images.unsplash.com/photo-1489599849927-2ee91cede3ba?w=600&auto=format&fit=crop&q=80
tt1301698,1920,2008,2000s,"Horror, Mystery, Romance",170 min,170,Family Ties,Tense & Thrilling,High,High,8.0,"After forsaking his family and religion, a husband finds his wife is demoniacally possessed.",Vikram Bhatt,"Rajneesh Duggal, Adah Sharma, Anjori Alagh, Raj Zutshi",https://images.unsplash.com/photo-1489599849927-2ee91cede3ba?w=600&auto=format&fit=crop&q=80
tt10023024,Love Aaj Kal,2020,2010s-2023,"Drama, Romance",170 min,170,"Romantic Love, Family Ties, Ambition & Triumph",Heartwarming,Medium,Low,7.7,"When professional ambitions clash with personal feelings for a modern-day couple, a love story from a bygone era may offer some wisdom.",Imtiaz Ali,"Kartik Aaryan, Sara Ali Khan, Randeep Hooda, Sonu Saini",https://images.unsplash.com/photo-1489599849927-2ee91cede3ba?w=600&auto=format&fit=crop&q=80
tt11199356,Bheeshma,2020,2010s-2023,"Action, Comedy, Romance",160 min,160,"Friendship, Romantic Love",Feel-good,Medium,Low,6.7,"Bheeshma is a young bachelor who is desperate to find a girlfriend. One day, he meets and falls in love with Chaitra, who works for an organics company that coincidentally carries his first name.",Venky Kudumula,"Nithiin, Rashmika Mandanna, Anant Nag, Jisshu Sengupta",https://images.unsplash.com/photo-1489599849927-2ee91cede3ba?w=600&auto=format&fit=crop&q=80
tt10243678,Chopsticks,2019,2010s-2023,"Comedy, Drama",126 min,126,"Humor, Misunderstandings",Feel-good,Medium,Low,7.7,A gifted but insecure woman is in for a transformative experience when she enlists an enigmatic con to help recover her stolen car from a Mumbai thug.,Sachin Yardi,"Abhay Deol, Mithila Palkar, Vijay Raaz, Achint Kaur",https://images.unsplash.com/photo-1489599849927-2ee91cede3ba?w=600&auto=format&fit=crop&q=80
tt11142762,Pagglait,2021,2010s-2023,"Comedy, Drama",126 min,126,Romantic Love,Feel-good,Medium,Low,8.1,"Widowed soon after marriage, a young woman grapples with an inability to grieve, quirky relatives, and a startling discovery about her late husband.",Umesh Bist,"Sanya Malhotra, Sayani Gupta, Sheeba Chaddha, Ashutosh Rana",https://images.unsplash.com/photo-1489599849927-2ee91cede3ba?w=600&auto=format&fit=crop&q=80
tt1949548,Heroine,2012,2010s-2023,Drama,137 min,137,Ambition & Triumph,Deep & Emotional,Medium,Low,6.6,A female superstar struggles through the trials and tribulations of being a Bollywood actress.,Madhur Bhandarkar,"Kareena Kapoor, Arjun Rampal, Randeep Hooda, Shahana Goswami",https://images.unsplash.com/photo-1489599849927-2ee91cede3ba?w=600&auto=format&fit=crop&q=80
tt2072227,Shanghai,2012,2010s-2023,"Crime, Drama, Mystery",141 min,141,Revenge,Tense & Thrilling,Medium,High,6.8,Prime leader of a campaign against a big government project is killed in what appears to be a road accident. An IAS officer is ordered to probe the incident and the veils of falsehood begin to drop.,Dibakar Banerjee,"Abhay Deol, Emraan Hashmi, Kalki Koechlin, Prasenjit Chatterjee",https://images.unsplash.com/photo-1489599849927-2ee91cede3ba?w=600&auto=format&fit=crop&q=80
tt6170954,Naam Shabana,2017,2010s-2023,"Action, Drama, Thriller",160 min,160,Crime & Justice,Tense & Thrilling,Medium,Medium,6.9,"This Spin-off from Baby (2015) provides the back-story of intelligence agent Shabana, and chronicles how she becomes a spy.",Shivam Nair,"Taapsee Pannu, Akshay Kumar, Manoj Bajpayee, Taher Shabbir",https://images.unsplash.com/photo-1489599849927-2ee91cede3ba?w=600&auto=format&fit=crop&q=80
tt3696192,Singh Is Bliing,2015,2010s-2023,"Action, Comedy, Romance",169 min,169,"Friendship, Family Ties",Feel-good,Medium,Low,8.1,A lazy youth failing to take up any responsibility is sent to work with his father's friend in Goa where he meets a woman who has problems of her own.,Prabhu Deva,"Akshay Kumar, Amy Jackson, Lara Dutta, Kay Kay Menon",https://images.unsplash.com/photo-1489599849927-2ee91cede3ba?w=600&auto=format&fit=crop&q=80
tt11095208,Beautiful,2020,2010s-2023,Drama,142 min,142,"Human Conflict, Life Lessons",Deep & Emotional,Medium,Low,7.5,"Beautiful is about ""Can a man take it , if his woman becomes more successful than him?"" It's not about professional jealousy like Abhimaan and Aashiqui 2 but it's about Male pride It's a ...                See full summary »",Agasthya Manju,"Raknil Avro, K K Binojee, Erixnil, Naina Ganguly",https://images.unsplash.com/photo-1489599849927-2ee91cede3ba?w=600&auto=format&fit=crop&q=80
tt2417560,Filmistaan,2012,2010s-2023,Comedy,137 min,137,"Humor, Misunderstandings",Feel-good,Low,Low,7.7,"In Mumbai, affable Bollywood buff and wanna-be-actor Sunny, who works as an assistant director, fantasizes on becoming a heart-throb star. However, at every audition he is summarily thrown ...                See full summary »",Nitin Kakkar,"Sharib Hashmi, Inaamulhaq, Kumud Mishra, Gopal Datt",https://images.unsplash.com/photo-1489599849927-2ee91cede3ba?w=600&auto=format&fit=crop&q=80
tt0222024,Hum Tumhare Hain Sanam,2002,2000s,"Comedy, Drama, Romance",173 min,173,Friendship,Feel-good,Medium,Low,6.6,"Gopal's blissful married life with Radha blemishes when Radha gets obsessed with the career of her friend, Suraj, who is a singer. Ripped apart by jealousy, Gopal deserts Radha.","K.S. Adiyaman, Sanjay Singh","Shah Rukh Khan, Madhuri Dixit, Salman Khan, Atul Agnihotri",https://images.unsplash.com/photo-1489599849927-2ee91cede3ba?w=600&auto=format&fit=crop&q=80
tt5465370,Akira,2016,2010s-2023,"Action, Thriller",142 min,142,"Friendship, Crime & Justice",Tense & Thrilling,Medium,Medium,7.4,"A gripping action thriller about a college girl Akira, who has grown up with the ideals of being self reliant. Her life spirals out of control when she becomes unwittingly involved in a crime involving four corrupt police officers.",A.R. Murugadoss,"Sonakshi Sinha, Anurag Kashyap, Konkona Sen Sharma, Nandu Madhav",https://images.unsplash.com/photo-1489599849927-2ee91cede3ba?w=600&auto=format&fit=crop&q=80
tt8108200,Sonchiriya,2019,2010s-2023,"Action, Crime, Drama",163 min,163,"Crime & Justice, Patriotism & Honor",Adrenaline Rush,Medium,Medium,7.9,"Set in the Chambal valley, the film follows the story of a legion of dreaded, warring dacoits who once terrorized the Indian heartlands.",Abhishek Chaubey,"Sushant Singh Rajput, Bhumi Pednekar, Ashutosh Rana, Ranvir Shorey",https://images.unsplash.com/photo-1489599849927-2ee91cede3ba?w=600&auto=format&fit=crop&q=80
tt1049405,The Other End of the Line,2007,2000s,"Comedy, Drama, Family",151 min,151,"Humor, Misunderstandings",Feel-good,Medium,Low,7.6,An employee at an Indian call-center travels to San Francisco to be with a guy she falls for over the phone.,James Dodson,"Jesse Metcalfe, Sara Foster, Anupam Kher, Austin Basis",https://images.unsplash.com/photo-1489599849927-2ee91cede3ba?w=600&auto=format&fit=crop&q=80
tt6264938,Kesari,2019,2010s-2023,"Action, Drama, History",140 min,140,Patriotism & Honor,Inspiring,Medium,Low,8.3,"Based on an incredible true story of the Battle of Saragarhi in which an army of 21 Sikhs fought against 10,000 Afghans in 1897.",Anurag Singh,"Akshay Kumar, Parineeti Chopra, Suvinder Vicky, Vansh Bhardwaj",https://images.unsplash.com/photo-1489599849927-2ee91cede3ba?w=600&auto=format&fit=crop&q=80
tt12045028,Nympho: The Lust Story,2020,2010s-2023,"Drama, Romance, Thriller",149 min,149,"Human Conflict, Life Lessons",Tense & Thrilling,Medium,Medium,7.4,Nympho is a lust story of a girl called Rachael. She is a nymphomaniac. She is a sex addict. She is not a single man woman.,Kumaar Aadarsh,"Natasha Majhi, Mohnish Nawani, Vikhyat Swades, Pooja Jangid",https://images.unsplash.com/photo-1489599849927-2ee91cede3ba?w=600&auto=format&fit=crop&q=80
tt4334260,San' 75 (Pachattar),2022,2010s-2023,Thriller,145 min,145,"Self-Discovery, Destiny",Tense & Thrilling,Medium,Medium,7.4,"In 1975, India was declared in a state of emergency. This movie tells a story of that year and how the first mobile phone arrived to India.",Navneet Behal,"Pravessh Rana, Kay Kay Menon, Kirti Kulhari, Tom Alter",https://images.unsplash.com/photo-1489599849927-2ee91cede3ba?w=600&auto=format&fit=crop&q=80
tt2301155,Shootout at Wadala,2013,2010s-2023,"Action, Biography, Crime",150 min,150,Crime & Justice,Adrenaline Rush,Medium,Medium,6.7,"Based on the true story of the first-ever registered encounter by the Mumbai Police, which took place on November 1, 1982.",Sanjay Gupta,"Anil Kapoor, John Abraham, Manoj Bajpayee, Tusshar Kapoor",https://images.unsplash.com/photo-1489599849927-2ee91cede3ba?w=600&auto=format&fit=crop&q=80
tt1918965,Murder 2,2011,2010s-2023,"Action, Crime, Drama",151 min,151,Crime & Justice,Adrenaline Rush,Medium,Medium,6.5,An ex-cop is hired by a pimp to find missing call girls and the man responsible behind their abduction.,Mohit Suri,"Emraan Hashmi, Jacqueline Fernandez, Prashant Narayanan, Sulagna Panigrahi",https://images.unsplash.com/photo-1489599849927-2ee91cede3ba?w=600&auto=format&fit=crop&q=80
tt0886539,Luck by Chance,2009,2000s,Drama,135 min,135,Friendship,Deep & Emotional,Medium,Low,6.8,"When Vikram gets tapped to play the male lead in a Bollywood film, he can't believe his luck. But it may ruin his relationship with his girlfriend.",Zoya Akhtar,"Farhan Akhtar, Konkona Sen Sharma, Rishi Kapoor, Dimple Kapadia",https://images.unsplash.com/photo-1489599849927-2ee91cede3ba?w=600&auto=format&fit=crop&q=80
tt0234000,Kaho Naa... Pyaar Hai,2000,2000s,"Action, Musical, Romance",136 min,136,"Friendship, Revenge",Deep & Emotional,High,Low,8.0,A young girl meets the doppelganger of her deceased boyfriend and now has a chance to find the people who have murdered him.,Rakesh Roshan,"Hrithik Roshan, Ameesha Patel, Anupam Kher, Dalip Tahil",https://images.unsplash.com/photo-1489599849927-2ee91cede3ba?w=600&auto=format&fit=crop&q=80
tt1433905,All the Best: Fun Begins,2009,2000s,"Action, Comedy, Drama",136 min,136,Family Ties,Feel-good,Medium,Low,7.7,The unexpected arrival of his elder NRI brother and assorted characters complicates the life of a Goan male.,Rohit Shetty,"Sanjay Dutt, Ajay Devgn, Fardeen Khan, Bipasha Basu",https://images.unsplash.com/photo-1489599849927-2ee91cede3ba?w=600&auto=format&fit=crop&q=80
tt1610452,Band Baaja Baaraat,2010,2010s-2023,"Comedy, Drama, Romance",166 min,166,"Friendship, Romantic Love",Feel-good,Medium,Low,7.0,"Shruti and Bittoo become partners in their very own ""Wedding planning ka bijness"" in Delhi and in the process discover friendship, love and one another.",Maneesh Sharma,"Ranveer Singh, Anushka Sharma, Ranjit Batra, Satender Bhardwaj",https://images.unsplash.com/photo-1489599849927-2ee91cede3ba?w=600&auto=format&fit=crop&q=80
tt6514196,Baazaar,2018,2010s-2023,"Crime, Drama, Thriller",155 min,155,"Human Conflict, Life Lessons",Tense & Thrilling,Medium,Medium,7.8,"After moving to Mumbai, an ambitious young man becomes the stock trader for a notorious businessman.","Gauravv K. Chawla, Samuel Wilde","Saif Ali Khan, Radhika Apte, Chitrangda Singh, Denzil Smith",https://images.unsplash.com/photo-1489599849927-2ee91cede3ba?w=600&auto=format&fit=crop&q=80
tt5686868,Miss Teacher,2016,2010s-2023,Romance,177 min,177,"Love, Heartbreak",Deep & Emotional,Medium,Low,8.1,"Rose Dey is the new teacher at the university. She is very attractive and is a nymphomaniac. At the university, Rose meets Tanvesh and an affair begins.",Jayprakkash Shaw,"Kamalika Chanda, Rahul Sharma, Resham Thakkar, Adi Irani",https://images.unsplash.com/photo-1489599849927-2ee91cede3ba?w=600&auto=format&fit=crop&q=80
tt0307873,Raaz,2002,2000s,"Drama, Horror, Musical",170 min,170,Romantic Love,Tense & Thrilling,High,Low,7.3,"Sanjana and Aditya decide to give their marriage one last chance. They plan a holiday in Ooty, but they don't know that a strange figure is waiting for them to come.",Vikram Bhatt,"Dino Morea, Bipasha Basu, Malini Sharma, Ashutosh Rana",https://images.unsplash.com/photo-1489599849927-2ee91cede3ba?w=600&auto=format&fit=crop&q=80
tt0291376,Nayak: The Real Hero,2001,2000s,"Action, Drama, Thriller",137 min,137,"Courage, Heroism",Tense & Thrilling,Medium,Medium,7.2,"A man accepts a challenge by the chief minister of Maharashtra to run the state for one day, and makes such a success of it that soon he is embroiled in political intrigue.",S. Shankar,"Anil Kapoor, Rani Mukerji, Amrish Puri, Paresh Rawal",https://images.unsplash.com/photo-1489599849927-2ee91cede3ba?w=600&auto=format&fit=crop&q=80
tt1017456,Race,2008,2000s,"Action, Crime, Drama",136 min,136,"Romantic Love, Family Ties, Patriotism & Honor",Adrenaline Rush,Medium,Medium,6.9,Destiny makes two brothers- Ranvir and Rajiv - enemies of each other. Everything is fair in love and war.,"Abbas Alibhai Burmawalla, Mastan Alibhai Burmawalla","Saif Ali Khan, Akshaye Khanna, Bipasha Basu, Katrina Kaif",https://images.unsplash.com/photo-1489599849927-2ee91cede3ba?w=600&auto=format&fit=crop&q=80
tt28152747,Sergeant,2023,2010s-2023,"Drama, Thriller",152 min,152,"Human Conflict, Life Lessons",Tense & Thrilling,Medium,Medium,7.7,"Sergeant suffers from severe depression after losing a limb on duty. After meeting Monica, he gains confidence and vows to reclaim his previous life by solving a critical case.",Prawaal Raman,"Tahirr Aashhraf, Daphne Alexander, Malcolm Davies, Sonia Goswami",https://images.unsplash.com/photo-1489599849927-2ee91cede3ba?w=600&auto=format&fit=crop&q=80
tt0466460,Khosla Ka Ghosla!,2006,2000s,"Comedy, Crime, Drama",157 min,157,"Friendship, Family Ties",Deep & Emotional,Medium,Medium,7.5,A Delhi-based retired middle-class man tries half-heartedly to get his land back from a swindling property dealer with the help of his sons and their friends.,"Dibakar Banerjee, Pravin E. Birje","Anupam Kher, Boman Irani, Parvin Dabas, Tara Sharma",https://images.unsplash.com/photo-1489599849927-2ee91cede3ba?w=600&auto=format&fit=crop&q=80
tt21398196,Siya,2022,2010s-2023,"Crime, Drama",161 min,161,"Human Conflict, Life Lessons",Deep & Emotional,Medium,Medium,8.2,"Siya, a 17-year-old rape survivor, decides to go against all odds and fight for justice after being held captive and repeatedly abused by a group of powerful men. Can she win against the perpetrators?",Manish Mundra,"Stephen Alexander, Rudra Pratap Singh Chaudhary, Dev Chauhan, Madhvendra Jha",https://images.unsplash.com/photo-1489599849927-2ee91cede3ba?w=600&auto=format&fit=crop&q=80
tt1562859,Golmaal 3,2010,2010s-2023,"Action, Comedy, Drama",162 min,162,Romantic Love,Feel-good,Medium,Low,8.2,"In Goa, Pritam meets his love Geeta after many years. They decide to get married but the feud between their respective children creates tension in their marriage.",Rohit Shetty,"Mithun Chakraborty, Ajay Devgn, Kareena Kapoor, Tusshar Kapoor",https://images.unsplash.com/photo-1489599849927-2ee91cede3ba?w=600&auto=format&fit=crop&q=80
tt6972140,Blackmail,2018,2010s-2023,"Comedy, Thriller",147 min,147,"Revenge, Romantic Love, Secrets & Deception",Feel-good,Medium,Medium,7.5,"When Dev finds out his wife is cheating on him, he secretly blackmails his wife and her lover as a form of revenge.",Abhinay Deo,"Irrfan Khan, Urmila Matondkar, Divya Dutta, Kirti Kulhari",https://images.unsplash.com/photo-1489599849927-2ee91cede3ba?w=600&auto=format&fit=crop&q=80
tt4906960,Baadshaho,2017,2010s-2023,"Action, Adventure, Thriller",160 min,160,"Courage, Heroism",Tense & Thrilling,Medium,Medium,7.0,An Indian queen asks her bodyguard to steal back gold taken from her by the Indian government during The Emergency period in 1975.,Milan Luthria,"Ajay Devgn, Ileana D'Cruz, Emraan Hashmi, Esha Gupta",https://images.unsplash.com/photo-1489599849927-2ee91cede3ba?w=600&auto=format&fit=crop&q=80
tt19838608,Babli Bouncer,2022,2010s-2023,"Comedy, Drama",128 min,128,"Humor, Misunderstandings",Feel-good,Medium,Low,6.7,"A one-of-a-kind story of a female bouncer, the film follows Babli Bouncer (Tamannaah Bhatia). It explores the various facets of the profession, which is usually dominated by men.",Madhur Bhandarkar,"Tamannaah Bhatia, Sahil Vaid, Karan Singh Chhabra, Abhishek Bajaj",https://images.unsplash.com/photo-1489599849927-2ee91cede3ba?w=600&auto=format&fit=crop&q=80
tt1714866,Midnight's Children,2012,2010s-2023,Drama,133 min,133,Patriotism & Honor,Deep & Emotional,Medium,Low,6.7,A pair of children born within moments of India gaining independence from Britain grow up in the country that is nothing like their parents' generation.,Deepa Mehta,"Rajat Kapoor, Vansh Bhardwaj, Anupam Kher, Neha Mahajan",https://images.unsplash.com/photo-1489599849927-2ee91cede3ba?w=600&auto=format&fit=crop&q=80
tt3337550,Rahasya,2015,2010s-2023,"Mystery, Thriller",159 min,159,"Revenge, Family Ties, Patriotism & Honor",Tense & Thrilling,Medium,High,7.6,"A Doctor stands accused of killing his own eighteen-year old daughter. While this aggrieved father protests his innocence, all evidence points towards him irrefutably. While his own wife ...                See full summary »",Manish Gupta,"Kay Kay Menon, Ashish Vidyarthi, Tisca Chopra, Mita Vashisht",https://images.unsplash.com/photo-1489599849927-2ee91cede3ba?w=600&auto=format&fit=crop&q=80
tt9511468,Love-All,2023,2010s-2023,Sport,137 min,137,"Romantic Love, Family Ties, Patriotism & Honor",Deep & Emotional,Medium,Low,8.0,"It is the story of a father, a son, and a sport connecting their destinies. Talent lifts a man towards fame yet destiny had other ideas and challenges to chase passion against all odds.",Sudhanshu Sharma,"Satyakam Anand, Sumit Arora, Raja Bundela, Robin Das",https://images.unsplash.com/photo-1489599849927-2ee91cede3ba?w=600&auto=format&fit=crop&q=80
tt0200087,Sarfarosh,1999,90s (1990-1999),"Action, Crime, Drama",169 min,169,"Revenge, Family Ties, Crime & Justice",Adrenaline Rush,Medium,Medium,6.7,"After his brother is killed and father severely injured by terrorists, a young med student quits his studies to join the Indian Police Service to wipe out the terrorists.",John Mathew Matthan,"Naseeruddin Shah, Aamir Khan, Sonali Bendre, Mukesh Rishi",https://images.unsplash.com/photo-1489599849927-2ee91cede3ba?w=600&auto=format&fit=crop&q=80
tt2978626,Entertainment,2014,2010s-2023,"Action, Comedy, Drama",135 min,135,Family Ties,Feel-good,Medium,Low,7.6,"Akhil, an underdog and a failure, comes to know that his real father is a rich diamond merchant who has just passed away. When he goes to retrieve his wealth, he learns that a dog has inherited it.","Sajid, Farhad Samji","Akshay Kumar, Tamannaah Bhatia, Junior, Krishna Abhishek",https://images.unsplash.com/photo-1489599849927-2ee91cede3ba?w=600&auto=format&fit=crop&q=80
tt22036406,Kanguva,2024,2024-Latest,"Action, Drama, Fantasy",150 min,150,"Courage, Heroism",Mind-bending & Epic,Medium,Low,7.7,Add a Plot,Siva,"Suriya, Disha Patani, Yogi Babu, Bobby Deol",https://images.unsplash.com/photo-1489599849927-2ee91cede3ba?w=600&auto=format&fit=crop&q=80
tt10309902,Chehre,2021,2010s-2023,"Drama, Mystery, Thriller",170 min,170,"Human Conflict, Life Lessons",Tense & Thrilling,Medium,High,7.2,"An 80-year-old man with a penchant for real life games in a story about rights and wrongs. It's a story about the decisions one makes in their lifetime and the fact that every decision has its repercussions, hearing and judgment.",Rumi Jaffery,"Amitabh Bachchan, Emraan Hashmi, Krystle D'Souza, Annu Kapoor",https://images.unsplash.com/photo-1489599849927-2ee91cede3ba?w=600&auto=format&fit=crop&q=80
tt13825336,Good Luck Jerry,2022,2010s-2023,"Comedy, Crime, Drama",165 min,165,"Humor, Misunderstandings",Deep & Emotional,Medium,Medium,7.9,"The film is the official remake of Tamil movie Kolamaavu Kokila, which tells the story of an innocent girl who gets pulled into the notorious world of cocaine smuggling.",Siddharth Sen,"Janhvi Kapoor, Jaswant Dalal, Deepak Dobriyal, Mita Vashisht",https://images.unsplash.com/photo-1489599849927-2ee91cede3ba?w=600&auto=format&fit=crop&q=80
tt7881550,Kaamyaab,2018,2010s-2023,Drama,143 min,143,"Human Conflict, Life Lessons",Deep & Emotional,Medium,Low,7.6,"Sudheer is an actor from the heyday of Bollywood. Years after his retirement, he realizes that he 'retired' on the verge of accomplishing a unique record. He decides to come out of his retirement to complete the round figure of 500.",Hardik Mehta,"Sanjay Mishra, Deepak Dobriyal, Sarika Singh, Isha Talwar",https://images.unsplash.com/photo-1489599849927-2ee91cede3ba?w=600&auto=format&fit=crop&q=80
tt0430328,Madhoshi,2004,2000s,"Musical, Mystery, Drama",153 min,153,"Human Conflict, Life Lessons",Tense & Thrilling,High,High,6.5,Anupama looses her sister and her husband in 9/11 twin tower attacks and goes in trauma.Three years later she appears to be normal but hasn't come out of the tragedy.Her parents want her to...                See full summary »,Tanveer Khan,"Bipasha Basu, John Abraham, Priyanshu Chatterjee, Prakash Bharadwaj",https://images.unsplash.com/photo-1489599849927-2ee91cede3ba?w=600&auto=format&fit=crop&q=80
tt1573072,Housefull,2010,2010s-2023,"Comedy, Drama, Romance",156 min,156,Romantic Love,Feel-good,Medium,Low,7.0,"Believing himself to be jinxed, a man attempts to find true love, but instead gets caught in a web of lies.",Sajid Khan,"Akshay Kumar, Deepika Padukone, Riteish Deshmukh, Lara Dutta",https://images.unsplash.com/photo-1489599849927-2ee91cede3ba?w=600&auto=format&fit=crop&q=80
tt5668770,Mardaani 2,2019,2010s-2023,"Action, Crime, Drama",139 min,139,"Revenge, Crime & Justice",Adrenaline Rush,Medium,Medium,7.9,A 21-year old boy Sunny has a penchant for sexually assaulting and killing girls. He's locked horns with top cop Shivani Shivaji Roy. Will she nab him?,Gopi Puthran,"Rani Mukerji, Avneet Kaur, Sunny Hinduja, Shruti Bapna",https://images.unsplash.com/photo-1489599849927-2ee91cede3ba?w=600&auto=format&fit=crop&q=80
tt13623916,Toolsidas Junior,2022,2010s-2023,"Drama, Family, Sport",172 min,172,"Family Ties, Ambition & Triumph",Deep & Emotional,Medium,Low,7.7,"Watching his father lose the 1994 Club Snooker Championship, 13-year-old Midi takes on the impossible journey to bring his father's name on the Winner's Board.",Mridul Toolsidas,"Sanjay Dutt, Rajeev Kapoor, Varun Buddhadev, Ankur Vikal",https://images.unsplash.com/photo-1489599849927-2ee91cede3ba?w=600&auto=format&fit=crop&q=80
tt3823392,Love Sonia,2018,2010s-2023,Drama,130 min,130,"Romantic Love, Family Ties",Deep & Emotional,Medium,Low,7.1,"Inspired by real life events, Love Sonia is the story of a young girl's journey to rescue her sister from the dangerous world of international sex trafficking.",Tabrez Noorani,"Abhishek Bharate, Riya Sisodiya, Mrunal Thakur, Adil Hussain",https://images.unsplash.com/photo-1489599849927-2ee91cede3ba?w=600&auto=format&fit=crop&q=80
tt4865436,Hate Story 3,2015,2010s-2023,"Drama, Thriller",164 min,164,"Romantic Love, Patriotism & Honor",Tense & Thrilling,Medium,Medium,7.6,Siya appears to be the bone of contention between warring businessmen Aditya and Saurav. But this one runs deeper than your average love triangle.,Vishal Pandya,"Sharman Joshi, Karan Singh Grover, Zareen Khan, Daisy Shah",https://images.unsplash.com/photo-1489599849927-2ee91cede3ba?w=600&auto=format&fit=crop&q=80
tt8907974,Looop Lapeta,2022,2010s-2023,"Action, Comedy, Crime",140 min,140,Friendship,Adrenaline Rush,Medium,Medium,8.2,"When her boyfriend loses a mobster's cash, Savi races against the clock to save the day if only she can break out of a curious cycle of dead ends.",Aakash Bhatia,"Taapsee Pannu, Tahir Raj Bhasin, Dibyendu Bhattacharya, K.C. Shankar",https://images.unsplash.com/photo-1489599849927-2ee91cede3ba?w=600&auto=format&fit=crop&q=80
tt10483386,Mumbai Saga,2021,2010s-2023,"Action, Crime",141 min,141,"Courage, Heroism",Adrenaline Rush,Medium,Medium,7.9,The plot of the movie is set in the era of the 80s and 90s which were marked as a transformed period of Mumbai.,Sanjay Gupta,"John Abraham, Emraan Hashmi, Mahesh Manjrekar, Suniel Shetty",https://images.unsplash.com/photo-1489599849927-2ee91cede3ba?w=600&auto=format&fit=crop&q=80
tt0119861,Pardes,1997,90s (1990-1999),"Drama, Musical, Romance",150 min,150,"Friendship, Family Ties",Heartwarming,Medium,Low,8.3,"Kishorilal wants an Indian bride for his westernised son. He gets him engaged to Ganga, his friend's daughter, and brings her to USA. But she shares a deeper bond with Arjun, Kishorilal's foster son.",Subhash Ghai,"Shah Rukh Khan, Mahima Chaudhry, Amrish Puri, Apurva Agnihotri",https://images.unsplash.com/photo-1489599849927-2ee91cede3ba?w=600&auto=format&fit=crop&q=80
tt0294662,Kaante,2002,2000s,"Action, Crime, Drama",160 min,160,Crime & Justice,Adrenaline Rush,Medium,Medium,6.8,Six bank robbers trying to pull off the perfect heist discover one of them is an undercover cop.,Sanjay Gupta,"Amitabh Bachchan, Sanjay Dutt, Suniel Shetty, Mahesh Manjrekar",https://images.unsplash.com/photo-1489599849927-2ee91cede3ba?w=600&auto=format&fit=crop&q=80
tt6354784,The Hungry,2017,2010s-2023,Drama,150 min,150,"Human Conflict, Life Lessons",Deep & Emotional,High,Low,8.2,"An adaptation of William Shakespeare's Titus Andronicus set in contemporary New Delhi. The Hungry is a contemporary retelling of Shakespearian tragedy Titus Andronicus, set in the ...                See full summary »",Bornila Chatterjee,"Naseeruddin Shah, Tisca Chopra, Neeraj Kabi, Antonio Aakeel",https://images.unsplash.com/photo-1489599849927-2ee91cede3ba?w=600&auto=format&fit=crop&q=80
tt11364772,Kabzaa,2023,2010s-2023,"Action, Crime, Thriller",152 min,152,"Family Ties, Patriotism & Honor",Tense & Thrilling,High,Medium,6.7,"In 1947 a Gandhi follower and a freedom fighter were brutally attacked. Due to unavoidable circumstances, the freedom fighter son gets trapped in the mafia world and the story revolves between 1942 to 1986.","R. Chandru, Shivu Hiremath, Soori","Upendra, Sudeep, Shriya Saran, Shivarajkumar",https://images.unsplash.com/photo-1489599849927-2ee91cede3ba?w=600&auto=format&fit=crop&q=80
tt15121860,Forensic,2022,2010s-2023,"Crime, Thriller",152 min,152,"Revenge, Crime & Justice",Tense & Thrilling,Medium,Medium,7.7,A female police officer in the small hill town of Mussorie and a forensic expert are together on the trail of a serial killer.,Vishal Furia,"Radhika Apte, Vikrant Massey, Prachi Desai, Anant Mahadevan",https://images.unsplash.com/photo-1489599849927-2ee91cede3ba?w=600&auto=format&fit=crop&q=80
tt0811066,Shootout at Lokhandwala,2007,2000s,"Action, Crime, History",152 min,152,"Crime & Justice, Patriotism & Honor",Adrenaline Rush,Medium,Medium,8.2,"An account of the gangster Mahindra Dolas and his gang, which terrorized Mumbai City, and a massive war between Mumbai Police and gangs during 16 November 1991.",Apoorva Lakhia,"Amitabh Bachchan, Sanjay Dutt, Suniel Shetty, Arbaaz Khan",https://images.unsplash.com/photo-1489599849927-2ee91cede3ba?w=600&auto=format&fit=crop&q=80
tt15614274,Double XL,2022,2010s-2023,"Comedy, Drama",152 min,152,"Humor, Misunderstandings",Feel-good,Medium,Low,6.8,The journey of two plus-size women Rajshree Trivedi from Meerut and Saira Khanna from New Delhi as they navigate society's beauty standards.,Satram Ramani,"Sonakshi Sinha, Huma Qureshi, Zaheer Iqbal, Mahat Raghavendra",https://images.unsplash.com/photo-1489599849927-2ee91cede3ba?w=600&auto=format&fit=crop&q=80
tt12740760,Phone Bhoot,2022,2010s-2023,"Comedy, Horror",139 min,139,"Humor, Misunderstandings",Feel-good,High,Low,7.6,"A ghost reaches out to two bumbling ghostbusters for a business idea. However, their plans go downhill as the eerie ghost reveals her plan.",Gurmmeet Singh,"Katrina Kaif, Ishaan Khattar, Siddhant Chaturvedi, Jackie Shroff",https://images.unsplash.com/photo-1489599849927-2ee91cede3ba?w=600&auto=format&fit=crop&q=80
tt11102262,Cadaver,2022,2010s-2023,"Crime, Drama, Mystery",165 min,165,"Revenge, Family Ties, Crime & Justice, Secrets & Deception",Tense & Thrilling,High,High,8.0,A high profile murder baffles the cops when a prison inmate claims responsibility and promises more deaths. Will the police surgeon Bhadra crack this mystery?,Anoop Panicker,"Amala Paul, Riythvika Panneerselvam, Munishkanth, Harish Uthaman",https://images.unsplash.com/photo-1489599849927-2ee91cede3ba?w=600&auto=format&fit=crop&q=80
tt2797242,Bombay Talkies,2013,2010s-2023,Drama,140 min,140,"Human Conflict, Life Lessons",Deep & Emotional,Medium,Low,6.7,One hundred years of Hindi cinema is celebrated in four short stories showcasing the power of film.,"Zoya Akhtar, Dibakar Banerjee, Karan Johar, Anurag Kashyap","Rani Mukerji, Randeep Hooda, Saqib Saleem, Nawazuddin Siddiqui",https://images.unsplash.com/photo-1489599849927-2ee91cede3ba?w=600&auto=format&fit=crop&q=80
tt23472806,Almost Pyaar with DJ Mohabbat,2022,2010s-2023,"Drama, Musical, Romance",180 min,180,"Romantic Love, Patriotism & Honor",Heartwarming,Medium,Low,6.8,"In London, a girl likes a boy, a little too much. And, in a parallel universe exists a boy that likes a girl. The two unrequited love stories, burdened by social status, caste and inequality are breathlessly, heading on towards each other.",Anurag Kashyap,"Alaya F, Karan Mehta, Vicky Kaushal, Sapna Pabbi",https://images.unsplash.com/photo-1489599849927-2ee91cede3ba?w=600&auto=format&fit=crop&q=80
tt9348296,Oh! Baby,2019,2010s-2023,"Comedy, Drama, Fantasy",139 min,139,"Humor, Misunderstandings",Feel-good,Medium,Low,6.8,A 70-year-old woman is given a second chance to relive her youth when she turns into a 24-year-old girl.,B.V. Nandini Reddy,"Samantha Ruth Prabhu, Lakshmi, Rajendra Prasad, Teja Sajja",https://images.unsplash.com/photo-1489599849927-2ee91cede3ba?w=600&auto=format&fit=crop&q=80
tt10895556,Rashmi Rocket,2021,2010s-2023,"Drama, Sport",135 min,135,"Human Conflict, Life Lessons",Deep & Emotional,Medium,Low,6.8,"A small-town girl overcomes all societal barriers to become a national-level athlete, but her glory is hindered when she is asked to undergo a gender test.",Akarsh Khurana,"Taapsee Pannu, Priyanshu Painyuli, Abhishek Banerjee, Supriya Pathak",https://images.unsplash.com/photo-1489599849927-2ee91cede3ba?w=600&auto=format&fit=crop&q=80
tt0173080,Pyaar Kiya To Darna Kya,1998,90s (1990-1999),"Action, Comedy, Drama",152 min,152,"Courage, Heroism",Feel-good,Medium,Low,7.6,"When Vishal does not agree of Suraj and Muskaan's relationship, Suraj decides to win Vishal's heart for marrying Muskaan.",Sohail Khan,"Salman Khan, Kajol, Arbaaz Khan, Anjala Zaveri",https://images.unsplash.com/photo-1489599849927-2ee91cede3ba?w=600&auto=format&fit=crop&q=80
tt8108268,The Tashkent Files,2019,2010s-2023,"Drama, Mystery, Thriller",148 min,148,"Human Conflict, Life Lessons",Tense & Thrilling,High,High,6.6,"Revolves around the mysterious death of India's 2nd Prime Minister Shri Lal Bahadur Shastri and attempts to uncover if he had actually died a natural death, or, as alleged, was assassinated.",Vivek Agnihotri,"Shweta Basu Prasad, Mithun Chakraborty, Naseeruddin Shah, Pankaj Tripathi",https://images.unsplash.com/photo-1489599849927-2ee91cede3ba?w=600&auto=format&fit=crop&q=80
tt7618184,Mulk,2018,2010s-2023,Drama,163 min,163,Family Ties,Deep & Emotional,Medium,Low,7.5,One family member tries to help her own family when they are trapped in a dark controversy.,Anubhav Sinha,"Taapsee Pannu, Rishi Kapoor, Neena Gupta, Ashutosh Rana",https://images.unsplash.com/photo-1489599849927-2ee91cede3ba?w=600&auto=format&fit=crop&q=80
tt2112131,Dabangg 2,2012,2010s-2023,"Action, Comedy, Crime",156 min,156,"Revenge, Family Ties",Adrenaline Rush,Medium,Medium,6.6,Chulbul Pandey invites a fresh trouble when he kills the brother of a notorious politician and the former swears to wreak havoc in his life.,Arbaaz Khan,"Salman Khan, Sonakshi Sinha, Prakash Raj, Vinod Khanna",https://images.unsplash.com/photo-1489599849927-2ee91cede3ba?w=600&auto=format&fit=crop&q=80
tt8550208,Romeo Akbar Walter,2019,2010s-2023,"Action, Drama, Thriller",157 min,157,Patriotism & Honor,Tense & Thrilling,Medium,Medium,7.9,"Prior to the India-Pakistan war of 1971, an Indian banker is recruited by the Research and Analysis Wing for a covert operation deep inside Pakistan.",Robbie Grewal,"John Abraham, Mouni Roy, Jackie Shroff, Gyanendra Tripathi",https://images.unsplash.com/photo-1489599849927-2ee91cede3ba?w=600&auto=format&fit=crop&q=80
tt17592606,DAMaN,2022,2010s-2023,"Adventure, Drama",134 min,134,"Human Conflict, Life Lessons",Deep & Emotional,Medium,Low,8.0,"The film is set in 2015. Sid, is a young doctor who completed his MBBS has been posted to the cut-off area of Malkangiri district Odisha having 151 villages & infamous for Naxals dominance & no basic facilities. It's a real life tale of perseverance & dedication.","Lenka Debiprasad, Vishal Mourya","Karan Kandhapan, Babushan Mohanty, Dipanwit Dashmohapatra, Manaswani Takri",https://images.unsplash.com/photo-1489599849927-2ee91cede3ba?w=600&auto=format&fit=crop&q=80
tt1202540,Dil Bole Hadippa!,2009,2000s,"Comedy, Drama, Romance",171 min,171,Ambition & Triumph,Feel-good,Medium,Low,8.2,"In a village where girls don't play cricket, Veera puts on a turban and beard and becomes Veer to fulfill her dreams and meets Rohan. And fun begins.",Anurag Singh,"Shahid Kapoor, Rani Mukerji, Anupam Kher, Dalip Tahil",https://images.unsplash.com/photo-1489599849927-2ee91cede3ba?w=600&auto=format&fit=crop&q=80
tt1890363,Buddha in a Traffic Jam,2016,2010s-2023,"Crime, Thriller",147 min,147,"Self-Discovery, Destiny",Tense & Thrilling,Medium,Medium,7.9,"Vikram, a carefree management student, finds himself entangled in web of conspiracy, lies, and deceit when he launches a successful social media campaign to highlight the plight of the poor in India.",Vivek Agnihotri,"Anupam Kher, Anchal Dwivedi, Mahie Gill, Pallavi Joshi",https://images.unsplash.com/photo-1489599849927-2ee91cede3ba?w=600&auto=format&fit=crop&q=80
tt28782545,The Purvanchal Files,2023,2010s-2023,Action,141 min,141,"Revenge, Crime & Justice",Deep & Emotional,Medium,Low,6.8,A cop story of revenge and how he tries to purify the police system in Purvanchal .,Swarup Ghosh,"R . Siddharth, Shivani Thakur, Zarina Wahab, Govind Namdeo",https://images.unsplash.com/photo-1489599849927-2ee91cede3ba?w=600&auto=format&fit=crop&q=80
tt27539086,800,2023,2010s-2023,"Biography, Sport",175 min,175,"Self-Discovery, Destiny",Inspiring,Medium,Medium,7.6,Biopic Of Legendary Sri Lankan Cricketer Muttiah Muralitharan.,M.S. Sripathy,"Nassar, Madhur Mittal, Narain, Mahima Nambiar",https://images.unsplash.com/photo-1489599849927-2ee91cede3ba?w=600&auto=format&fit=crop&q=80
tt5316648,Blind,2023,2010s-2023,"Crime, Drama, Thriller",146 min,146,"Crime & Justice, Secrets & Deception",Tense & Thrilling,Medium,High,7.6,"When a twist of fate leaves Gia blind, she must summon every ounce of courage to rebuild her life. But when she becomes the sole witness to a heinous crime, she unwittingly enters a deadly game of cat and mouse with a dangerous criminal.",Shome Makhija,"Sonam Kapoor, Lucy Aarden, Danesh Razvi, Shubham Saraf",https://images.unsplash.com/photo-1489599849927-2ee91cede3ba?w=600&auto=format&fit=crop&q=80
tt1275863,Love Aaj Kal,2009,2000s,"Comedy, Drama, Romance",170 min,170,"Friendship, Romantic Love, Family Ties",Feel-good,Medium,Low,7.7,An old-fashioned romantic tells his personal love story to a modern man who has just broken up with his girlfriend. Has love really ever changed?,Imtiaz Ali,"Saif Ali Khan, Deepika Padukone, Rishi Kapoor, Rahul Khanna",https://images.unsplash.com/photo-1489599849927-2ee91cede3ba?w=600&auto=format&fit=crop&q=80
tt0250415,Har Dil Jo Pyar Karega...,2000,2000s,"Comedy, Drama, Musical",165 min,165,Ambition & Triumph,Feel-good,Medium,Low,7.6,Raj is a struggling singer with big dreams who is still waiting for his big break. One night he witnesses an accident where a car spins out of control and lands on the tracks of an ...                See full summary »,Raj Kanwar,"Salman Khan, Preity G Zinta, Rani Mukerji, Rajeev Verma",https://images.unsplash.com/photo-1489599849927-2ee91cede3ba?w=600&auto=format&fit=crop&q=80
tt3614516,Ankhon Dekhi,2013,2010s-2023,"Comedy, Drama",154 min,154,"Humor, Misunderstandings",Feel-good,Medium,Low,6.6,"After a distressing incident, a Delhi man vows to believe only what he can see, but his new ideals soon take his life in extreme directions.",Rajat Kapoor,"Sanjay Mishra, Seema Pahwa, Rajat Kapoor, Taranjit Kaur",https://images.unsplash.com/photo-1489599849927-2ee91cede3ba?w=600&auto=format&fit=crop&q=80
tt23864864,Joram,2023,2010s-2023,"Action, Adventure, Crime",144 min,144,Family Ties,Adrenaline Rush,Medium,Medium,7.0,It follows a father who is on the run with his little baby girl to escape the ghosts of his past and the forces that want him dead.,Devashish Makhija,"Mohd. Zeeshan Ayyub, Manoj Bajpayee, Tannishtha Chatterjee, Rajshri Deshpande",https://images.unsplash.com/photo-1489599849927-2ee91cede3ba?w=600&auto=format&fit=crop&q=80
tt20840000,Ardh,2022,2010s-2023,"Drama, Romance",178 min,178,Ambition & Triumph,Heartwarming,Medium,Low,8.1,"Shiva struggles to become a mainstream actor in Mumbai despite being a theatre actor. With the help of his wife Madhu, he disguises himself as a transgender and begs for money to survive.",Palash Muchal,"Rajpal Naurang Yadav, Rubina Dilaik, Hiten Tejwani, Swastik Tiwari",https://images.unsplash.com/photo-1489599849927-2ee91cede3ba?w=600&auto=format&fit=crop&q=80
tt3554418,Khoobsurat,2014,2010s-2023,"Comedy, Romance",164 min,164,"Humor, Misunderstandings",Feel-good,Low,Low,7.5,A hopelessly romantic physiotherapist meets a handsome young Rajput prince who is the complete opposite of her and engaged to someone else.,Shashanka Ghosh,"Sonam Kapoor, Fawad Khan, Ratna Pathak Shah, Kirron Kher",https://images.unsplash.com/photo-1489599849927-2ee91cede3ba?w=600&auto=format&fit=crop&q=80
tt10699086,Bachchhan Paandey,2022,2010s-2023,"Action, Comedy, Crime",140 min,140,Crime & Justice,Adrenaline Rush,Medium,Medium,7.0,"When a struggling filmmaker and actor set out to make a biography on one of the most dreaded gangsters, they have little idea about just how crazy and dangerous it's going to be.",Farhad Samji,"Akshay Kumar, Kriti Sanon, Jacqueline Fernandez, Pankaj Tripathi",https://images.unsplash.com/photo-1489599849927-2ee91cede3ba?w=600&auto=format&fit=crop&q=80
tt0118751,Border,1997,90s (1990-1999),"Action, Drama, History",138 min,138,Patriotism & Honor,Inspiring,Medium,Low,7.2,"In 1971, along the border region of Longewala, a small battalion of Indian soldiers goes up against a large Pakistani strike force.",J.P. Dutta,"Sunny Deol, Suniel Shetty, Akshaye Khanna, Jackie Shroff",https://images.unsplash.com/photo-1489599849927-2ee91cede3ba?w=600&auto=format&fit=crop&q=80
tt6588966,Hichki,2018,2010s-2023,"Comedy, Drama",127 min,127,"Humor, Misunderstandings",Feel-good,Medium,Low,7.3,"Suffering from Tourette Syndrome, Naina gets assigned a class of defiant students and must ensure that her students realise their potential.",Malhotra P. Siddharth,"Rani Mukerji, Naisha Khanna, Neeraj Kabi, Rohit Saraf",https://images.unsplash.com/photo-1489599849927-2ee91cede3ba?w=600&auto=format&fit=crop&q=80
tt4909752,Rangoon,2017,2010s-2023,"Action, Drama, History",153 min,153,"Romantic Love, Patriotism & Honor",Inspiring,Medium,Low,7.9,"Julia travels to the Indo-Burma border to perform for the troops during World War II on the insistence of her lover Billimoria, and ends up falling in love with a soldier there, Jemadar.",Vishal Bhardwaj,"Kangana Ranaut, Shahid Kapoor, Saif Ali Khan, Manav Vij",https://images.unsplash.com/photo-1489599849927-2ee91cede3ba?w=600&auto=format&fit=crop&q=80
tt11046300,Ujda Chaman,2019,2010s-2023,Comedy,138 min,138,"Humor, Misunderstandings",Feel-good,Low,Low,6.7,Chaman Kohli is 30 -year-old bachelor with Premature Balding and in quest of a beautiful wife. Chaman hits rock bottom when an astrologer gives him a deadline to find himself a wife or remain a celibate forever.,Abhishek Pathak,"Sunny Singh, Maanvi Gagroo, Karishma Sharma, Gagan Arora",https://images.unsplash.com/photo-1489599849927-2ee91cede3ba?w=600&auto=format&fit=crop&q=80
tt0110546,Mohra,1994,90s (1990-1999),"Action, Drama, Thriller",145 min,145,"Revenge, Family Ties, Patriotism & Honor",Tense & Thrilling,High,Medium,6.8,"A journalist comes to the aid of a murderer with a life sentence when she makes an appeal in court and although he is given his freedom, they soon discover that there is a grim reason behind his release.",Rajiv Rai,"Akshay Kumar, Suniel Shetty, Raveena Tandon, Naseeruddin Shah",https://images.unsplash.com/photo-1489599849927-2ee91cede3ba?w=600&auto=format&fit=crop&q=80
tt23475174,Untitled Soorarai Pottru remake,2024,2024-Latest,"Action, Drama",140 min,140,"Courage, Heroism",Deep & Emotional,Medium,Low,6.9,"Inspired by real-life events, follows the journey of a man as he sets out to make air travel more accessible and overcomes challenges of the highly capital-intensive aviation industry, with a unwavering determination.",Sudha Kongara,"Akshay Kumar, Radhika Madan, Paresh Rawal, R. Sarathkumar",https://images.unsplash.com/photo-1489599849927-2ee91cede3ba?w=600&auto=format&fit=crop&q=80
tt3679060,Dishoom,2016,2010s-2023,"Action, Adventure, Comedy",169 min,169,Crime & Justice,Feel-good,Medium,Low,6.8,"When India's top batsman goes missing in the Middle East, two mismatched cops must team up for a 36-hour manhunt before the cricket final.",Rohit Dhawan,"John Abraham, Varun Dhawan, Jacqueline Fernandez, Akshaye Khanna",https://images.unsplash.com/photo-1489599849927-2ee91cede3ba?w=600&auto=format&fit=crop&q=80
tt11433822,Aankh Micholi,2023,2010s-2023,"Comedy, Family",151 min,151,"Family Ties, Secrets & Deception",Feel-good,Low,High,6.7,A family of misfits is trying to hide some secrets from the NRI suitor and his family as they want their daughter to get married to a well-to-do NRI guy. Then a series of comical twists and turns.,Umesh Shukla,"Paresh Rawal, Sharman Joshi, Abhimanyu Dasani, Mrunal Thakur",https://images.unsplash.com/photo-1489599849927-2ee91cede3ba?w=600&auto=format&fit=crop&q=80
tt0477253,Aashiq Banaya Aapne: Love Takes Over,2005,2000s,"Drama, Romance, Thriller",153 min,153,"Friendship, Romantic Love",Tense & Thrilling,Medium,Medium,6.8,"An introvert is unable to express his feelings to the girl he loves. His friend proposes to her and she accepts, but leaves him when she discovers he is a flirt; however, destiny has other plans.",Aditya Datt,"Emraan Hashmi, Tanushree Dutta, Sonu Sood, Preeti Ganguli",https://images.unsplash.com/photo-1489599849927-2ee91cede3ba?w=600&auto=format&fit=crop&q=80
tt1092005,Golmaal Returns,2008,2000s,"Comedy, Crime, Mystery",152 min,152,"Revenge, Crime & Justice",Tense & Thrilling,High,High,7.6,"A man is sandwiched between his over possessive wife and a police inspector, where he is suspected for adultery and murder.",Rohit Shetty,"Ajay Devgn, Kareena Kapoor, Arshad Warsi, Tusshar Kapoor",https://images.unsplash.com/photo-1489599849927-2ee91cede3ba?w=600&auto=format&fit=crop&q=80
tt6102396,Kaalakaandi,2018,2010s-2023,"Comedy, Thriller",163 min,163,"Humor, Misunderstandings",Feel-good,High,Medium,6.8,"Focusing on life, death and karma, this dark comedy follows three parallel tracks - a man who discovers that he is a terminally ill, a woman seeking redemption and two goons with major trust issues.",Akshat Verma,"Saif Ali Khan, Asif Basra, Neil Bhoopalam, Ankit Bisht",https://images.unsplash.com/photo-1489599849927-2ee91cede3ba?w=600&auto=format&fit=crop&q=80
tt0488836,Hanuman,2005,2000s,Animation,148 min,148,"Self-Discovery, Destiny",Deep & Emotional,Medium,Low,7.6,"This animated movie depicts Hanuman's life from birth. The narrator is actor Mukesh Khanna. The movie relays how Hanuman was born to Anjani a female Apsara and Kesari, by the blessings of Vayu-Dev, the Wind God.","V.G. Samant, Milind Ukey","Mukesh Khanna, Viraj, Mona Shetty, Sumeet Pathak",https://images.unsplash.com/photo-1489599849927-2ee91cede3ba?w=600&auto=format&fit=crop&q=80
tt19394258,Tariq,2023,2010s-2023,"Action, Drama, Thriller",136 min,136,"Courage, Heroism",Tense & Thrilling,Medium,Medium,6.9,Plot under wraps.,Arun Gopalan,"John Abraham, Rukmini Maitra, Gajala, Sujith Shanker",https://images.unsplash.com/photo-1489599849927-2ee91cede3ba?w=600&auto=format&fit=crop&q=80
tt3717068,Court,2014,2010s-2023,Drama,164 min,164,"Human Conflict, Life Lessons",Deep & Emotional,Medium,Low,8.3,"When an aging activist is arrested, the lives of the accused, the lawyers, and the judge intertwine to reveal bigotry that underscores the judicial system.",Chaitanya Tamhane,"Vira Sathidar, Vivek Gomber, Geetanjali Kulkarni, Pradeep Joshi",https://images.unsplash.com/photo-1489599849927-2ee91cede3ba?w=600&auto=format&fit=crop&q=80
tt8983164,Chhalaang,2020,2010s-2023,"Comedy, Drama, Sport",140 min,140,"Humor, Misunderstandings",Feel-good,Medium,Low,7.2,Chhalaang is a hilarious yet inspiring journey by Montu.,Hansal Mehta,"Rajkummar Rao, Nushrratt Bharuccha, Mohd. Zeeshan Ayyub, Saurabh Shukla",https://images.unsplash.com/photo-1489599849927-2ee91cede3ba?w=600&auto=format&fit=crop&q=80
tt9648672,Street Dancer 3D,2020,2010s-2023,"Drama, Music",150 min,150,"Human Conflict, Life Lessons",Deep & Emotional,Medium,Low,7.3,"Two rival dance groups from India and Pakistan who are always competing against each other, join forces when it comes to competing at an international dance competition.",Remo D'Souza,"Varun Dhawan, Shraddha Kapoor, Prabhu Deva, Nora Fatehi",https://images.unsplash.com/photo-1489599849927-2ee91cede3ba?w=600&auto=format&fit=crop&q=80
tt8983228,Jhund,2022,2010s-2023,"Biography, Drama, Sport",159 min,159,Crime & Justice,Inspiring,Medium,Medium,7.0,"Based on the life of Vijay Barse, a retired sports teacher who founded an NGO called Slum Soccer. He managed to rehabilitate street kids by keeping them off drugs and crime by turning them into soccer players and building a whole team.",Nagraj Manjule,"Amitabh Bachchan, Ankush Gedam, Babu Kshatriya, Jerico Robert",https://images.unsplash.com/photo-1489599849927-2ee91cede3ba?w=600&auto=format&fit=crop&q=80
tt8733898,U-Turn,2018,2010s-2023,"Crime, Horror, Mystery",147 min,147,"Revenge, Secrets & Deception",Tense & Thrilling,High,High,7.0,"When a flyover in the city becomes the hotbed of accidents, a young reporter decides to investigate the issue. Her quest for an answer leads her into a web of intrigue, murder and mystery.",Pawan Kumar,"Samantha Ruth Prabhu, Aadhi, Bhoomika Chawla, Rahul Ravindran",https://images.unsplash.com/photo-1489599849927-2ee91cede3ba?w=600&auto=format&fit=crop&q=80
tt10152736,Thalaivi,2021,2010s-2023,"Biography, Drama",180 min,180,"Human Conflict, Life Lessons",Inspiring,Medium,Medium,7.5,A biopic on the late Tamil Nadu Chief Minister J Jayalalithaa.,A.L. Vijay,"Kangana Ranaut, Arvind Swami, Nassar, Samuthirakani",https://images.unsplash.com/photo-1489599849927-2ee91cede3ba?w=600&auto=format&fit=crop&q=80
tt0216817,Hum Saath-Saath Hain,1999,90s (1990-1999),"Drama, Musical",182 min,182,Family Ties,Deep & Emotional,Medium,Low,6.8,"Ramkishen and Mamta have three sons Vivek , Prem and Vinod and a daughter Sangeeta. This family is part of a joint family whose close knit bond is challenged by a misunderstanding.",Sooraj R. Barjatya,"Mohnish Behl, Salman Khan, Saif Ali Khan, Tabu",https://images.unsplash.com/photo-1489599849927-2ee91cede3ba?w=600&auto=format&fit=crop&q=80
tt7027278,Kedarnath,2018,2010s-2023,"Drama, Romance",148 min,148,"Romantic Love, Patriotism & Honor",Heartwarming,Medium,Low,7.0,"Mansoor, a reserved and reticent Pithoo, helps pilgrims make an arduous journey upwards to the temple town. His world turns around when he meets the beautiful and rebellious Mukku who draws him into a whirlwind of intense love.",Abhishek Kapoor,"Sushant Singh Rajput, Sara Ali Khan, Nitish Bharadwaj, Alka Amin",https://images.unsplash.com/photo-1489599849927-2ee91cede3ba?w=600&auto=format&fit=crop&q=80
tt1291465,Raajneeti,2010,2010s-2023,"Crime, Drama, Thriller",146 min,146,"Friendship, Family Ties",Tense & Thrilling,High,Medium,7.1,"Samar, the son of a political family, has chosen to go to the USA to live with his girlfriend. However, the death of his father makes him put his plans on hold and enter the dirty world of politics.",Prakash Jha,"Ajay Devgn, Ranbir Kapoor, Nana Patekar, Katrina Kaif",https://images.unsplash.com/photo-1489599849927-2ee91cede3ba?w=600&auto=format&fit=crop&q=80
tt9248972,Mission Mangal,2019,2010s-2023,"Drama, History",153 min,153,"Human Conflict, Life Lessons",Inspiring,Medium,Low,7.8,"Based on true events of the Indian Space Research Organisation (ISRO) successfully launching the Mars Orbiter Mission (Mangalyaan), making it the least expensive mission to Mars.",Jagan Shakti,"Akshay Kumar, Vidya Balan, Taapsee Pannu, Sonakshi Sinha",https://images.unsplash.com/photo-1489599849927-2ee91cede3ba?w=600&auto=format&fit=crop&q=80
tt19864958,Maja Ma,2022,2010s-2023,"Comedy, Drama",142 min,142,Family Ties,Feel-good,Medium,Low,8.1,"A rumor about Pallavi Patel, a quintessential, middle aged, devoted housewife who is famous for her dance and cooking, threatens to disrupt her middle-class family's ethos, on the eve of her son Tejas' engagement with a rich, NRI girl.",Anand Tiwari,"Madhuri Dixit, Ritwik Bhowmik, Barkha Singh, Gajraj Rao",https://images.unsplash.com/photo-1489599849927-2ee91cede3ba?w=600&auto=format&fit=crop&q=80
tt1532957,Paa,2009,2000s,"Comedy, Drama",129 min,129,"Family Ties, Crime & Justice",Feel-good,Medium,Low,7.3,A father tries to help his son cope with a rare condition that causes the young boy to age beyond his years.,R. Balki,"Amitabh Bachchan, Abhishek Bachchan, Vidya Balan, Paresh Rawal",https://images.unsplash.com/photo-1489599849927-2ee91cede3ba?w=600&auto=format&fit=crop&q=80
tt0116950,Maachis,1996,90s (1990-1999),"Action, Crime, Drama",165 min,165,"Courage, Heroism",Adrenaline Rush,Medium,Medium,8.0,"A realistic, hard-hitting portrayal of terrorism and youth in the Punjab after the 1984 riots.",Gulzar,"Om Puri, Tabu, Chandrachur Singh, Kanwaljeet Singh",https://images.unsplash.com/photo-1489599849927-2ee91cede3ba?w=600&auto=format&fit=crop&q=80
tt8176040,Panipat,2019,2010s-2023,"Action, Drama, History",150 min,150,Patriotism & Honor,Inspiring,Medium,Low,7.7,"The Great Betrayal is a War Epic set in 1761, when Sadashiv Rao Bhau Peshwa led the Maratha army to the north of India to repel the invading forces of Ahmad Shah Abdali, the King of Afghanistan.",Ashutosh Gowariker,"Arjun Kapoor, Sanjay Dutt, Kriti Sanon, Mohnish Behl",https://images.unsplash.com/photo-1489599849927-2ee91cede3ba?w=600&auto=format&fit=crop&q=80
tt0227194,One 2 Ka 4,2001,2000s,"Action, Crime, Drama",136 min,136,"Revenge, Crime & Justice",Adrenaline Rush,High,Medium,7.7,"When a cop's partner is killed in the line of duty, he assumed guardianship of his orphaned children while investigating the murder.",Shashilal K. Nair,"Shah Rukh Khan, Jackie Shroff, Juhi Chawla, Nirmal Pandey",https://images.unsplash.com/photo-1489599849927-2ee91cede3ba?w=600&auto=format&fit=crop&q=80
tt3019620,Titli,2014,2010s-2023,"Action, Crime, Drama",158 min,158,Family Ties,Adrenaline Rush,Medium,Medium,7.4,"Titli, the youngest member of a car-jacking brotherhood wants to escape the family business. He and his wife form a pact to set free from their family roots. But is escape possible?",Kanu Behl,"Shashank Arora, Ranvir Shorey, Shivani Raghuvanshi, Amit Sial",https://images.unsplash.com/photo-1489599849927-2ee91cede3ba?w=600&auto=format&fit=crop&q=80
tt2198235,Monsoon Shootout,2013,2010s-2023,"Action, Crime, Drama",161 min,161,Crime & Justice,Adrenaline Rush,Medium,Medium,8.1,"As heavy rains lash Mumbai, a cop on his first assignment faces a life altering decision when he must decide whether to shoot a suspect or not.",Amit Kumar,"Vijay Varma, Nawazuddin Siddiqui, Neeraj Kabi, Geetanjali Thapa",https://images.unsplash.com/photo-1489599849927-2ee91cede3ba?w=600&auto=format&fit=crop&q=80
tt2621000,Jolly LLB,2013,2010s-2023,"Comedy, Crime, Drama",141 min,141,"Humor, Misunderstandings",Deep & Emotional,Medium,Medium,8.1,"Wanting to earn fame and fortune, a small time lawyer files a PIL for an infamous hit-and-run, and thus learns what it really is like to be a lawyer.",Subhash Kapoor,"Arshad Warsi, Amrita Rao, Boman Irani, Saurabh Shukla",https://images.unsplash.com/photo-1489599849927-2ee91cede3ba?w=600&auto=format&fit=crop&q=80
tt0415908,Kaal,2005,2000s,"Adventure, Horror, Mystery",145 min,145,"Fear of Unknown, Survival",Tense & Thrilling,High,High,7.4,"A tiger expert, his wife, two tourists and a village chief engage in a battle for survival against supernatural beasts within Jim Corbett National Wildlife Park.",Soham Shah,"Ajay Devgn, Vivek Oberoi, John Abraham, Lara Dutta",https://images.unsplash.com/photo-1489599849927-2ee91cede3ba?w=600&auto=format&fit=crop&q=80
tt0110076,Hum Aapke Hain Koun..!,1994,90s (1990-1999),"Comedy, Drama, Musical",175 min,175,Romantic Love,Feel-good,Medium,Low,7.9,"Prem and Nisha meet and fall in love at the wedding of their elder siblings, but their plans to be together are put in jeopardy when Nisha's sister dies, leaving behind a baby.",Sooraj R. Barjatya,"Madhuri Dixit, Salman Khan, Mohnish Behl, Renuka Shahane",https://images.unsplash.com/photo-1489599849927-2ee91cede3ba?w=600&auto=format&fit=crop&q=80
tt6143422,Kadvi Hawa,2017,2010s-2023,Drama,163 min,163,"Family Ties, Crime & Justice",Deep & Emotional,Medium,Low,7.8,"Story of a farmer and a bank recovery agent, whose lives are impacted by climate change. Both are willing to go to any length for the sake of their family. What does fate have in store for them?",Nila Madhab Panda,"Sanjay Mishra, Ranvir Shorey, Tillotama Shome, Bhupesh Singh",https://images.unsplash.com/photo-1489599849927-2ee91cede3ba?w=600&auto=format&fit=crop&q=80
tt6926486,Daddy,2017,2010s-2023,"Action, Biography, Crime",146 min,146,Crime & Justice,Adrenaline Rush,Medium,Medium,6.8,"Spanning the 1970s and 1980s, this is the sensational true story of Arun Gawli, who grew up in Mumbai's impoverished Dagdi Chawl, to become a dreaded don, politician, and rival of India's most powerful crime boss, Dawood Ibrahim.",Ashim Ahluwalia,"Arjun Rampal, Aishwarya Rajesh, Nishikant Kamat, Rajesh Shringarpure",https://images.unsplash.com/photo-1489599849927-2ee91cede3ba?w=600&auto=format&fit=crop&q=80
tt0477252,36 China Town,2006,2000s,"Comedy, Mystery, Thriller",157 min,157,"Revenge, Crime & Justice, Secrets & Deception",Feel-good,High,High,6.8,"A wealthy casino owner is murdered in her mansion at 36, China Town and the investigating detective uncovers multiple suspects, all with independent motives to commit the crime.","Abbas Alibhai Burmawalla, Mastan Alibhai Burmawalla","Akshaye Khanna, Shahid Kapoor, Kareena Kapoor, Paresh Rawal",https://images.unsplash.com/photo-1489599849927-2ee91cede3ba?w=600&auto=format&fit=crop&q=80
tt0220757,Shool,1999,90s (1990-1999),"Action, Crime, Drama",162 min,162,Crime & Justice,Adrenaline Rush,High,Medium,8.2,"A tale of an honest cop set against the backdrop of the brutal, lawless system prevailing in the Indian state of Bihar, and the endless suffering he tolerates before all hell breaks loose.",Eeshwar Nivas,"Manoj Bajpayee, Raveena Tandon, Sayaji Shinde, Yashpal Sharma",https://images.unsplash.com/photo-1489599849927-2ee91cede3ba?w=600&auto=format&fit=crop&q=80
tt4354740,Dharam Sankat Mein,2015,2010s-2023,Comedy,155 min,155,Family Ties,Feel-good,Low,Low,7.8,"At the age of 55, a Hindu man discovers that he was born Muslim and adopted by a Hindu family.",Fuwad Khan,"Naseeruddin Shah, Paresh Rawal, Annu Kapoor, Gagan Gupta",https://images.unsplash.com/photo-1489599849927-2ee91cede3ba?w=600&auto=format&fit=crop&q=80
tt10230422,Class of 83,2020,2010s-2023,"Action, Crime, Drama",147 min,147,"Crime & Justice, Patriotism & Honor",Adrenaline Rush,Medium,Medium,7.4,The story of an upright policeman-turned-trainer whose wards deal with various complexities.,Atul Sabharwal,"Bobby Deol, Anup Soni, Joy Sengupta, Hitesh Bhojraj",https://images.unsplash.com/photo-1489599849927-2ee91cede3ba?w=600&auto=format&fit=crop&q=80
tt16867258,Sheran Di Kaum Punjabi,2024,2024-Latest,"Action, Adventure, Drama",145 min,145,"Courage, Heroism",Deep & Emotional,Medium,Low,7.0,Add a Plot,Gippy Grewal,"Sanjay Dutt, Gippy Grewal, Harpreet Kaler, Ravi Dehru",https://images.unsplash.com/photo-1489599849927-2ee91cede3ba?w=600&auto=format&fit=crop&q=80
tt3802576,Brothers,2015,2010s-2023,"Action, Drama, Sport",159 min,159,Family Ties,Deep & Emotional,Medium,Low,6.9,"After living many years together, two brothers discover that they are not blood related so square off in a mixed martial arts tournament to determine whose blood is stronger.",Karan Malhotra,"Akshay Kumar, Sidharth Malhotra, Jackie Shroff, Jacqueline Fernandez",https://images.unsplash.com/photo-1489599849927-2ee91cede3ba?w=600&auto=format&fit=crop&q=80
tt0337971,Deewangee,2002,2000s,"Crime, Drama, Mystery",162 min,162,"Revenge, Family Ties",Tense & Thrilling,High,High,7.7,A lawyer tried to defend a person accused of murder who is diagnosed with Split personality disorder.,Anees Bazmee,"Ajay Devgn, Akshaye Khanna, Urmila Matondkar, Farida Jalal",https://images.unsplash.com/photo-1489599849927-2ee91cede3ba?w=600&auto=format&fit=crop&q=80
tt5713232,Madaari,2016,2010s-2023,"Drama, Thriller",160 min,160,"Revenge, Family Ties",Tense & Thrilling,Medium,Medium,8.2,"When Nirmal loses his family in a disaster caused by government corruption, he embarks on a journey seeking accountability and revenge.",Nishikant Kamat,"Irrfan Khan, Jimmy Shergill, Vishesh Bansal, Tushar Dalvi",https://images.unsplash.com/photo-1489599849927-2ee91cede3ba?w=600&auto=format&fit=crop&q=80
tt1736552,Breakaway,2011,2010s-2023,"Comedy, Drama, Sport",146 min,146,"Family Ties, Ambition & Triumph",Feel-good,Medium,Low,7.4,An ethnic Canadian hockey player struggles against traditional family values and discrimination from mainstream hockey players.,Robert Lieberman,"Vinay Virmani, Camilla Belle, Russell Peters, Rob Lowe",https://images.unsplash.com/photo-1489599849927-2ee91cede3ba?w=600&auto=format&fit=crop&q=80
tt5613834,A Gentleman,2017,2010s-2023,"Action, Comedy",142 min,142,"Courage, Heroism",Feel-good,Medium,Low,6.5,"Gaurav, a simple hard working guy for a white collar job visits Mumbai for a meeting where his doppelganger is about to bring chaos in his life.","Krishna D.K., Raj Nidimoru","Sidharth Malhotra, Jacqueline Fernandez, Darshan Kumaar, Hussain Dalal",https://images.unsplash.com/photo-1489599849927-2ee91cede3ba?w=600&auto=format&fit=crop&q=80
tt1230165,Rock On!!,2008,2000s,"Drama, Music",163 min,163,Friendship,Deep & Emotional,Medium,Low,7.5,Four friends reunite to relive their moments of glory as a rock band.,Abhishek Kapoor,"Arjun Rampal, Farhan Akhtar, Luke Kenny, Purab Kohli",https://images.unsplash.com/photo-1489599849927-2ee91cede3ba?w=600&auto=format&fit=crop&q=80
tt12882620,Evil Eye,2020,2010s-2023,"Horror, Mystery, Thriller",169 min,169,"Friendship, Revenge, Family Ties",Tense & Thrilling,High,High,6.8,A superstitious mother is convinced that her daughter's new boyfriend is the reincarnation of a man who tried to kill her 30 years ago.,"Elan Dassani, Rajeev Dassani","Sarita Choudhury, Sunita Mani, Bernard White, Omar Maskati",https://images.unsplash.com/photo-1489599849927-2ee91cede3ba?w=600&auto=format&fit=crop&q=80
tt2929690,Margarita with a Straw,2014,2010s-2023,Drama,147 min,147,Romantic Love,Deep & Emotional,Medium,Low,8.1,"A rebellious young woman with cerebral palsy leaves her home in India to study in New York, unexpectedly falls in love, and embarks on an exhilarating journey of self-discovery.","Shonali Bose, Nilesh Maniyar","Kalki Koechlin, Revathi, Sayani Gupta, Hussain Dalal",https://images.unsplash.com/photo-1489599849927-2ee91cede3ba?w=600&auto=format&fit=crop&q=80
tt28635101,Rakshak India's Braves,2023,2010s-2023,"Action, Biography",159 min,159,Patriotism & Honor,Inspiring,Medium,Medium,7.8,"The bravery of Lieutenant Triveni Singh, a young soldier who gave his own life to protect over 300 people who were caught in the cross firing at the Jammu railway station in a terrorist attack in 2004.",Akshay Choubey,"Aayat, Jatin Ahuja, Ravi Aneja, Sanju Banerjee",https://images.unsplash.com/photo-1489599849927-2ee91cede3ba?w=600&auto=format&fit=crop&q=80
tt26229612,The Diplomat,2024,2024-Latest,"Drama, Thriller",144 min,144,"Human Conflict, Life Lessons",Tense & Thrilling,Medium,Medium,7.3,"Based on a story of an Indian diplomat who tries to repatriate an Indian girl from Pakistan, where she was presumably forced and deceived into marrying against her will.",Shivam Nair,"Kumud Mishra, Sharib Hashmi, Amitoj Mann, John Abraham",https://images.unsplash.com/photo-1489599849927-2ee91cede3ba?w=600&auto=format&fit=crop&q=80
tt0136352,Koyla,1997,90s (1990-1999),"Action, Drama, Musical",136 min,136,Romantic Love,Deep & Emotional,Medium,Low,8.0,"A village girl agrees to a marriage to a king she has never met after he sends her a photograph of himself. But the man in the photograph is not the king but his most loyal slave, the handsome but mute Shankar.",Rakesh Roshan,"Shah Rukh Khan, Madhuri Dixit, Amrish Puri, Ranjeet Bedi",https://images.unsplash.com/photo-1489599849927-2ee91cede3ba?w=600&auto=format&fit=crop&q=80
tt0114726,Trimurti,1995,90s (1990-1999),"Action, Drama",154 min,154,"Family Ties, Crime & Justice",Deep & Emotional,Medium,Low,8.2,"After being framed, a policewoman languishing in prison hopes that her three sons will deliver justice and restore her honor.",Mukul Anand,"Jackie Shroff, Anil Kapoor, Shah Rukh Khan, Priya Tendulkar",https://images.unsplash.com/photo-1489599849927-2ee91cede3ba?w=600&auto=format&fit=crop&q=80
tt10964430,Thappad,2020,2010s-2023,Drama,146 min,146,"Human Conflict, Life Lessons",Deep & Emotional,Medium,Low,7.7,Thappad is a story of Amrita whose seemingly perfect life is shattered when her husband slaps her once in a party. But is one slap enough to question what a relationship stands for?,Anubhav Sinha,"Taapsee Pannu, Pavail Gulati, Kumud Mishra, Ratna Pathak Shah",https://images.unsplash.com/photo-1489599849927-2ee91cede3ba?w=600&auto=format&fit=crop&q=80
tt1918886,Joker,2012,2010s-2023,"Comedy, Family, Sci-Fi",175 min,175,"Humor, Misunderstandings",Feel-good,Low,High,8.1,"A space scientist working on a project to communicate with aliens visits a village called Paglapur. To improve the plight of the inhabitants of Paglapur, he comes up with a novel idea.",Shirish Kunder,"Akshay Kumar, Sonakshi Sinha, Shreyas Talpade, Minissha Lamba",https://images.unsplash.com/photo-1489599849927-2ee91cede3ba?w=600&auto=format&fit=crop&q=80
tt22311492,Nazar Andaaz,2022,2010s-2023,"Comedy, Drama",155 min,155,"Humor, Misunderstandings",Feel-good,Medium,Low,6.5,"Sudhir, blind by birth, lives alone with his housemaid Bhavani. While Bhavani is out, he takes in Ali to help around the house. Both Bhavani and Ali grow envious of each other. Nazar Andaaz is a comedic yet heartfelt story of these three.",Vikrant Deshmukh,"Abhishek Banerjee, Divya Dutta, Namrata Kapoor, Kumud Mishra",https://images.unsplash.com/photo-1489599849927-2ee91cede3ba?w=600&auto=format&fit=crop&q=80
tt10333912,Gulabo Sitabo,2020,2010s-2023,"Comedy, Drama",133 min,133,"Humor, Misunderstandings",Feel-good,Medium,Low,7.5,"Two scheming men get caught up in a game of one upmanship, each one attracting other members to their clan and each one with an agenda of his own.","Shoojit Sircar, Kuran Dhillon","Amitabh Bachchan, Ayushmann Khurrana, Vijay Raaz, Brijendra Kala",https://images.unsplash.com/photo-1489599849927-2ee91cede3ba?w=600&auto=format&fit=crop&q=80
tt5743656,Phobia,2016,2010s-2023,"Drama, Mystery, Thriller",157 min,157,"Human Conflict, Life Lessons",Tense & Thrilling,Medium,High,7.1,"An agoraphobic young woman, traumatized by past events, finds herself trapped and terrorized in her own home.",Pavan Kirpalani,"Radhika Apte, Amrita Bagchi, Nivedita Bhattacharya, Yashaswini Dayama",https://images.unsplash.com/photo-1489599849927-2ee91cede3ba?w=600&auto=format&fit=crop&q=80
tt8581230,B.A. Pass 2,2017,2010s-2023,Drama,149 min,149,Romantic Love,Deep & Emotional,Medium,Low,7.9,"B. A. Pass 2 is the story of a young girl, who, in order to achieve her goals and to avoid marriage, makes a few wrong decisions and adopts ill habits that eventually ruin her life.","Shadab Khan, Shadab Khan","Kritika Sachdeva, Satiiysh Saarathy Sasho, Sanghmitra Hitaishi, Indraneil Sengupta",https://images.unsplash.com/photo-1489599849927-2ee91cede3ba?w=600&auto=format&fit=crop&q=80
tt2658126,Commando,2013,2010s-2023,"Action, Adventure, Thriller",143 min,143,"Courage, Heroism",Tense & Thrilling,Medium,Medium,8.0,"Karan, a disavowed Indian commando, helps protect a woman from a local thug who is hellbent on forcing her to marry him.",Dilip Ghosh,"Vidyut Jammwal, Hsieh Chang Hai, Nelson Liao Sheng Hua, Ishita Vyas",https://images.unsplash.com/photo-1489599849927-2ee91cede3ba?w=600&auto=format&fit=crop&q=80
tt0107311,Khal Nayak,1993,90s (1990-1999),"Action, Adventure, Crime",147 min,147,"Friendship, Family Ties, Crime & Justice",Adrenaline Rush,Medium,Medium,7.9,A prison guard goes undercover as a dancer to try and recapture an escaped criminal and restore her police inspector boyfriend's reputation.,Subhash Ghai,"Sanjay Dutt, Madhuri Dixit, Jackie Shroff, Rakhee Gulzar",https://images.unsplash.com/photo-1489599849927-2ee91cede3ba?w=600&auto=format&fit=crop&q=80
tt1120897,Dhan Dhana Dhan Goal,2007,2000s,"Drama, Sport, Thriller",146 min,146,Family Ties,Tense & Thrilling,Medium,Medium,6.9,"Jaidev and Kavita Bhasin live a middle-classed lifestyle in Southall, England, along with their son, Sunny. During the mid-80s Jaidev was a huge fan of the all-Asian Southall Football Club,...                See full summary »",Vivek Agnihotri,"John Abraham, Arshad Warsi, Bipasha Basu, Boman Irani",https://images.unsplash.com/photo-1489599849927-2ee91cede3ba?w=600&auto=format&fit=crop&q=80
tt0454431,Chocolate: Deep Dark Secrets,2005,2000s,"Crime, Drama, Mystery",141 min,141,"Human Conflict, Life Lessons",Tense & Thrilling,Medium,High,8.2,Five Indians living in London find themselves thrown together when two of them are implicated for a bomb blast. An Indian lawyer enters the scene to bail them out of their predicament.,Vivek Agnihotri,"Anil Kapoor, Suniel Shetty, Arshad Warsi, Emraan Hashmi",https://images.unsplash.com/photo-1489599849927-2ee91cede3ba?w=600&auto=format&fit=crop&q=80
tt9176296,Dolly Kitty Aur Woh Chamakte Sitare,2019,2010s-2023,"Comedy, Drama",155 min,155,"Patriotism & Honor, Ambition & Triumph, Secrets & Deception",Feel-good,Medium,Low,7.3,"A disillusioned Delhi wife and her new-in-town cousin navigate damning secrets, dreams and their thorny dynamic on their respective roads to freedom.",Alankrita Shrivastava,"Konkona Sen Sharma, Bhumi Pednekar, Amol Parashar, Kubbra Sait",https://images.unsplash.com/photo-1489599849927-2ee91cede3ba?w=600&auto=format&fit=crop&q=80
tt6277440,Badrinath Ki Dulhania,2017,2010s-2023,"Comedy, Drama, Romance",182 min,182,"Humor, Misunderstandings",Feel-good,Medium,Low,6.5,Badrinath is looking for a typical bride; Vaidehi is looking for an independent life. Together they must break with tradition and redefine their role.,Shashank Khaitan,"Varun Dhawan, Alia Bhatt, Sahil Vaid, Swanand Kirkire",https://images.unsplash.com/photo-1489599849927-2ee91cede3ba?w=600&auto=format&fit=crop&q=80
tt13562940,Dial 100,2021,2010s-2023,"Action, Thriller",147 min,147,Crime & Justice,Tense & Thrilling,Medium,Medium,7.0,"One night, while working at the Mumbai Police Emergency Call Centre, police officer Nikhil Sood gets a call from a hysterical woman who wants to commit suicide. Even as he tries to save her...                See full summary »",Renzil D'Silva,"Manoj Bajpayee, Neena Gupta, Sakshi Tanwar, Nandu Madhav",https://images.unsplash.com/photo-1489599849927-2ee91cede3ba?w=600&auto=format&fit=crop&q=80
tt0105866,Yalgaar,1992,90s (1990-1999),"Action, Drama, Thriller",151 min,151,"Friendship, Family Ties, Crime & Justice",Tense & Thrilling,Medium,Medium,6.5,Childhood friends became enemies when one Mahendra Ashwini Kumar grows up to be Additional Police Commissioner and the other Raj Pratap Singhal becomes a smuggler. Mahendra have two sons ...                See full summary »,Feroz Khan,"Feroz Khan, Sanjay Dutt, Kabir Bedi, Manisha Koirala",https://images.unsplash.com/photo-1489599849927-2ee91cede3ba?w=600&auto=format&fit=crop&q=80
tt18568902,Kaun Pravin Tambe?,2022,2010s-2023,"Biography, Drama, Sport",154 min,154,"Human Conflict, Life Lessons",Inspiring,Medium,Medium,7.7,"An indian cricketer who shows persistence and hardwork to achieve his ultimate goal of playing a Ranji Trophy. At the penultimate stage of the career at a age when it is believed people's career ends, he starts a new chapter of his life.",Jayprad Desai,"Shreyas Talpade, Gaurav Kamble, Arif Zakaria, Asif Ali",https://images.unsplash.com/photo-1489599849927-2ee91cede3ba?w=600&auto=format&fit=crop&q=80
tt11045422,Toofaan,2021,2010s-2023,"Action, Drama, Sport",153 min,153,Ambition & Triumph,Deep & Emotional,Medium,Low,7.6,The story of a boxer and the struggles he faces on his journey to get to the national level competition.,Rakeysh Omprakash Mehra,"Farhan Akhtar, Mrunal Thakur, Paresh Rawal, Mohan Agashe",https://images.unsplash.com/photo-1489599849927-2ee91cede3ba?w=600&auto=format&fit=crop&q=80
tt2576450,Besharam,2013,2010s-2023,"Action, Comedy, Romance",141 min,141,Romantic Love,Feel-good,Medium,Low,6.8,A car thief falls in love with a woman whose car he has stolen.,Abhinav Kashyap,"Ranbir Kapoor, Pallavi Sharda, Rishi Kapoor, Neetu Singh",https://images.unsplash.com/photo-1489599849927-2ee91cede3ba?w=600&auto=format&fit=crop&q=80
tt8484942,India's Most Wanted,2019,2010s-2023,"Action, Adventure, Thriller",143 min,143,Secrets & Deception,Tense & Thrilling,Medium,Medium,7.5,A group of intelligence officers embark on a top secret mission to track down a wanted international criminal.,Raj Kumar Gupta,"Arjun Kapoor, Sudev Nair, Preet Bhullar, Rajesh Sharma",https://images.unsplash.com/photo-1489599849927-2ee91cede3ba?w=600&auto=format&fit=crop&q=80
tt1241195,Aamir,2008,2000s,"Action, Crime, Drama",165 min,165,"Courage, Heroism",Adrenaline Rush,Medium,Medium,7.5,A doctor of Indian origin returning to Mumbai from London is forced to participate in a terrorist plot.,Raj Kumar Gupta,"Rajeev Khandelwal, Mukesh Agrohari, Supavitra Babul, Vasan Bala",https://images.unsplash.com/photo-1489599849927-2ee91cede3ba?w=600&auto=format&fit=crop&q=80
tt0173102,Raju Ban Gaya Gentleman,1992,90s (1990-1999),"Comedy, Musical, Romance",147 min,147,"Romantic Love, Ambition & Triumph",Feel-good,Low,Low,7.2,"Raju comes to Bombay chasing his dreams, but keeps losing out on opportunities. His love, Renu helps him find a job. Success goes to his head until one day a tragic accident destroys his reputation.",Aziz Mirza,"Shah Rukh Khan, Juhi Chawla, Nana Patekar, Amrita Singh",https://images.unsplash.com/photo-1489599849927-2ee91cede3ba?w=600&auto=format&fit=crop&q=80
tt20807330,Titu Ambani,2023,2010s-2023,Drama,137 min,137,Ambition & Triumph,Deep & Emotional,Medium,Low,6.6,"Titu.. His aspirations and dreams are far from his actions, he dreams with open eyes, and finds the shortest way to achieve his dreams. Despite despite his debt-ridden life, if you ask him,...                See full summary »",Rohit Raj Goyal,"Tushar Pandey, Deepika Singh, Raghubir Yadav, Sapna Sand",https://images.unsplash.com/photo-1489599849927-2ee91cede3ba?w=600&auto=format&fit=crop&q=80
tt8108196,Judgementall Hai Kya,2019,2010s-2023,"Comedy, Drama, Mystery",132 min,132,"Humor, Misunderstandings",Feel-good,Medium,High,7.0,Following the story of two quirky individuals whose lives pivot between reality and illusions.,Prakash Kovelamudi,"Kangana Ranaut, Rajkummar Rao, Amyra Dastur, Amrita Puri",https://images.unsplash.com/photo-1489599849927-2ee91cede3ba?w=600&auto=format&fit=crop&q=80
tt2166214,Khiladi 786,2012,2010s-2023,"Action, Comedy, Romance",160 min,160,"Romantic Love, Family Ties, Crime & Justice",Feel-good,Medium,Low,7.0,"A father who runs a marriage bureau believes that his son is a failure in life. In order to prove him wrong, his son takes on the task of finding a match for a gangster's sister.",Ashish R. Mohan,"Akshay Kumar, Asin Thottumkal, Mithun Chakraborty, Raj Babbar",https://images.unsplash.com/photo-1489599849927-2ee91cede3ba?w=600&auto=format&fit=crop&q=80
tt10919304,Hurdang,2022,2010s-2023,"Drama, Romance",169 min,169,Patriotism & Honor,Heartwarming,Medium,Low,7.6,"Back in 1990s, an aspiring IAS starts a rebellion against the caste-based reservation.","Nikhil Nagesh Bhat, Vishal Chaturvedi","Sunny Kaushal, Nushrratt Bharuccha, Vijay Varma, Viraj Kapoor",https://images.unsplash.com/photo-1489599849927-2ee91cede3ba?w=600&auto=format&fit=crop&q=80
tt15238986,Plan A Plan B,2022,2010s-2023,"Comedy, Romance",175 min,175,"Romantic Love, Secrets & Deception",Feel-good,Low,Low,8.1,"Follows a matchmaker who believes marriage is for everyone except herself, and a successful divorce lawyer with a secret, who cross paths, and explores if opposites coexist or attract.",Shashanka Ghosh,"Riteish Deshmukh, Tamannaah Bhatia, Poonam Dhillon, Kusha Kapila",https://images.unsplash.com/photo-1489599849927-2ee91cede3ba?w=600&auto=format&fit=crop&q=80
tt7329858,Pari,2018,2010s-2023,"Fantasy, Horror, Mystery",133 min,133,"Fear of Unknown, Survival",Tense & Thrilling,High,High,7.0,"Arnab tries to help Ruksahana, who is found under mysterious circumstances in a house. He lets her stay at his home until he discovers something strange about her.",Prosit Roy,"Anushka Sharma, Parambrata Chattopadhyay, Rajat Kapoor, Ritabhari Chakraborty",https://images.unsplash.com/photo-1489599849927-2ee91cede3ba?w=600&auto=format&fit=crop&q=80
tt1720254,Thank You,2011,2010s-2023,Comedy,143 min,143,"Humor, Misunderstandings",Feel-good,Low,Low,7.2,Three wives engage the services of a private investigator after they suspect their respective husbands of infidelity.,Anees Bazmee,"Akshay Kumar, Sonam Kapoor, Bobby Deol, Irrfan Khan",https://images.unsplash.com/photo-1489599849927-2ee91cede3ba?w=600&auto=format&fit=crop&q=80
tt7322988,Firrkie,2023,2010s-2023,Thriller,145 min,145,"Self-Discovery, Destiny",Tense & Thrilling,Medium,Medium,7.3,Add a Plot,Ashok K Mishra,"Jackie Shroff, Neil Nitin Mukesh, Kay Kay Menon, Karan Singh Grover",https://images.unsplash.com/photo-1489599849927-2ee91cede3ba?w=600&auto=format&fit=crop&q=80
tt2222550,1920: Evil Returns,2012,2010s-2023,"Drama, Horror, Romance",146 min,146,"Human Conflict, Life Lessons",Tense & Thrilling,High,Low,7.2,"A famous poet, Jaidev, meets a woman who has lost her memories. He brings her to his house and tries to help her, but things take an ugly turn when she gets possessed by an evil spirit.",Bhushan Patel,"Aftab Shivdasani, Tia Bajpai, Sharad Kelkar, Vidya Malvade",https://images.unsplash.com/photo-1489599849927-2ee91cede3ba?w=600&auto=format&fit=crop&q=80
tt1728986,Bol Bachchan,2012,2010s-2023,"Action, Comedy",156 min,156,"Courage, Heroism",Feel-good,Medium,Low,7.7,"All hell breaks loose when a Muslim man breaks a temple lock to save a little child, thus for his safety keeps a Hindu name, where he starts making web of lies.",Rohit Shetty,"Amitabh Bachchan, Ajay Devgn, Abhishek Bachchan, Asin Thottumkal",https://images.unsplash.com/photo-1489599849927-2ee91cede3ba?w=600&auto=format&fit=crop&q=80
tt1244093,Hisss,2010,2010s-2023,"Comedy, Drama, Horror",127 min,127,"Humor, Misunderstandings",Feel-good,High,Low,6.9,Based on the Far Eastern myth of the snake woman who is able to take on human form.,Jennifer Lynch,"Mallika Sherawat, Irrfan Khan, Jeff Doucette, Divya Dutta",https://images.unsplash.com/photo-1489599849927-2ee91cede3ba?w=600&auto=format&fit=crop&q=80
tt13859494,Guthlee Ladoo,2023,2010s-2023,Drama,164 min,164,"Family Ties, Ambition & Triumph",Deep & Emotional,Medium,Low,7.4,"Guthlee, son of a poor sweeper, has a dream - to go to school. But the obstacle is his caste. A headmaster is sympathetic to him but powerless against caste discrimination. When they develop an unspoken bond, Guthlee's dream sees hope.",Ishrat R. Khan,"Sanjay Mishra, Subrat Dutta, Kalyanee Mulay, Kanchan Pagare",https://images.unsplash.com/photo-1489599849927-2ee91cede3ba?w=600&auto=format&fit=crop&q=80
tt0308347,Haan Maine Bhi Pyaar Kiya,2002,2000s,"Drama, Musical, Romance",155 min,155,"Human Conflict, Life Lessons",Heartwarming,Medium,Low,7.5,Shiv (Abhishek Bachchan) and Pooja (Karisma Kapoor) are happily married to each other but sometimes can get into the most petty arguments coming from the way they approach life. Shiv takes ...                See full summary »,Dharmesh Darshan,"Akshay Kumar, Karisma Kapoor, Abhishek Bachchan, Kader Khan",https://images.unsplash.com/photo-1489599849927-2ee91cede3ba?w=600&auto=format&fit=crop&q=80
tt0211634,Soldier,1998,90s (1990-1999),"Action, Drama, Musical",144 min,144,"Romantic Love, Family Ties, Patriotism & Honor",Deep & Emotional,Medium,Low,6.8,The story follows a young man (Bobby Deol) who flees India and arrives in Australia seeking vengence for something that started in India. In Australia he meets and falls in love with the daughter of a rich and powerful man(Suresh Oberoi). The story keeps the covers on Bobby Deols plan until the end when everything is revealed as to why he is a SOLDIER.,"Abbas Alibhai Burmawalla, Mastan Alibhai Burmawalla","Bobby Deol, Preity G Zinta, Rakhee Gulzar, Farida Jalal",https://images.unsplash.com/photo-1489599849927-2ee91cede3ba?w=600&auto=format&fit=crop&q=80
tt3645014,The Xpose,2014,2010s-2023,"Drama, Mystery, Romance",173 min,173,"Human Conflict, Life Lessons",Tense & Thrilling,Medium,High,7.9,"This is a dramatic chain of events in the most glamorous ,swinging era of Hindi films... the 1960s. It was a decade when film stars tasted success and carried their larger than life screen ...                See full summary »",Anant Mahadevan,"Himesh Reshammiya, Yo Yo Honey Singh, Irrfan Khan, Zoya Afroz",https://images.unsplash.com/photo-1489599849927-2ee91cede3ba?w=600&auto=format&fit=crop&q=80
tt0273406,Aashiq,2001,2000s,"Action, Drama, Romance",137 min,137,"Romantic Love, Family Ties",Heartwarming,Medium,Low,7.1,"Pooja and Chander connect over the telephone and fall in love when they finally meet. However, since Pooja's alcoholic father would never approve, she decides to run away from her house.",Indra Kumar,"Bobby Deol, Karisma Kapoor, Rahul Dev, Dinesh Hingoo",https://images.unsplash.com/photo-1489599849927-2ee91cede3ba?w=600&auto=format&fit=crop&q=80
tt6978954,Pal Pal Dil Ke Paas,2019,2010s-2023,"Action, Drama, Romance",147 min,147,Romantic Love,Heartwarming,Medium,Low,7.7,"When video blogger Saher Sethi embarks on a tedious trek with mountaineer Karan Sehgal, sparks are bound to fly. But will their love story blossom despite the odds?",Sunny Deol,"Sahher Bambba, Kallirroi Tziafeta, Swarit Sur, Suresh Sur",https://images.unsplash.com/photo-1489599849927-2ee91cede3ba?w=600&auto=format&fit=crop&q=80
tt2027138,Kyaa Super Kool Hain Hum,2012,2010s-2023,Comedy,139 min,139,"Humor, Misunderstandings",Feel-good,Low,Low,6.7,Adi and Sid want to make big but always run out of luck and series of confusion start taking place when they reach Goa.,Sachin Yardi,"Riteish Deshmukh, Tusshar Kapoor, Neha Sharma, Sarah Jane Dias",https://images.unsplash.com/photo-1489599849927-2ee91cede3ba?w=600&auto=format&fit=crop&q=80
tt1434447,Rocket Singh: Salesman of the Year,2009,2000s,"Comedy, Drama",143 min,143,"Humor, Misunderstandings",Feel-good,Medium,Low,7.9,"A story of a fresh graduate trying to find a balance between the maddening demands of the 'professional' way, and the way of his heart.",Shimit Amin,"Ranbir Kapoor, Prem Chopra, Mukesh S. Bhatt, D. Santosh",https://images.unsplash.com/photo-1489599849927-2ee91cede3ba?w=600&auto=format&fit=crop&q=80
tt1629391,Tere Bin Laden,2010,2010s-2023,"Comedy, Drama",129 min,129,"Humor, Misunderstandings",Feel-good,Medium,Low,7.3,"A reporter casts a fake Bin Laden to act in his video message to America, so he can immigrate there.",Abhishek Sharma,"Ali Zafar, Pradhuman Singh, Piyush Mishra, Nikhil Ratnaparkhi",https://images.unsplash.com/photo-1489599849927-2ee91cede3ba?w=600&auto=format&fit=crop&q=80
tt24964506,The Underbug,2023,2010s-2023,Horror,144 min,144,"Fear of Unknown, Survival",Tense & Thrilling,High,Low,7.8,"As India is ravaged by sectarian violence on the eve of its Independence Day, two rioters take refuge in an abandoned house. An eerie presence in the house, however, haunts the men to the edge of sanity.",Shujaat Saudagar,"Hussain Dalal, Areenah Fatima, Ali Fazal",https://images.unsplash.com/photo-1489599849927-2ee91cede3ba?w=600&auto=format&fit=crop&q=80
tt0109206,Bandit Queen,1994,90s (1990-1999),"Action, Biography, Crime",137 min,137,Family Ties,Adrenaline Rush,Medium,Medium,6.6,The story of the bandit queen Phoolan Devi who was sent to prison in 1983 and got free in 1994.,Shekhar Kapur,"Seema Biswas, Nirmal Pandey, Rajesh Vivek, Raghubir Yadav",https://images.unsplash.com/photo-1489599849927-2ee91cede3ba?w=600&auto=format&fit=crop&q=80
tt1223922,Blue,2009,2000s,"Action, Adventure, Mystery",164 min,164,"Courage, Heroism",Tense & Thrilling,Medium,High,7.3,"A group of people, facing a lot of challenges, decide to hunt down lost treasure en route to India.",Anthony D'Souza,"Akshay Kumar, Sanjay Dutt, Lara Dutta, Zayed Khan",https://images.unsplash.com/photo-1489599849927-2ee91cede3ba?w=600&auto=format&fit=crop&q=80
tt0383975,Chameli,2003,2000s,Drama,139 min,139,Friendship,Deep & Emotional,Medium,Low,6.7,"On a rainy night, when an investment banker's car breaks down in the red light district, he takes shelter where he meets and later befriends a prostitute.",Sudhir Mishra,"Kareena Kapoor, Rahul Bose, Rinke Khanna, Yashpal Sharma",https://images.unsplash.com/photo-1489599849927-2ee91cede3ba?w=600&auto=format&fit=crop&q=80
tt0348656,Khushi,2003,2000s,"Action, Comedy, Drama",149 min,149,"Romantic Love, Family Ties",Feel-good,Medium,Low,7.3,"Karan and Khushi fall in love, but her conservative family balks at accepting Karan's modern ideas.","S.J. Suryah, Sunil Kumar Agrawal","Fardeen Khan, Kareena Kapoor, Amrish Puri, Amitabh Bachchan",https://images.unsplash.com/photo-1489599849927-2ee91cede3ba?w=600&auto=format&fit=crop&q=80
tt1627924,Mausam,2011,2010s-2023,"Drama, Romance, War",159 min,159,Patriotism & Honor,Heartwarming,Medium,Low,6.9,"A war, religious conflicts, and misunderstandings create obstacles for a couple of different faiths.",Pankaj Kapur,"Shahid Kapoor, Sonam Kapoor, Anupam Kher, Supriya Pathak",https://images.unsplash.com/photo-1489599849927-2ee91cede3ba?w=600&auto=format&fit=crop&q=80
tt0248012,Fiza,2000,2000s,"Crime, Drama, Romance",150 min,150,"Family Ties, Secrets & Deception",Heartwarming,Medium,Medium,6.9,In 1993 Fiza's brother Aman disappears during the riots in Mumbai. In 1999 Fiza is tired of waiting and goes looking for him.,Khalid Mohamed,"Karisma Kapoor, Hrithik Roshan, Jaya Bachchan, Shabana Raza",https://images.unsplash.com/photo-1489599849927-2ee91cede3ba?w=600&auto=format&fit=crop&q=80
tt0371735,Hungama,2003,2000s,"Comedy, Drama, Romance",161 min,161,"Humor, Misunderstandings",Feel-good,Medium,Low,6.5,"The story of a bunch of misfits whose misconception about each others backgrounds end up in a series of chaotic, yet comic outcomes.",Priyadarshan,"Akshaye Khanna, Aftab Shivdasani, Rimi Sen, Paresh Rawal",https://images.unsplash.com/photo-1489599849927-2ee91cede3ba?w=600&auto=format&fit=crop&q=80
tt1754920,Yeh Saali Zindagi,2011,2010s-2023,"Crime, Drama, Thriller",144 min,144,"Family Ties, Crime & Justice",Tense & Thrilling,Medium,Medium,6.5,Gangsters kidnap the prospective son-in-law of a politician in order to secure the release of an imprisoned gang-member.,Sudhir Mishra,"Irrfan Khan, Chitrangda Singh, Arunoday Singh, Aditi Rao Hydari",https://images.unsplash.com/photo-1489599849927-2ee91cede3ba?w=600&auto=format&fit=crop&q=80
tt5542802,Raabta,2017,2010s-2023,"Action, Drama, Fantasy",155 min,155,Romantic Love,Mind-bending & Epic,Medium,Low,8.2,"An inseparable couple Saira and Shiva find themselves in a complicated situation when a stranger claims to be her reincarnated lover from their previous lifetime, hellbent on destroying their relationship and winning her back.",Dinesh Vijan,"Deepika Padukone, Kriti Sanon, Rajkummar Rao, Sushant Singh Rajput",https://images.unsplash.com/photo-1489599849927-2ee91cede3ba?w=600&auto=format&fit=crop&q=80
tt27459160,Untitled Shahid Kapoor/Kriti Sanon Film,2023,2010s-2023,"Drama, Romance",173 min,173,"Friendship, Ambition & Triumph",Heartwarming,Medium,Low,7.8,"In a futuristic world, a bumbling young man meets the girl of his dreams. As he navigates his way through a series of comical mishaps and dangerous situations, he must win her heart facing an evil companion.","Amit Joshi, Aradhana Sah","Shahid Kapoor, Kriti Sanon, Dharmendra, Dimple Kapadia",https://images.unsplash.com/photo-1489599849927-2ee91cede3ba?w=600&auto=format&fit=crop&q=80
tt5286444,Neerja,2016,2010s-2023,"Biography, Drama, Thriller",141 min,141,"Human Conflict, Life Lessons",Tense & Thrilling,Medium,Medium,8.2,"The story of courageous Neerja Bhanot, who sacrificed her life while protecting the lives of 359 passengers on Pan Am Flight 73 in 1986 when it was hijacked by a terrorist organization.",Ram Madhvani,"Sonam Kapoor, Shabana Azmi, Yogendra Tikku, Abrar Zahoor",https://images.unsplash.com/photo-1489599849927-2ee91cede3ba?w=600&auto=format&fit=crop&q=80
tt0364621,Qayamat: City Under Threat,2003,2000s,"Action, Drama, Romance",159 min,159,"Courage, Heroism",Heartwarming,Medium,Low,7.2,"CBI officer Akram seeks to nab three terrorists, Ali, Abbas and Laila, who have held 213 tourists as hostage in Elphinstone Jail. For this, he seeks help from Rachit, a former associate of the trio.",Harry Baweja,"Ajay Devgn, Suniel Shetty, Sanjay Kapoor, Arbaaz Khan",https://images.unsplash.com/photo-1489599849927-2ee91cede3ba?w=600&auto=format&fit=crop&q=80
tt0271748,Raju Chacha,2000,2000s,"Action, Comedy, Drama",168 min,168,Romantic Love,Feel-good,Medium,Low,7.6,Raju is hired to pose as uncle to three orphaned kids in order to usurp their inheritance. But he changes his mind after falling in love with their governess and decides to fight the greedy relatives.,Anil Devgan,"Kajol, Ajay Devgn, Rishi Kapoor, Tiku Talsania",https://images.unsplash.com/photo-1489599849927-2ee91cede3ba?w=600&auto=format&fit=crop&q=80
tt0119239,Gupt: The Hidden Truth,1997,90s (1990-1999),"Action, Crime, Mystery",140 min,140,"Revenge, Family Ties, Patriotism & Honor",Tense & Thrilling,High,High,6.5,"Governor Jaisingh Sinha is murdered and the needle of suspicion points towards his estranged son, Sahil Sinha who must prove his innocence.",Rajiv Rai,"Bobby Deol, Manisha Koirala, Kajol, Prem Chopra",https://images.unsplash.com/photo-1489599849927-2ee91cede3ba?w=600&auto=format&fit=crop&q=80
tt0494290,Vivah,2006,2000s,"Drama, Musical, Romance",180 min,180,Romantic Love,Heartwarming,Medium,Low,7.0,"Poonam, a traditionally brought-up young woman, is to marry Prem, a groom chosen by her uncle. Poonam and Prem's faith and love are to be tested however, when an accident occurs and Poonam might be scarred for life.",Sooraj R. Barjatya,"Shahid Kapoor, Amrita Rao, Anupam Kher, Alok Nath",https://images.unsplash.com/photo-1489599849927-2ee91cede3ba?w=600&auto=format&fit=crop&q=80
tt10083640,Bhoot Police,2021,2010s-2023,"Comedy, Horror",141 min,141,Family Ties,Feel-good,High,Low,8.1,Two brothers whose job is to hunt and eradicate ghosts for money is assigned a project in a remote village,Pavan Kirpalani,"Saif Ali Khan, Arjun Kapoor, Jacqueline Fernandez, Yami Gautam",https://images.unsplash.com/photo-1489599849927-2ee91cede3ba?w=600&auto=format&fit=crop&q=80
tt18923048,Operation Romeo,2022,2010s-2023,"Drama, Mystery",144 min,144,"Human Conflict, Life Lessons",Tense & Thrilling,Medium,High,6.5,The film features the fears and stresses that youthful couples all over the nation experience because of the danger presented by moral policing.,Shashant Shah,"Sidhant Gupta, Vedika Pinto, Sharad Kelkar, Kishore Kadam",https://images.unsplash.com/photo-1489599849927-2ee91cede3ba?w=600&auto=format&fit=crop&q=80
tt0109010,1942: A Love Story,1994,90s (1990-1999),"Action, Drama, History",135 min,135,"Courage, Heroism",Inspiring,Medium,Low,8.1,"A young Indian couple, both from wealthy backgrounds, find themselves caught up in the 1940's Indian revolutionary movement against their families whom are under the thumb a sadistic British general.",Vidhu Vinod Chopra,"Anil Kapoor, Jackie Shroff, Manisha Koirala, Anupam Kher",https://images.unsplash.com/photo-1489599849927-2ee91cede3ba?w=600&auto=format&fit=crop&q=80
tt5784860,Aksar 2,2017,2010s-2023,"Crime, Drama, Mystery",168 min,168,Romantic Love,Tense & Thrilling,Medium,High,7.4,A husband's plan to break up his marriage so that he can be with another woman backfires with unexpected consequences.,Anant Mahadevan,"Zareen Khan, Gautam Rode, Lillete Dubey, Mukesh Hariawala",https://images.unsplash.com/photo-1489599849927-2ee91cede3ba?w=600&auto=format&fit=crop&q=80
tt2122340,Ferrari Ki Sawaari,2012,2010s-2023,"Comedy, Drama, Family",163 min,163,Ambition & Triumph,Feel-good,Medium,Low,7.9,How the pursuit of an Indian cricket legend's Ferrari makes a young boy's dreams of playing cricket at Lords a reality.,Rajesh Mapuskar,"Sharman Joshi, Boman Irani, Ritvik Sahore, Paresh Rawal",https://images.unsplash.com/photo-1489599849927-2ee91cede3ba?w=600&auto=format&fit=crop&q=80
tt7790918,Untitled,2024,2024-Latest,Action,159 min,159,Crime & Justice,Deep & Emotional,Medium,Low,6.9,"In the dark underbelly of the city, Bloodshed Bhai, a feared and ruthless gangster, rises to power, leaving a trail of violence and chaos in his wake. As law enforcement agencies close in on him, Bloodshed Bhai must navigate obstacles.",Vishnuvardhan,"Kiara Advani, Nikitin Dheer, Anupam Kher, Suchitra Krishnamoorthi",https://images.unsplash.com/photo-1489599849927-2ee91cede3ba?w=600&auto=format&fit=crop&q=80
tt5764024,OK Jaanu,2017,2010s-2023,"Drama, Romance",171 min,171,"Romantic Love, Ambition & Triumph",Heartwarming,Medium,Low,7.8,"Adi and Tara move to Mumbai to pursue their dreams. A chance meeting sparks off a heady, no strings attached romance until their careers pull them apart. Will ambition prevail over matters of the heart?",Shaad Ali,"Aditya Roy Kapoor, Shraddha Kapoor, Naseeruddin Shah, Nikita Grover",https://images.unsplash.com/photo-1489599849927-2ee91cede3ba?w=600&auto=format&fit=crop&q=80
tt4744086,Ki & Ka,2016,2010s-2023,"Comedy, Romance",164 min,164,"Humor, Misunderstandings",Feel-good,Low,Low,7.6,"Follows a young, married couple whose relationship challenges the gender roles placed upon women and men in Indian society.",R. Balki,"Amitabh Bachchan, Kareena Kapoor, Jaya Bachchan, Arjun Kapoor",https://images.unsplash.com/photo-1489599849927-2ee91cede3ba?w=600&auto=format&fit=crop&q=80
tt6580564,102 Not Out,2018,2010s-2023,"Comedy, Drama",131 min,131,Family Ties,Feel-good,Medium,Low,6.8,"102 Not Out is a 2018 comedy-drama film, with legendary actor Amitabh Bachchan playing a 102-year-old wanting to break the oldest-man-alive record. Another Bollywood legend Rishi Kapoor plays his sad and grumpy 75-year-old son.",Umesh Shukla,"Amitabh Bachchan, Rishi Kapoor, Vijay Raaz, Ashok Pathak",https://images.unsplash.com/photo-1489599849927-2ee91cede3ba?w=600&auto=format&fit=crop&q=80
tt0379375,Matrubhoomi: A Nation Without Women,2003,2000s,Drama,143 min,143,"Human Conflict, Life Lessons",Deep & Emotional,Medium,Low,6.8,A disturbing saga about male chauvinism and mistreatment of women in India.,Manish Jha,"Tulip Joshi, Sudhir Pandey, Sushant Singh, Pankaj Jha",https://images.unsplash.com/photo-1489599849927-2ee91cede3ba?w=600&auto=format&fit=crop&q=80
tt10543680,Ginny Weds Sunny,2020,2010s-2023,"Comedy, Drama, Romance",164 min,164,"Romantic Love, Family Ties",Feel-good,Medium,Low,8.1,"The film follows headstrong Ginny who meets Sunny for an arranged marriage, but turns him down, and then shows how Sunny teams up with Ginny's mother to win her love.",Puneet Khanna,"Yami Gautam, Vikrant Massey, Ayesha Raza Mishra, Rajiv Gupta",https://images.unsplash.com/photo-1489599849927-2ee91cede3ba?w=600&auto=format&fit=crop&q=80
tt1396208,Action Replayy,2010,2010s-2023,"Comedy, Romance, Sci-Fi",182 min,182,Romantic Love,Feel-good,Low,High,7.6,A young man tries to revive his parents' wilting marriage by traveling to the 1970s when their romance was budding and make it bloom: something more complex than he expects.,Vipul Amrutlal Shah,"Akshay Kumar, Aishwarya Rai Bachchan, Aditya Roy Kapoor, Om Puri",https://images.unsplash.com/photo-1489599849927-2ee91cede3ba?w=600&auto=format&fit=crop&q=80
tt0267130,Yodha,1991,90s (1990-1999),"Action, Drama",153 min,153,Family Ties,Deep & Emotional,Medium,Low,7.6,"Karan (Sunny Deol) a lawyer crusades for truth, fairness and justice, is the son of Chandrakant (Shafi Inamdar) a journalist who uses his journalistic expertise to expose and unmask Justice...                See full summary »",Rahul Rawail,"Sunny Deol, Sanjay Dutt, Sangeeta Bijlani, Paresh Rawal",https://images.unsplash.com/photo-1489599849927-2ee91cede3ba?w=600&auto=format&fit=crop&q=80
tt1455811,Khatta Meetha,2010,2010s-2023,"Comedy, Crime, Drama",155 min,155,"Friendship, Family Ties",Deep & Emotional,Medium,Medium,7.0,"A seemingly corrupt petty contractor faces challenges from the local municipality, his family, his employees, as well as a former girlfriend and her family.",Priyadarshan,"Akshay Kumar, Trisha Krishnan, Kulbhushan Kharbanda, Aruna Irani",https://images.unsplash.com/photo-1489599849927-2ee91cede3ba?w=600&auto=format&fit=crop&q=80
tt0112916,Dushmani: A Violent Love Story,1995,90s (1990-1999),"Action, Drama, Romance",165 min,165,"Romantic Love, Family Ties, Patriotism & Honor",Heartwarming,Medium,Low,7.0,"In order to settle personal scores; two gang leaders, Jai Singh and Oberoi fight for many years in gang-wars. There enmity multiplies when Jai's younger brother, Suraj falls in love with ...                See full summary »","Sanjay Khanna, Karan Razdan, Bunty Soorma, Shekhar Kapur","Sunny Deol, Jackie Shroff, Manisha Koirala, Deepti Naval",https://images.unsplash.com/photo-1489599849927-2ee91cede3ba?w=600&auto=format&fit=crop&q=80
tt0326576,Humraaz,2002,2000s,"Romance, Thriller",137 min,137,"Revenge, Romantic Love",Tense & Thrilling,Medium,Medium,7.3,"When a businessman learns that his wife married him only for money, he hatches a plan with her ex-lover to kill her.","Abbas Alibhai Burmawalla, Mastan Alibhai Burmawalla","Bobby Deol, Akshaye Khanna, Ameesha Patel, Johny Lever",https://images.unsplash.com/photo-1489599849927-2ee91cede3ba?w=600&auto=format&fit=crop&q=80
tt0347278,Jhankaar Beats,2003,2000s,"Comedy, Music, Romance",159 min,159,"Friendship, Romantic Love, Family Ties, Crime & Justice",Feel-good,Low,Low,7.5,"This is a story about love, friendship and music. Two copywriter brothers have lost in pop music contest called Jhankaar Beats for the last two years. They take the help of an apprentice to compete in a music contest.",Sujoy Ghosh,"Sanjay Suri, Rahul Bose, Juhi Chawla, Rinke Khanna",https://images.unsplash.com/photo-1489599849927-2ee91cede3ba?w=600&auto=format&fit=crop&q=80
tt0104605,Khiladi,1992,90s (1990-1999),"Action, Musical, Mystery",165 min,165,Friendship,Tense & Thrilling,Medium,High,8.0,"Two friends wage bets for money and fun. There comes a time where they race to win the biggest bet, for they know that their lives depend on it.","Abbas Alibhai Burmawalla, Mastan Alibhai Burmawalla","Akshay Kumar, Ayesha Jhulka, Deepak Tijori, Sabeeha",https://images.unsplash.com/photo-1489599849927-2ee91cede3ba?w=600&auto=format&fit=crop&q=80
tt0324612,Yamini,2002,2000s,"Crime, Drama, Thriller",149 min,149,"Revenge, Romantic Love",Tense & Thrilling,High,Medium,7.2,A bereft woman plans to take revenge against the murderer of her beloved.,U.C. Roshan,"Shakeela, Heera, Usman, Gandhi",https://images.unsplash.com/photo-1489599849927-2ee91cede3ba?w=600&auto=format&fit=crop&q=80
tt3422462,Bangistan,2015,2010s-2023,"Comedy, Drama",146 min,146,"Humor, Misunderstandings",Feel-good,Medium,Low,7.4,"Two blundering terrorists with lofty ideologies, but ordinary talent, are on a mission to change the world.",Karan Anshuman,"Jacqueline Fernandez, Michalina Olszanska, Pulkit Samrat, Riteish Deshmukh",https://images.unsplash.com/photo-1489599849927-2ee91cede3ba?w=600&auto=format&fit=crop&q=80
tt0369516,Hawa,2003,2000s,"Drama, Horror, Thriller",139 min,139,Family Ties,Tense & Thrilling,High,Medium,8.0,Sanjana lives in a big city along with her husband and two daughters. But things are not quite rosy as the couple faces a disastrous situation in there life which leads to divorce. Sanjana ...                See full summary »,Guddu Dhanoa,"Tabu, Shahbaaz Khan, Mukesh Tiwari, Imran Khan",https://images.unsplash.com/photo-1489599849927-2ee91cede3ba?w=600&auto=format&fit=crop&q=80
tt0255713,Zubeidaa,2001,2000s,"Biography, Drama, History",181 min,181,"Human Conflict, Life Lessons",Inspiring,Medium,Medium,6.9,"Zubeidaa, an aspiring Muslim actress, marries a Sikh prince to become his second wife. Her tumultuous relationship with her husband, and her inner demons lead her to a decision which has fatal consequences for them all.",Shyam Benegal,"Karisma Kapoor, Rekha, Manoj Bajpayee, Rajit Kapoor",https://images.unsplash.com/photo-1489599849927-2ee91cede3ba?w=600&auto=format&fit=crop&q=80
tt2437954,Singh Saab the Great,2013,2010s-2023,"Action, Drama",165 min,165,"Revenge, Family Ties",Deep & Emotional,High,Low,8.2,A tax collector willing to reform the society with the thought of change instead of revenge tries to control himself while attempting to teach a lesson to the man responsible behind his wife's death.,Anil Sharma,"Sunny Deol, Urvashi Rautela, Prakash Raj, Amrita Rao",https://images.unsplash.com/photo-1489599849927-2ee91cede3ba?w=600&auto=format&fit=crop&q=80
tt7981260,Garbage,2018,2010s-2023,"Drama, Thriller",161 min,161,"Human Conflict, Life Lessons",Tense & Thrilling,Medium,Medium,7.8,The lives of a fundamentalist online troll and a woman reeling from a sex tape gone viral become dangerously intertwined in this provocative thriller.,Qaushiq Mukherjee,"Tanmay Dhanania, Trimala Adhikari, Satarupa Das, Gitanjali Dang",https://images.unsplash.com/photo-1489599849927-2ee91cede3ba?w=600&auto=format&fit=crop&q=80
tt3658908,Jai Maa Vaishno Devi,1994,90s (1990-1999),Drama,164 min,164,"Human Conflict, Life Lessons",Deep & Emotional,Medium,Low,7.1,"A childless couple, are devotees of maa Vaishno Devi.When demon destroys a ritual organised by them, the goddess slays the demon and blesses the couple.",Shatilal Soni,"Rakesh Bedi, Gajendra Chauhan, Devidas Chippa, Arun Govil",https://images.unsplash.com/photo-1489599849927-2ee91cede3ba?w=600&auto=format&fit=crop&q=80
tt1609138,Koochie Koochie Hota Hai,2021,2010s-2023,"Animation, Family, Musical",148 min,148,"Self-Discovery, Destiny",Deep & Emotional,Medium,Low,8.1,"The film is an animated take on Kuch Kuch Hota Hai, and it marks the 20 year anniversary of its release.",Tarun Mansukhani,"Shah Rukh Khan, Kajol, Rani Mukerji, Sanjay Dutt",https://images.unsplash.com/photo-1489599849927-2ee91cede3ba?w=600&auto=format&fit=crop&q=80
tt1176960,One Two Three,2008,2000s,"Comedy, Crime",170 min,170,"Humor, Misunderstandings",Deep & Emotional,Low,Medium,7.9,"Three strangers with the same name, Laxminarayan, travel to Pondi with their tasks. Chaos ensues when they are mistaken for each other as they stay in the same hotel.",Ashwani Dhir,"Tusshar Kapoor, Suniel Shetty, Paresh Rawal, Esha Deol",https://images.unsplash.com/photo-1489599849927-2ee91cede3ba?w=600&auto=format&fit=crop&q=80
tt1340838,Raaz: The Mystery Continues,2009,2000s,"Horror, Mystery, Romance",177 min,177,"Fear of Unknown, Survival",Tense & Thrilling,High,High,8.0,An artist comes to realize that the woman he has been been painting is real and is being haunted by a ghost.,Mohit Suri,"Kangana Ranaut, Adhyayan Suman, Emraan Hashmi, Vicky Ahuja",https://images.unsplash.com/photo-1489599849927-2ee91cede3ba?w=600&auto=format&fit=crop&q=80
tt1608777,"LSD: Love, Sex Aur Dhokha",2010,2010s-2023,"Comedy, Crime, Drama",148 min,148,"Humor, Misunderstandings",Deep & Emotional,Medium,Medium,7.5,"A video camcorder, a store security camera, and concealed cameras candidly expose lives in three loosely-linked tales.",Dibakar Banerjee,"Nushrratt Bharuccha, Anshuman Jha, Neha Chauhan, Rajkummar Rao",https://images.unsplash.com/photo-1489599849927-2ee91cede3ba?w=600&auto=format&fit=crop&q=80
tt13364468,Love Hostel,2022,2010s-2023,"Action, Crime, Romance",169 min,169,Romantic Love,Adrenaline Rush,Medium,Medium,7.1,"Set against the pulsating backdrop of rustic North India, Love Hostel traces the volatile journey of a spirited young couple, being hunted by a ruthless mercenary.",Shanker Raman,"Bobby Deol, Vikrant Massey, Sanya Malhotra, Raj Arjun",https://images.unsplash.com/photo-1489599849927-2ee91cede3ba?w=600&auto=format&fit=crop&q=80
tt2574698,Gunday,2014,2010s-2023,"Action, Drama, Musical",136 min,136,"Courage, Heroism",Deep & Emotional,Medium,Low,7.7,"The lives of Calcutta's most powerful Gunday, Bikram and Bala, changes when Nandita enters it. Then a counter-force takes charge and a thriller unfolds.",Ali Abbas Zafar,"Ranveer Singh, Arjun Kapoor, Priyanka Chopra Jonas, Irrfan Khan",https://images.unsplash.com/photo-1489599849927-2ee91cede3ba?w=600&auto=format&fit=crop&q=80
tt15309808,Michael,2023,2010s-2023,"Action, Crime, Drama",144 min,144,Ambition & Triumph,Adrenaline Rush,Medium,Medium,6.7,The gang fighting over places. A youngster decides to gain control of the area. Can he complete his dream of ruling over the place?,Ranjit Jeyakodi,"Sundeep Kishan, Vijay Sethupathi, Divyansha Kaushik, Varalaxmi Sarathkumar",https://images.unsplash.com/photo-1489599849927-2ee91cede3ba?w=600&auto=format&fit=crop&q=80
tt6537508,Behen Hogi Teri,2017,2010s-2023,Comedy,139 min,139,"Romantic Love, Family Ties, Patriotism & Honor",Feel-good,Low,Low,7.2,A jobless youngster has to fight with criminal rivals who come to snatch away his neighborhood lady love as a bride and also his family which seems not to take note of his feelings towards the girl next door.,"Ajay Pannalal, Arvind Singh Rajpoot","Rajkummar Rao, Shruti Haasan, Gautam Gulati, Darshan Jariwala",https://images.unsplash.com/photo-1489599849927-2ee91cede3ba?w=600&auto=format&fit=crop&q=80
tt9592496,Pogaru,2021,2010s-2023,Action,153 min,153,"Courage, Heroism",Deep & Emotional,Medium,Low,6.6,"Shiva, a local Ruffian is unstoppable in his path as he had garnered the support and affection of the general public by fighting against the injustice that comes their way.",Nanda Kishore,"Dhruva Sarja, Rashmika Mandanna, Sampath Raj, Chikkanna",https://images.unsplash.com/photo-1489599849927-2ee91cede3ba?w=600&auto=format&fit=crop&q=80
tt16141960,Motu Patlu Kung Fu Kings Returns,2021,2010s-2023,Animation,135 min,135,"Self-Discovery, Destiny",Deep & Emotional,Medium,Low,7.5,Add a Plot,Suhas Kadav,"Mahendra Bhatnagar, Ganesh, Aditya Jaiswal, Vinod Kulkarni",https://images.unsplash.com/photo-1489599849927-2ee91cede3ba?w=600&auto=format&fit=crop&q=80
tt18298296,Sorry Karma Returns,2022,2010s-2023,"Crime, Mystery, Thriller",156 min,156,Family Ties,Tense & Thrilling,Medium,High,8.0,"A group of youngsters led by PK, the son of a political heavyweight are on a journey to their resort and the Karma returns in various forms through all the sins they have committed in the past. Will the Karma triumph over the tyranny ?",Brahmanand Reddy,"Ragini Dwivedi, Arjun Sharma, M.D. Afzal, Harshitha Kallingal",https://images.unsplash.com/photo-1489599849927-2ee91cede3ba?w=600&auto=format&fit=crop&q=80
tt3001638,Mary Kom,2014,2010s-2023,"Action, Biography, Drama",151 min,151,Ambition & Triumph,Inspiring,Medium,Medium,6.6,"A chronicle of the life of Indian boxer Mary Kom, who went through several hardships before audaciously accomplishing her ultimate dream.",Omung Kumar,"Priyanka Chopra Jonas, Sunil Thapa, Robin Das, Rajni Basumatary",https://images.unsplash.com/photo-1489599849927-2ee91cede3ba?w=600&auto=format&fit=crop&q=80
tt5156746,Force 2,2016,2010s-2023,"Action, Adventure, Thriller",160 min,160,Crime & Justice,Tense & Thrilling,Medium,Medium,7.1,ACP Yashvardhan teams up with RAW Agent KK to bring down the mole within RAW.,Abhinay Deo,"John Abraham, Sonakshi Sinha, Tahir Raj Bhasin, Adil Hussain",https://images.unsplash.com/photo-1489599849927-2ee91cede3ba?w=600&auto=format&fit=crop&q=80
tt0118546,Aar Ya Paar,1997,90s (1990-1999),Thriller,138 min,138,Secrets & Deception,Tense & Thrilling,Medium,Medium,7.0,"Shekhar is an opportunist. He marries Veena, a multi-millionaire, while continuing his affair with her secretary, Anu. When Veena gets to know, she threatens him with dire consequences. ...                See full summary »",Ketan Mehta,"Jackie Shroff, Deepa Sahi, Ritu Shivpuri, Kamal Sidhu",https://images.unsplash.com/photo-1489599849927-2ee91cede3ba?w=600&auto=format&fit=crop&q=80
tt7820846,Loveyatri,2018,2010s-2023,"Comedy, Drama, Music",140 min,140,Romantic Love,Feel-good,Medium,Low,6.8,"Sushrut, a garba teacher, who falls in love with NRI girl Michelle when she visits town during festival",Abhiraj Minawala,"Sammy Jonas Heaney, Aayush Sharma, Warina Hussain, Caroline Wilde",https://images.unsplash.com/photo-1489599849927-2ee91cede3ba?w=600&auto=format&fit=crop&q=80
tt3302962,Shaadi Ke Side Effects,2014,2010s-2023,"Comedy, Romance",153 min,153,"Humor, Misunderstandings",Feel-good,Low,Low,7.4,A complicated relationship develops between a man and woman after getting married and having a baby.,Saket Chaudhary,"Farhan Akhtar, Vidya Balan, Vir Das, Ram Kapoor",https://images.unsplash.com/photo-1489599849927-2ee91cede3ba?w=600&auto=format&fit=crop&q=80
tt10098288,Roohi,2021,2010s-2023,"Comedy, Horror",125 min,125,"Humor, Misunderstandings",Feel-good,High,Low,6.9,"Hired to kidnap a bride, two bumbling pals get into a wacky predicament when one falls for their abductee, and the other falls for the spirit that possesses her.",Hardik Mehta,"Rajkummar Rao, Varun Sharma, Janhvi Kapoor, Alexx O'Nell",https://images.unsplash.com/photo-1489599849927-2ee91cede3ba?w=600&auto=format&fit=crop&q=80
tt28534557,Cantt Road: The Beginning,2023,2010s-2023,Crime,144 min,144,"Self-Discovery, Destiny",Deep & Emotional,Medium,Medium,7.1,"A peculiar place located somewhere in the outskirts where mysterious and ghostly incidents occur. It is a place having a dark history in it's past, the wails of which still continues to haunt the place and the people who pass through it.",Adarsh Raisahab,"Sharvary Joshi, Ashok Rabari, Nischay Rana, Mukesh Rao",https://images.unsplash.com/photo-1489599849927-2ee91cede3ba?w=600&auto=format&fit=crop&q=80
tt1535467,Patiala House,2011,2010s-2023,"Drama, Sport",162 min,162,"Family Ties, Patriotism & Honor",Deep & Emotional,Medium,Low,7.4,"A talented young Indian cricket player must defy his father's wishes to play for the side of England, a rebellion his siblings quietly cheer.",Nikkhil Advani,"Rishi Kapoor, Dimple Kapadia, Akshay Kumar, Anushka Sharma",https://images.unsplash.com/photo-1489599849927-2ee91cede3ba?w=600&auto=format&fit=crop&q=80
tt15434074,Kho Gaye Hum Kahan,2023,2010s-2023,Drama,134 min,134,Friendship,Deep & Emotional,Medium,Low,7.6,A digital age story of three friends living in Mumbai.,Arjun Varain Singh,"Adarsh Gourav, Ananya Panday, Siddhant Chaturvedi, Rohan Gurbaxani",https://images.unsplash.com/photo-1489599849927-2ee91cede3ba?w=600&auto=format&fit=crop&q=80
tt12887208,Pippa,2023,2010s-2023,"Action, Drama, History",166 min,166,Patriotism & Honor,Inspiring,Medium,Low,7.0,Revolves around Brigadier Balram Singh Mehta of the 45th Cavalry tank squadron who fought on the eastern front during the Indo-Pakistan war of 1971 along with his siblings.,Raja Menon,"Mrunal Thakur, Ishaan Khattar, Soni Razdan, Priyanshu Painyuli",https://images.unsplash.com/photo-1489599849927-2ee91cede3ba?w=600&auto=format&fit=crop&q=80
tt2359810,Raanjhanaa,2013,2010s-2023,"Drama, Romance",174 min,174,"Romantic Love, Family Ties",Heartwarming,Medium,Low,7.3,"Kundan, the son of a Hindu pundit, discovers that his childhood sweetheart Zoya loves city-bred Akram and wants to marry him. However, he persistently seeks to win her heart.",Aanand L. Rai,"Dhanush, Sonam Kapoor, Mohd. Zeeshan Ayyub, Swara Bhasker",https://images.unsplash.com/photo-1489599849927-2ee91cede3ba?w=600&auto=format&fit=crop&q=80
tt20319598,Lakadbaggha,2023,2010s-2023,"Action, Comedy, Crime",169 min,169,"Courage, Heroism",Adrenaline Rush,Medium,Medium,7.8,"An animal loving vigilante Arjun Bakshi, unearths the fact that an underground illegal animal trade cell functions from Kolkata port. On investigating he chances upon a rare species of the Indian Striped Hyena (Lakadbaggha).",Victor Mukherjee,"Anshuman Jha, Riddhi Dogra, Paresh Pahuja, Milind Soman",https://images.unsplash.com/photo-1489599849927-2ee91cede3ba?w=600&auto=format&fit=crop&q=80
tt9253188,Kavacham,2018,2010s-2023,"Action, Crime, Thriller",170 min,170,Crime & Justice,Tense & Thrilling,Medium,Medium,7.3,A police officer from Vizag finds himself in a rut when false allegations are levied against him. He has 24 hours now to prove his innocence.,Sreenivas Mamilla,"Sai Srinivas Bellamkonda, Kajal Aggarwal, Mehreen Pirzada, Neil Nitin Mukesh",https://images.unsplash.com/photo-1489599849927-2ee91cede3ba?w=600&auto=format&fit=crop&q=80
tt28366223,Janmabhoomi,2024,2024-Latest,Drama,139 min,139,"Human Conflict, Life Lessons",Deep & Emotional,Medium,Low,7.9,A courtroom drama based on Ram Mandir trial in Ayodhya.,Sreenivas Mamilla,"Sai Srinivas Bellamkonda, Kajal Aggarwal, Mehreen Pirzada, Neil Nitin Mukesh",https://images.unsplash.com/photo-1489599849927-2ee91cede3ba?w=600&auto=format&fit=crop&q=80
tt1027835,Munnibai,1999,90s (1990-1999),"Action, Crime, Drama",158 min,158,"Revenge, Family Ties",Adrenaline Rush,Medium,Medium,8.0,"A man kills another, and his daughter vows to avenge him, even if it means she must turn herself into a mountain bandit. The killer's daughter defends her father, and the family feud is to be settled outside of the law.",Kanti Shah,"Dharmendra, Sapna Sappu, Durgesh Nandini, Mohan Joshi",https://images.unsplash.com/photo-1489599849927-2ee91cede3ba?w=600&auto=format&fit=crop&q=80
tt0289845,Aks,2001,2000s,"Action, Crime, Horror",170 min,170,Crime & Justice,Tense & Thrilling,High,Medium,6.5,"Raghavan Ghatge, a psychotic terrorist, and Manu Verma, the cop who tracks him down, shoot each other simultaneously, the result being that Raghavan's soul is transferred into Verma's body and vice versa.",Rakeysh Omprakash Mehra,"Amitabh Bachchan, Raveena Tandon, Manoj Bajpayee, Nandita Das",https://images.unsplash.com/photo-1489599849927-2ee91cede3ba?w=600&auto=format&fit=crop&q=80
tt0815890,Khan kluay,2006,2000s,"Animation, Adventure, Family",151 min,151,"Friendship, Romantic Love, Family Ties",Deep & Emotional,Medium,Low,7.0,"A young elephant goes on an extraordinary adventure and learns important lessons along the way about friendship, love and courage.","Kompin Kemgumnird, Tod Polson","Akshay Kumar, Anyarit Pitakkul, Lara Dutta, Nawarat Techarathanaprasert",https://images.unsplash.com/photo-1489599849927-2ee91cede3ba?w=600&auto=format&fit=crop&q=80
tt4333674,Hunterrr,2015,2010s-2023,"Comedy, Romance",178 min,178,"Humor, Misunderstandings",Feel-good,Low,Low,7.4,"Mandar, an ordinary guy is obsessed with sex and chases girls until he meets Tripti and decides to settle down with her.",Harshavardhan Kulkarni,"Gulshan Devaiah, Radhika Apte, Sai Tamhankar, Veera Saxena",https://images.unsplash.com/photo-1489599849927-2ee91cede3ba?w=600&auto=format&fit=crop&q=80
tt15048606,Lost,2022,2010s-2023,"Drama, Thriller",155 min,155,"Human Conflict, Life Lessons",Tense & Thrilling,Medium,Medium,7.1,"An emotional thriller that represents a higher quest, a search for lost values of empathy and integrity.",Aniruddha Roy Chowdhury,"Yami Gautam, Pankaj Kapur, Rahul Khanna, Tushar Pandey",https://images.unsplash.com/photo-1489599849927-2ee91cede3ba?w=600&auto=format&fit=crop&q=80
tt6299040,The Ghazi Attack,2017,2010s-2023,"Action, Thriller, War",152 min,152,Secrets & Deception,Tense & Thrilling,Medium,Medium,6.7,"A Pakistani submarine, Ghazi plans to secretly attack Vizag port. For doing so, it has to get past Indian submarine S21.",Sankalp Reddy,"Rana Daggubati, Kay Kay Menon, Atul Kulkarni, Om Puri",https://images.unsplash.com/photo-1489599849927-2ee91cede3ba?w=600&auto=format&fit=crop&q=80
tt1370429,99,2009,2000s,"Comedy, Crime, Drama",150 min,150,Crime & Justice,Deep & Emotional,Medium,Medium,7.5,A gangster deputes two of his men to recover money from an out of town compulsive gambler.,"Krishna D.K., Raj Nidimoru","Kunal Kemmu, Boman Irani, Soha Ali Khan, Cyrus Broacha",https://images.unsplash.com/photo-1489599849927-2ee91cede3ba?w=600&auto=format&fit=crop&q=80
tt0348258,Tujhe Meri Kasam,2003,2000s,Romance,184 min,184,"Friendship, Ambition & Triumph",Deep & Emotional,Medium,Low,7.2,Rishi and Anju are childhood buddies struggle to find out if they have more than friendship between them.,Vijay K. Bhaskar,"Riteish Deshmukh, Genelia Deshmukh, Shakti Kapoor, Supriya Karnik",https://images.unsplash.com/photo-1489599849927-2ee91cede3ba?w=600&auto=format&fit=crop&q=80
tt0139876,Baasha,1995,90s (1990-1999),"Action, Crime, Drama",166 min,166,Family Ties,Adrenaline Rush,Medium,Medium,6.9,"An auto driver, Manikam, desperately tries to hide his dark underworld side to keep his promise to his father.",Suresh Krishna,"Rajinikanth, Nagma, Raghuvaran, Vijayakumar",https://images.unsplash.com/photo-1489599849927-2ee91cede3ba?w=600&auto=format&fit=crop&q=80
tt0495032,Gangster,2006,2000s,"Action, Crime, Drama",157 min,157,"Romantic Love, Crime & Justice",Adrenaline Rush,Medium,Medium,8.0,"Simran, who relocates to Seoul, is distraught when Daya, a gangster, re-enters her life. She has to make a choice between him and her lover Akash, who is a singer at an Indian restaurant.",Anurag Basu,"Kangana Ranaut, Shiney Ahuja, Emraan Hashmi, Gulshan Grover",https://images.unsplash.com/photo-1489599849927-2ee91cede3ba?w=600&auto=format&fit=crop&q=80
tt8983168,Commando 3,2019,2010s-2023,"Action, Adventure, Thriller",138 min,138,"Courage, Heroism",Tense & Thrilling,Medium,Medium,7.9,Karan goes to London to stop a terrorist attack on India.,Aditya Datt,"Gulshan Devaiah, Robin Chaudhary, Subhasish Ghosh, Pradeep Yadav",https://images.unsplash.com/photo-1489599849927-2ee91cede3ba?w=600&auto=format&fit=crop&q=80
tt6937368,The Lift Boy,2019,2010s-2023,"Comedy, Drama",135 min,135,Family Ties,Feel-good,Medium,Low,8.1,The Lift Boy is a coming of age story of a 24-year-old vagabond who is forced to work at a posh building in Mumbai as a Lift Boy when his bread-winning father falls ill.,Jonathan Augustin,"Moin Khan, Nyla Masood, Sagar Kale, Neha Bam",https://images.unsplash.com/photo-1489599849927-2ee91cede3ba?w=600&auto=format&fit=crop&q=80
tt4024944,Main Aur Charles,2015,2010s-2023,"Action, Biography, Crime",169 min,169,"Revenge, Family Ties, Crime & Justice",Adrenaline Rush,Medium,Medium,6.5,"After escaping from prison, a notorious serial killer and conman becomes the target of a nationwide manhunt led by an honest police officer determined to catch him.",Prawaal Raman,"Adil Hussain, Alexx O'Nell, Anastasia Fullfina, Dijana Dejanovic",https://images.unsplash.com/photo-1489599849927-2ee91cede3ba?w=600&auto=format&fit=crop&q=80
tt0485272,Salaam-E-Ishq,2007,2000s,"Comedy, Drama, Musical",157 min,157,Romantic Love,Feel-good,Medium,Low,8.0,"Six couples in love must face different problems caused by love itself. Do they resolve their issues and face life anew, or do they succumb under pressure ?",Nikkhil Advani,"Salman Khan, Priyanka Chopra Jonas, Anil Kapoor, Juhi Chawla",https://images.unsplash.com/photo-1489599849927-2ee91cede3ba?w=600&auto=format&fit=crop&q=80
tt0331453,Chhal,2002,2000s,"Action, Crime, Drama",160 min,160,"Crime & Justice, Secrets & Deception",Adrenaline Rush,Medium,Medium,7.5,"Secret Service Agent, Karan Menon (Kay Kay) has been assigned the task of penetrating the gang and winning the confidence of underworld don, Shastri (Vallabh Vyas). Karan does so with ease,...                See full summary »",Hansal Mehta,"Kay Kay Menon, Jaya Seal, Naved Aslam, Shri Vallabh Vyas",https://images.unsplash.com/photo-1489599849927-2ee91cede3ba?w=600&auto=format&fit=crop&q=80
tt0451803,Maine Pyaar Kyun Kiya,2005,2000s,"Comedy, Drama, Romance",147 min,147,"Romantic Love, Family Ties",Feel-good,Medium,Low,6.5,"Samir is in love with Sonia but has unfortunately lied to her that he was already married.When she wants to meet her wife,Samir approaches his dutiful nurse Naina to play 'wife'a drama that turns out into a comedy of errors.",David Dhawan,"Salman Khan, Sushmita Sen, Katrina Kaif, Sohail Khan",https://images.unsplash.com/photo-1489599849927-2ee91cede3ba?w=600&auto=format&fit=crop&q=80
tt0216707,Dil Kya Kare,1999,90s (1990-1999),"Drama, Musical, Romance",158 min,158,"Romantic Love, Family Ties",Heartwarming,Medium,Low,6.6,An emotional saga of a mother who has lost her child and her love.,Prakash Jha,"Ajay Devgn, Mahima Chaudhry, Kajol, Chandrachur Singh",https://images.unsplash.com/photo-1489599849927-2ee91cede3ba?w=600&auto=format&fit=crop&q=80
tt2275794,Gori Tere Pyaar Mein!,2013,2010s-2023,"Comedy, Drama, Romance",176 min,176,Friendship,Feel-good,Medium,Low,7.8,Self-centered Sriram Venkat changes his outlook and actions when his girlfriend leaves him.,Punit Malhotra,"Imran Khan, Kareena Kapoor, Sujata Kumar, Radha Ramachandra",https://images.unsplash.com/photo-1489599849927-2ee91cede3ba?w=600&auto=format&fit=crop&q=80
tt0106204,Aankhen,1993,90s (1990-1999),"Action, Comedy, Crime",165 min,165,"Family Ties, Patriotism & Honor",Adrenaline Rush,Medium,Medium,8.0,Two good-for-nothing brothers are embroiled in a conspiracy involving a political assassination and try their best to save the country.,David Dhawan,"Govinda, Chunky Pandey, Raj Babbar, Kader Khan",https://images.unsplash.com/photo-1489599849927-2ee91cede3ba?w=600&auto=format&fit=crop&q=80
tt7060460,Theeran Adhigaaram Ondru,2017,2010s-2023,"Action, Crime, Thriller",159 min,159,"Revenge, Crime & Justice, Secrets & Deception",Tense & Thrilling,High,Medium,8.1,"Theeran, a police officer, is entrusted with the task to solve the mystery behind a series of murders. The only clue left behind is that all the murders are committed in the same pattern.",H. Vinoth,"Karthi, Rakul Preet Singh, Abhimanyu Singh, Bose Venkat",https://images.unsplash.com/photo-1489599849927-2ee91cede3ba?w=600&auto=format&fit=crop&q=80
tt8108164,Ek Ladki Ko Dekha Toh Aisa Laga,2019,2010s-2023,"Comedy, Crime, Drama",136 min,136,Family Ties,Deep & Emotional,Medium,Medium,8.2,"The film tells the story of closeted lesbian Sweety Chaudhary and her attempts to come out to her conservative, traditional family.",Shelly Chopra Dhar,"Sonam Kapoor, Anil Kapoor, Rajkummar Rao, Juhi Chawla",https://images.unsplash.com/photo-1489599849927-2ee91cede3ba?w=600&auto=format&fit=crop&q=80
tt1091229,Chandni Chowk to China,2009,2000s,"Action, Adventure, Comedy",147 min,147,Patriotism & Honor,Feel-good,Medium,Low,7.9,A cook from Chandni Chowk gets mistaken for the reincarnation of an ancient peasant warrior by the residents of an oppressed Chinese village.,Nikkhil Advani,"Akshay Kumar, Deepika Padukone, Chia-Hui Liu, Mithun Chakraborty",https://images.unsplash.com/photo-1489599849927-2ee91cede3ba?w=600&auto=format&fit=crop&q=80
tt25433734,Hi Nanna,2023,2010s-2023,"Drama, Family, Romance",162 min,162,"Human Conflict, Life Lessons",Heartwarming,Medium,Low,7.4,Plot under wraps.,Shouryuv,"Mrunal Thakur, Shruti Haasan, Nani, Angad Bedi",https://images.unsplash.com/photo-1489599849927-2ee91cede3ba?w=600&auto=format&fit=crop&q=80
tt4302956,Kis Kisko Pyaar Karoon,2015,2010s-2023,"Comedy, Romance",156 min,156,Friendship,Feel-good,Low,Low,7.1,"A comedy or errors, wherein a married man attempts to juggle his three wives along with his current girlfriend.","Abbas Alibhai Burmawalla, Mastan Alibhai Burmawalla, Abinash Rout","Kapil Sharma, Simran Kaur Mundi, Manjari Fadnnis, Sai Lokur",https://images.unsplash.com/photo-1489599849927-2ee91cede3ba?w=600&auto=format&fit=crop&q=80
tt28946047,Chalaak,2023,2010s-2023,Thriller,139 min,139,"Self-Discovery, Destiny",Tense & Thrilling,Medium,Medium,7.7,"An abduction, an extra marital affair and bold revelations. Mansi's life takes an unexpected turn when she is mysteriously kidnapped. This ordeal forces her to confront her past and hidden intentions are revealed.",Ashish Deo,"Jeevansh Chadha, Abhinav Gautam, Asma Sayed, Raghav Vohra",https://images.unsplash.com/photo-1489599849927-2ee91cede3ba?w=600&auto=format&fit=crop&q=80
tt1907761,Stanley Ka Dabba,2011,2010s-2023,"Comedy, Drama, Family",163 min,163,"Humor, Misunderstandings",Feel-good,Medium,Low,7.7,"A school-teacher, who forces children to share their food with him, forbids one from entering the school until he brings his own Tiffin/Lunch-box.",Amole Gupte,"Partho A. Gupte, Numaan Sheikh, Abhishek Reddy, Sai Shara Shetty",https://images.unsplash.com/photo-1489599849927-2ee91cede3ba?w=600&auto=format&fit=crop&q=80
tt13334970,Ghost Story - An Abstract Film,2020,2010s-2023,Horror,157 min,157,"Revenge, Secrets & Deception",Tense & Thrilling,High,High,6.7,A Writer - A Haunted Bungalow - A Murder - Some Dark Secrets - Ghosts and A Story with a Twist.,Zubair Khan,"Farrah Kader, Samidha Kiran, Aabid Shamim",https://images.unsplash.com/photo-1489599849927-2ee91cede3ba?w=600&auto=format&fit=crop&q=80
tt7094488,Sandeep Aur Pinky Faraar,2021,2010s-2023,"Comedy, Crime, Drama",142 min,142,"Revenge, Crime & Justice, Patriotism & Honor",Deep & Emotional,Medium,Medium,7.9,"Sandeep, a bank executive and Pinky, a suspended cop, are marked for a kill. Phones tapped, accounts blocked, they escape but escaping is not freedom.",Dibakar Banerjee,"Jaideep Ahlawat, Parineeti Chopra, Arjun Kapoor, Neena Gupta",https://images.unsplash.com/photo-1489599849927-2ee91cede3ba?w=600&auto=format&fit=crop&q=80
tt1830786,Rascals,2011,2010s-2023,"Action, Comedy, Crime",159 min,159,"Courage, Heroism",Adrenaline Rush,Medium,Medium,7.6,Two rival con-men attempt to outdo each other to woo a wealthy woman.,David Dhawan,"Ajay Devgn, Sanjay Dutt, Kangana Ranaut, Lisa Haydon",https://images.unsplash.com/photo-1489599849927-2ee91cede3ba?w=600&auto=format&fit=crop&q=80
tt6774212,Aiyaary,2018,2010s-2023,"Action, Drama, Thriller",144 min,144,"Courage, Heroism",Tense & Thrilling,Medium,Medium,6.5,"After finding out about an illegal arms deal, a military intelligence officer goes rogue with highly sensitive data related to his organization, causing his mentor: a colonel, to hunt him down.","Neeraj Pandey, Feroz Khan Bollybrothers","Sidharth Malhotra, Manoj Bajpayee, Rakul Preet Singh, Pooja Chopra",https://images.unsplash.com/photo-1489599849927-2ee91cede3ba?w=600&auto=format&fit=crop&q=80
tt1324059,Wake Up Sid,2009,2000s,"Comedy, Drama, Romance",167 min,167,Friendship,Feel-good,Medium,Low,7.5,"The story of a lazy Mumbai college student who does absolutely nothing, with a turn of events will Sid realize his potential in this world and become a success in the fast-paced life of Mumbai.",Ayan Mukerji,"Ranbir Kapoor, Konkona Sen Sharma, Supriya Pathak, Anupam Kher",https://images.unsplash.com/photo-1489599849927-2ee91cede3ba?w=600&auto=format&fit=crop&q=80
tt25376056,Keedaa Cola,2023,2010s-2023,"Comedy, Crime",142 min,142,"Humor, Misunderstandings",Deep & Emotional,Low,Medium,8.2,Add a Plot,Tharun Bhascker Dhaassyam,"Brahmanandam, Ravindra Vijay, Tharun Bhascker Dhaassyam, Jeevan Kumar",https://images.unsplash.com/photo-1489599849927-2ee91cede3ba?w=600&auto=format&fit=crop&q=80
tt3398052,Daawat-e-Ishq,2014,2010s-2023,"Comedy, Drama, Romance",173 min,173,"Humor, Misunderstandings",Feel-good,Medium,Low,7.4,"A story of Gullu, a Hyderabadi girl frustrated with dowry-seeking men and Taru (a charming Lucknawi cook), who crush old-fashioned world-view.",Habib Faisal,"Aditya Roy Kapoor, Parineeti Chopra, Anupam Kher, Karan Wahi",https://images.unsplash.com/photo-1489599849927-2ee91cede3ba?w=600&auto=format&fit=crop&q=80
tt2255934,Aiyyaa,2012,2010s-2023,"Comedy, Romance",148 min,148,"Romantic Love, Ambition & Triumph",Feel-good,Low,Low,7.2,"A woman goes on the hunt for her dream man, armed with her wild imagination, her passion for Masala-films, and her ultra-sensitive sense of smell.",Sachin Kundalkar,"Rani Mukerji, Prithviraj Sukumaran, Nirmiti Sawant, Subodh Bhave",https://images.unsplash.com/photo-1489599849927-2ee91cede3ba?w=600&auto=format&fit=crop&q=80
tt2831404,Dr. Cabbie,2014,2010s-2023,Comedy,142 min,142,"Humor, Misunderstandings",Feel-good,Low,Low,7.9,"An Indian doctor emigrates to Canada in the hope of starting a new life, but bureaucracy confines him to life as a taxi driver. When he cannot suppress his desire to practice medicine, he begins illegally treating patients from his cab.",Jean-François Pouliot,"Vinay Virmani, Adrianne Palicki, Kunal Nayyar, Lillete Dubey",https://images.unsplash.com/photo-1489599849927-2ee91cede3ba?w=600&auto=format&fit=crop&q=80
tt7465992,Mahanati,2018,2010s-2023,"Biography, Drama",156 min,156,"Human Conflict, Life Lessons",Inspiring,Medium,Medium,6.8,"Biography of Savitri, an actress from South India movie industry, who ruled the industry for two decades during 50s and 60s.",Nag Ashwin,"Keerthy Suresh, Dulquer Salmaan, Samantha Ruth Prabhu, Vijay Deverakonda",https://images.unsplash.com/photo-1489599849927-2ee91cede3ba?w=600&auto=format&fit=crop&q=80
tt0102844,Saudagar,1991,90s (1990-1999),"Action, Drama, Romance",158 min,158,Romantic Love,Heartwarming,Medium,Low,7.3,Two clan chiefs who have maintained a blood feud for decades have to contend with the romance between their respective grandchildren.,Subhash Ghai,"Dilip Kumar, Raaj Kumar, Vivek Mushran, Manisha Koirala",https://images.unsplash.com/photo-1489599849927-2ee91cede3ba?w=600&auto=format&fit=crop&q=80
tt22489564,Har Har Mahadev,2022,2010s-2023,"Action, Drama, War",165 min,165,Patriotism & Honor,Deep & Emotional,Medium,Low,7.3,"This is the inspirational story of a real battle in which only 300 soldiers, led by Baji Prabhu Deshpande, the commander of Chhatrapati Shivaji Maharaj, held back an enemy army of 15,000 while Shivaji reached the safety of Khera fort.",Abhijeet Shirish Deshpande,"Sharad Kelkar, Subodh Bhave, Yogesh Jadhav, Nitish Chavan",https://images.unsplash.com/photo-1489599849927-2ee91cede3ba?w=600&auto=format&fit=crop&q=80
tt0233979,Zapatlela,1993,90s (1990-1999),"Comedy, Drama, Horror",145 min,145,Crime & Justice,Feel-good,High,Low,7.3,A man is presumed to have been haunted when a doll possessed by the spirit of a gangster comes along in his life.,Mahesh Kothare,"Laxmikant Berde, Mahesh Kothare, Kishori Ambiye, Ravindra Berde",https://images.unsplash.com/photo-1489599849927-2ee91cede3ba?w=600&auto=format&fit=crop&q=80
tt0119428,Judwaa,1997,90s (1990-1999),"Action, Comedy, Drama",139 min,139,Family Ties,Feel-good,Medium,Low,6.9,"Twin brothers who are separated soon after birth, meet in adulthood and join forces to defeat their common enemy, a notorious criminal.",David Dhawan,"Salman Khan, Karisma Kapoor, Rambha, Kader Khan",https://images.unsplash.com/photo-1489599849927-2ee91cede3ba?w=600&auto=format&fit=crop&q=80
tt1580704,That Girl in Yellow Boots,2010,2010s-2023,"Crime, Drama, Mystery",164 min,164,Family Ties,Tense & Thrilling,Medium,High,8.1,A British woman faces challenges while attempting to locate her father in India.,Anurag Kashyap,"Kalki Koechlin, Prashant Prakash, Naseeruddin Shah, Gulshan Devaiah",https://images.unsplash.com/photo-1489599849927-2ee91cede3ba?w=600&auto=format&fit=crop&q=80
tt5982852,Jolly LLB 2,2017,2010s-2023,"Comedy, Crime, Drama",157 min,157,"Humor, Misunderstandings",Deep & Emotional,Medium,Medium,7.1,Jolly is a clumsy lawyer who is faced with representing the most critical court case of his career.,Subhash Kapoor,"Akshay Kumar, Huma Qureshi, Saurabh Shukla, Annu Kapoor",https://images.unsplash.com/photo-1489599849927-2ee91cede3ba?w=600&auto=format&fit=crop&q=80
tt6173990,Gold,2018,2010s-2023,"Drama, History, Sport",186 min,186,"Human Conflict, Life Lessons",Inspiring,Medium,Low,7.6,The journey of a man who was instrumental in making India win its first Olympic gold medal as a free nation.,Reema Kagti,"Krishan Tandon, Hubertus Geller, Siddharth Kher, Sheldon Redden",https://images.unsplash.com/photo-1489599849927-2ee91cede3ba?w=600&auto=format&fit=crop&q=80
tt0252277,Bichhoo,2000,2000s,"Action, Crime, Drama",145 min,145,"Revenge, Family Ties",Adrenaline Rush,High,Medium,8.1,A contract killer with a tragic past trains a teenage girl to avenge the murder of her family and falls for her in the process.,Guddu Dhanoa,"Bobby Deol, Rani Mukerji, Ashish Vidyarthi, Farida Jalal",https://images.unsplash.com/photo-1489599849927-2ee91cede3ba?w=600&auto=format&fit=crop&q=80
tt10235600,Kaali Khuhi,2020,2010s-2023,"Drama, Horror, Mystery",132 min,132,Family Ties,Tense & Thrilling,High,High,7.1,"Shivangi, a 10 year old girl, is put to the ultimate test to save her family's village from the restless ghosts of its horrific past.",Terrie Samundra,"Shabana Azmi, Sanjeeda Sheikh, Satyadeep Misra, Riva Arora",https://images.unsplash.com/photo-1489599849927-2ee91cede3ba?w=600&auto=format&fit=crop&q=80
tt0267617,Jigar,1992,90s (1990-1999),"Action, Drama, Romance",151 min,151,"Courage, Heroism",Heartwarming,Medium,Low,7.7,"An engaging action-sport film, where a man avenges his sister's humiliation by participating in a deadly kung-fu tournament.",Farogh Siddique,"Ajay Devgn, Karisma Kapoor, Ajit Khan, Feroz Khan",https://images.unsplash.com/photo-1489599849927-2ee91cede3ba?w=600&auto=format&fit=crop&q=80
tt26541225,Aatmapamphlet,2023,2010s-2023,"Comedy, Drama",135 min,135,"Humor, Misunderstandings",Feel-good,Medium,Low,7.1,A young boy growing up amidst massive social and economic changes in 1990s India.,Ashish Bende,"Om Bendkhale, Rajratna Bhojane, Khushi Hajare, Bhimrao Mude",https://images.unsplash.com/photo-1489599849927-2ee91cede3ba?w=600&auto=format&fit=crop&q=80
tt1020937,Awarapan,2007,2000s,"Action, Crime, Drama",140 min,140,Revenge,Adrenaline Rush,Medium,Medium,6.8,"A loyal henchman is ordered by his boss to keep an eye on his mistress, and trouble begins when he refuses to kill her.",Mohit Suri,"Emraan Hashmi, Mrinalini Sharma, Ashish Vidyarthi, Ashutosh Rana",https://images.unsplash.com/photo-1489599849927-2ee91cede3ba?w=600&auto=format&fit=crop&q=80
tt3619772,Hate Story 2,2014,2010s-2023,"Drama, Thriller",137 min,137,Revenge,Tense & Thrilling,Medium,Medium,7.8,A woman takes revenge on a powerful corrupt politician who forcefully abused her and left her for dead.,Vishal Pandya,"Jay Bhanushali, Surveen Chawla, Sushant Singh, Siddharth Kher",https://images.unsplash.com/photo-1489599849927-2ee91cede3ba?w=600&auto=format&fit=crop&q=80
tt27048775,Brahmastra 2,2026,2024-Latest,"Action, Adventure, Fantasy",148 min,148,Family Ties,Mind-bending & Epic,Medium,Low,6.9,Follows Shiva's father: Dev.,Ayan Mukerji,"Deepika Padukone, Alia Bhatt, Ranbir Kapoor",https://images.unsplash.com/photo-1489599849927-2ee91cede3ba?w=600&auto=format&fit=crop&q=80
tt0430381,Musafir,2004,2000s,"Action, Crime, Drama",168 min,168,"Friendship, Revenge, Crime & Justice",Adrenaline Rush,Medium,Medium,8.2,"A small-time criminal, betrayed by his girlfriend and owing money to a fearsome crime lord, agrees to travel to Goa for a drug deal and becomes involved with a local woman and her much older husband, both of who want to kill each other.","Sanjay Gupta, Hasib Muhammad","Anil Kapoor, Sameera Reddy, Aditya Pancholi, Mahesh Manjrekar",https://images.unsplash.com/photo-1489599849927-2ee91cede3ba?w=600&auto=format&fit=crop&q=80
tt15122174,Possessed Love,2021,2010s-2023,"Drama, Horror, Romance",153 min,153,Family Ties,Tense & Thrilling,High,Low,7.4,"Everything was going well for the bride but her life changed completely when she decided to go out of the house on the night of Haldi, taking her grandmother's faith as superstition. She ...                See full summary »",Manmeet Singh Sodhi,"Surbhi Shukla, Sachin Sharma, Unika Ray, Harsh Arora",https://images.unsplash.com/photo-1489599849927-2ee91cede3ba?w=600&auto=format&fit=crop&q=80
tt3595298,Prem Ratan Dhan Payo,2015,2010s-2023,"Action, Drama, Musical",145 min,145,"Courage, Heroism",Deep & Emotional,Medium,Low,8.0,"While recovering from an assassination attempt four days before his coronation, a stern prince is replaced by a romantic lookalike.",Sooraj R. Barjatya,"Salman Khan, Sonam Kapoor, Neil Nitin Mukesh, Deepak Dobriyal",https://images.unsplash.com/photo-1489599849927-2ee91cede3ba?w=600&auto=format&fit=crop&q=80
tt2358412,David,2013,2010s-2023,"Action, Crime, Drama",142 min,142,"Courage, Heroism",Adrenaline Rush,Medium,Medium,7.4,The lives of three different men named David are about to change forever.,Bejoy Nambiar,"Vikram, Neil Nitin Mukesh, Vinay Virmani, Tabu",https://images.unsplash.com/photo-1489599849927-2ee91cede3ba?w=600&auto=format&fit=crop&q=80
tt3796006,Roar,2014,2010s-2023,"Action, Adventure, Sci-Fi",140 min,140,"Revenge, Family Ties",Mind-bending & Epic,High,High,8.2,"After his photojournalist brother gets killed by a white tigress in the jungles of the Sundarbans, Pandit and his team of commandos enter the prohibited core area of the forest to avenge his death.",Kamal Sadanah,"Aadil Chahal, Ahran Chaudhary, Pranay Dixit, Subrat Dutta",https://images.unsplash.com/photo-1489599849927-2ee91cede3ba?w=600&auto=format&fit=crop&q=80
tt1848771,Aarakshan,2011,2010s-2023,"Drama, Thriller",135 min,135,"Human Conflict, Life Lessons",Tense & Thrilling,Medium,Medium,7.0,The decision by India's supreme court to establish caste-based reservations for jobs in education causes conflict between a teacher and his mentor.,Prakash Jha,"Amitabh Bachchan, Saif Ali Khan, Manoj Bajpayee, Deepika Padukone",https://images.unsplash.com/photo-1489599849927-2ee91cede3ba?w=600&auto=format&fit=crop&q=80
tt15007122,Angithee,2021,2010s-2023,Drama,161 min,161,"Friendship, Romantic Love",Deep & Emotional,Medium,Low,6.9,"Firdous is married off in a conservative house with her husband Hameed. Her old friend Shahid comes back from Punjab and they fall in love, but things change when Hameed discovers Firdous is sleeping with his friend.",Rahhat Shah Kazmi,"Rahhat Shah Kazmi, Hussein Khan, Tariq Khan",https://images.unsplash.com/photo-1489599849927-2ee91cede3ba?w=600&auto=format&fit=crop&q=80
tt13529034,Meenakshi Sundareshwar,2021,2010s-2023,"Comedy, Romance",182 min,182,Romantic Love,Feel-good,Low,Low,7.4,"Forced to live apart due to a unique job prospect, two newlyweds face the hassles, hiccups - and hilarity - that arise from their long distance marriage.",Vivek Soni,"Sanya Malhotra, Abhimanyu Dasani, Shivkumar Subramaniam, Nivedita Bhargava",https://images.unsplash.com/photo-1489599849927-2ee91cede3ba?w=600&auto=format&fit=crop&q=80
tt1255951,De Dana Dan,2009,2000s,"Action, Comedy, Crime",141 min,141,"Courage, Heroism",Adrenaline Rush,Medium,Medium,6.7,Two down on their luck men tries to kidnap a wealthy businesswoman's dog to demand a hefty ransom from her. Things goes haywire when the dog goes missing.,Priyadarshan,"Akshay Kumar, Suniel Shetty, Katrina Kaif, Sameera Reddy",https://images.unsplash.com/photo-1489599849927-2ee91cede3ba?w=600&auto=format&fit=crop&q=80
tt3431714,Mastram,2013,2010s-2023,"Biography, Drama",155 min,155,"Human Conflict, Life Lessons",Inspiring,Medium,Medium,7.4,How a clerk became an erotica writer.,Akhilesh Jaiswal,"Rahul Bagga, Tara-Alisha Berry, Aakash Dahiya, Istiyak Khan",https://images.unsplash.com/photo-1489599849927-2ee91cede3ba?w=600&auto=format&fit=crop&q=80
tt2406676,Ek Thi Daayan,2013,2010s-2023,"Horror, Romance, Thriller",152 min,152,"Fear of Unknown, Survival",Tense & Thrilling,High,Medium,7.0,"When gifted magician Bobo finds himself assailed by hallucinations and seeks professional help, he learns he's being haunted by a sinister spirit.",Kannan Iyer,"Emraan Hashmi, Konkona Sen Sharma, Kalki Koechlin, Huma Qureshi",https://images.unsplash.com/photo-1489599849927-2ee91cede3ba?w=600&auto=format&fit=crop&q=80
tt2356426,Le Halua Le,2012,2010s-2023,"Comedy, Drama, Romance",158 min,158,"Romantic Love, Ambition & Triumph",Feel-good,Medium,Low,7.7,"Love's wires are crossed in this hilarious caper; strategems and misunderstandings abound as the young protagonists struggle to navigate their way through life, land jobs, and find a place to live.",Raja Chanda,"Laboni Sarkar, Payel Sarkar, Subhasish Mukherjee, Kharaj Mukherjee",https://images.unsplash.com/photo-1489599849927-2ee91cede3ba?w=600&auto=format&fit=crop&q=80
tt0120456,Virasat,1997,90s (1990-1999),"Action, Drama, Musical",154 min,154,"Friendship, Family Ties",Deep & Emotional,Medium,Low,6.7,"After completing his studies in London, England, Shakti Thakur returns home to India in a small town where his family resides. Accompanying him is his leggy girlfriend, Anita, who he is in ...                See full summary »",Priyadarshan,"Anil Kapoor, Tabu, Pooja Batra, Milind Gunaji",https://images.unsplash.com/photo-1489599849927-2ee91cede3ba?w=600&auto=format&fit=crop&q=80
tt8747548,Axone,2019,2010s-2023,"Comedy, Drama",140 min,140,"Friendship, Romantic Love",Feel-good,Medium,Low,8.1,"In Delhi, friends from Northeast India prepare a pungent delicacy for a wedding party, sparking conflict and comedy with their unaccustomed neighbors.",Nicholas Kharkongor,"Sayani Gupta, Lin Laishram, Jimpa Sangpo Bhutia, Tenzing Dalha",https://images.unsplash.com/photo-1489599849927-2ee91cede3ba?w=600&auto=format&fit=crop&q=80
tt0101616,Coolie No. 1,1995,90s (1990-1999),"Action, Comedy, Romance",146 min,146,Family Ties,Feel-good,Medium,Low,7.0,In order to avenge his insult against wealthy Hoshiarchand Choudhary; Pandit Shaadiram Gharjodhe asks Raju; a coolie by profession to masquerade as a wealthy business tycoon so that he can get marry to Choudhary's daughter Malti.,David Dhawan,"Govinda, Karisma Kapoor, Harish, Kanchan",https://images.unsplash.com/photo-1489599849927-2ee91cede3ba?w=600&auto=format&fit=crop&q=80
tt0137100,Maya,1993,90s (1990-1999),"Drama, Mystery, Romance",184 min,184,"Romantic Love, Crime & Justice",Tense & Thrilling,High,High,8.2,"A beautiful, wealthy woman's insatiable appetite for romance leads to tragedy and a police investigation.",Ketan Mehta,"Deepa Sahi, Farooq Shaikh, Raj Babbar, Shah Rukh Khan",https://images.unsplash.com/photo-1489599849927-2ee91cede3ba?w=600&auto=format&fit=crop&q=80
tt3495000,Mardaani,2014,2010s-2023,"Action, Crime, Drama",160 min,160,Crime & Justice,Adrenaline Rush,Medium,Medium,6.7,"A story of Shivani Shivaji Roy, Crime Branch, who sets out to confront the mastermind behind a child trafficking mafia.",Pradeep Sarkar,"Rani Mukerji, Jisshu Sengupta, Anant Vidhaat, Mona Ambegaonkar",https://images.unsplash.com/photo-1489599849927-2ee91cede3ba?w=600&auto=format&fit=crop&q=80
tt0499041,Kalyug,2005,2000s,"Action, Crime, Drama",155 min,155,Revenge,Adrenaline Rush,Medium,Medium,7.6,"A newly married couple is caught on camera during their honeymoon. When the wife commits suicide after the video is released on internet, the husband sets out to seek revenge.",Mohit Suri,"Kunal Kemmu, Deepal Shaw, Smiley Suri, Atul Parchure",https://images.unsplash.com/photo-1489599849927-2ee91cede3ba?w=600&auto=format&fit=crop&q=80
tt26762684,Yeh Shaadi Nahi Ho Sakti,2023,2010s-2023,Comedy,125 min,125,Romantic Love,Feel-good,Low,Low,7.7,Lovers Priya and Lakshman who can't get married till Priya's elder sister Pallavi does. Lakshman devises an elaborate plan where they hire an NRI groom to woo Pallavi.,Akarsh Khurana,"Prajakta Koli, Shikha Talsania, Chaitnya Sharma, Adhaar Khurana",https://images.unsplash.com/photo-1489599849927-2ee91cede3ba?w=600&auto=format&fit=crop&q=80
tt0378025,Hawayein,2003,2000s,"Drama, Romance",152 min,152,"Human Conflict, Life Lessons",Heartwarming,Medium,Low,8.2,"Set against the backdrop of the 1984 Sikh genocide, Hawayein is a 2003 film directed by Ammtoje Mann. The film is based on some real-life events and features the impact of Operation ...                See full summary »",Amitoj Mann,"Amitoj Mann, Babbu Mann, Aanandee Tripathi, Mukul Dev",https://images.unsplash.com/photo-1489599849927-2ee91cede3ba?w=600&auto=format&fit=crop&q=80
tt13723562,420 IPC,2021,2010s-2023,Crime,166 min,166,"Self-Discovery, Destiny",Deep & Emotional,Medium,Medium,6.7,"In this ZEE5 Original film, CA Keswani is arrested for bank fraud and forgery. Keswani hires Birbal, a lawyer, to fight his case, but Birbal realises that there's more to it than meets the eye.",Manish Gupta,"Rohan Mehra, Vinay Pathak, Ranvir Shorey, Gul Panag",https://images.unsplash.com/photo-1489599849927-2ee91cede3ba?w=600&auto=format&fit=crop&q=80
tt6843812,Baaghi 2,2018,2010s-2023,"Action, Crime, Drama",159 min,159,"Romantic Love, Family Ties, Patriotism & Honor",Adrenaline Rush,Medium,Medium,7.6,"A battle-hardened army officer squares off against drug lords and Russian henchmen to save his ex-lover's kidnapped daughter in the underbelly of Goa, India.",Ahmed Khan,"Disha Patani, Tiger Shroff, Jacqueline Fernandez, Randeep Hooda",https://images.unsplash.com/photo-1489599849927-2ee91cede3ba?w=600&auto=format&fit=crop&q=80
tt2609218,Ragini MMS 2,2014,2010s-2023,Horror,130 min,130,"Fear of Unknown, Survival",Tense & Thrilling,High,Low,6.9,A sleazy film director's decision to shoot his latest erotic horror movie in a notorious haunted house angers the vengeful spirit of its past inhabitant.,Bhushan Patel,"Sunny Leone, Saahil Prem, Parvin Dabas, Sandhya Mridul",https://images.unsplash.com/photo-1489599849927-2ee91cede3ba?w=600&auto=format&fit=crop&q=80
tt0118673,Bade Miyan Chote Miyan,1998,90s (1990-1999),"Action, Comedy, Musical",140 min,140,Crime & Justice,Feel-good,Medium,Low,7.5,"Arjun and Pyare Mohan are honest policemen who work together. Trouble follows when thieves Bade Miyan and Chote Miyan, look-alikes of Arjun and Pyare, commit crimes and the hapless duo are blamed for it.",David Dhawan,"Amitabh Bachchan, Govinda, Raveena Tandon, Ramya Krishnan",https://images.unsplash.com/photo-1489599849927-2ee91cede3ba?w=600&auto=format&fit=crop&q=80
tt0457802,The Blue Umbrella,2005,2000s,"Comedy, Drama, Family",183 min,183,"Humor, Misunderstandings",Feel-good,Medium,Low,7.0,"In a small village when a little girl's prescious umbrella is stolen, things goes wrong for a greedy tea seller who was very much interested in buying that umbrella from her.",Vishal Bhardwaj,"Pankaj Kapur, Shreya Sharma, Deepak Dobriyal, Rahul Kumar",https://images.unsplash.com/photo-1489599849927-2ee91cede3ba?w=600&auto=format&fit=crop&q=80
tt22152120,Operation Valentine,2023,2010s-2023,"Action, Drama, Thriller",157 min,157,Patriotism & Honor,Tense & Thrilling,Medium,Medium,7.7,"Operation Valentine is a patriotic, edge-of-the-seat entertainer and will showcase our Air Force heroes on the front-lines and the challenges they faced as they fought one of the biggest, fiercest aerial attacks that India has ever seen.",Shakti Pratap Singh,"Manushi Chhillar, Varun Tej",https://images.unsplash.com/photo-1489599849927-2ee91cede3ba?w=600&auto=format&fit=crop&q=80
tt1375789,Race 2,2013,2010s-2023,"Action, Crime, Thriller",155 min,155,"Romantic Love, Crime & Justice",Tense & Thrilling,High,Medium,7.9,Ranvir treads through the world of the Indian mafia in Turkey as he looks to avenge the death of his lover and partner in crime.,"Abbas Alibhai Burmawalla, Mastan Alibhai Burmawalla","Saif Ali Khan, Anil Kapoor, John Abraham, Deepika Padukone",https://images.unsplash.com/photo-1489599849927-2ee91cede3ba?w=600&auto=format&fit=crop&q=80
tt4485366,Monsoon,2015,2010s-2023,"Comedy, Drama, Romance",159 min,159,Romantic Love,Feel-good,Medium,Low,7.7,The movie revolves around the story of a 15 year old guy who falls in love with a 28 year old lady. The lady is now a widow as her husband who was a forest officer died while he was on duty...                See full summary »,Suzad Iqbal Khan,"Shawar Ali, Pandiit GGaaurav Gautam, Pramod Goswami, Raja Gulati",https://images.unsplash.com/photo-1489599849927-2ee91cede3ba?w=600&auto=format&fit=crop&q=80
tt1703958,Ek Main Aur Ekk Tu,2012,2010s-2023,"Comedy, Drama, Romance",151 min,151,"Friendship, Romantic Love",Feel-good,Medium,Low,7.7,A few drinks too many leads an uptight architect and quick-witted hairstylist to marry in Las Vegas. Can a mistake lead to friendship and love?,Shakun Batra,"Kareena Kapoor, Zenobia Shroff, Imran Khan, Boman Irani",https://images.unsplash.com/photo-1489599849927-2ee91cede3ba?w=600&auto=format&fit=crop&q=80
tt0250690,Refugee,2000,2000s,"Drama, Musical, Romance",146 min,146,"Romantic Love, Family Ties",Heartwarming,Medium,Low,7.6,A young man who smuggles illegal weapons and people back and forth over the borders between India and Pakistan falls in love with a young woman whose family he helped.,J.P. Dutta,"Jackie Shroff, Suniel Shetty, Abhishek Bachchan, Kareena Kapoor",https://images.unsplash.com/photo-1489599849927-2ee91cede3ba?w=600&auto=format&fit=crop&q=80
tt9248934,Marjaavaan,2019,2010s-2023,"Action, Drama, Romance",150 min,150,"Courage, Heroism",Heartwarming,Medium,Low,7.5,Raghu and Zoya are enjoying their lives together until a gang leader with harmful intentions turns their world upside down.,Milap Zaveri,"Riteish Deshmukh, Sidharth Malhotra, Tara Sutaria, Rakul Preet Singh",https://images.unsplash.com/photo-1489599849927-2ee91cede3ba?w=600&auto=format&fit=crop&q=80
tt27431598,Bramayugam,2024,2024-Latest,"Horror, Thriller",138 min,138,"Fear of Unknown, Survival",Tense & Thrilling,High,Medium,7.3,Add a Plot,Rahul Sadasivan,"Mammootty, Arjun Ashokan, Amalda Liz, Sidharth Bharathan",https://images.unsplash.com/photo-1489599849927-2ee91cede3ba?w=600&auto=format&fit=crop&q=80
tt4500734,Ek Paheli Leela,2015,2010s-2023,"Mystery, Romance, Thriller",152 min,152,Romantic Love,Tense & Thrilling,Medium,High,8.3,"Two lovers, having been denied true love 300 years ago, are reincarnated in order to correct that wrong.",Bobby Khan,"Sunny Leone, Rahul Dev, Mohit Ahlawat, Jay Bhanushali",https://images.unsplash.com/photo-1489599849927-2ee91cede3ba?w=600&auto=format&fit=crop&q=80
tt1455816,Prince,2010,2010s-2023,"Action, Sci-Fi, Thriller",154 min,154,"Courage, Heroism",Tense & Thrilling,Medium,High,6.6,A wanted thief races against time to find an antique coin after he commits the biggest heist of his life and wakes up the next day with no memories.,Kookie Gulati,"Vivek Oberoi, Isaiah, Aruna Shields, Nandana Sen",https://images.unsplash.com/photo-1489599849927-2ee91cede3ba?w=600&auto=format&fit=crop&q=80
tt13540894,My Friend Ganesha 4,2020,2010s-2023,Comedy,150 min,150,"Humor, Misunderstandings",Feel-good,Low,Low,7.2,Add a Plot,Shakti Samanta,"Rajesh Khanna, Hema Malini, Prem Chopra, Govardhan Asrani",https://images.unsplash.com/photo-1489599849927-2ee91cede3ba?w=600&auto=format&fit=crop&q=80
tt1242782,Luck,2009,2000s,"Action, Adventure, Drama",137 min,137,"Courage, Heroism",Deep & Emotional,Medium,Low,6.8,"An underworld kingpin recruits people endowed with 'Luck' from across the globe to take part in a series of challenges designed to test their 'Luck' factor, as gamblers around the world bet on them.",Soham Shah,"Mithun Chakraborty, Sanjay Dutt, Imran Khan, Ravi Kishan",https://images.unsplash.com/photo-1489599849927-2ee91cede3ba?w=600&auto=format&fit=crop&q=80
tt0222270,Phir Bhi Dil Hai Hindustani,2000,2000s,"Comedy, Drama, Musical",169 min,169,Family Ties,Feel-good,High,Low,6.5,"In order to seek justice for a man who exacts vengeance on a politician, who was responsible for his daughter's death, two rival reporters teams up to help him to prove his innocence.",Aziz Mirza,"Shah Rukh Khan, Juhi Chawla, Johny Lever, Paresh Rawal",https://images.unsplash.com/photo-1489599849927-2ee91cede3ba?w=600&auto=format&fit=crop&q=80
tt2476154,Grand Masti,2013,2010s-2023,"Comedy, Drama, Thriller",137 min,137,Friendship,Feel-good,Medium,Medium,7.6,"Meet, Prem, and Amar look to have a blast at their college reunion, though they soon find themselves in another predicament.",Indra Kumar,"Riteish Deshmukh, Vivek Oberoi, Aftab Shivdasani, Karishma Tanna",https://images.unsplash.com/photo-1489599849927-2ee91cede3ba?w=600&auto=format&fit=crop&q=80
tt0140399,Muthu,1995,90s (1990-1999),"Action, Comedy, Drama",143 min,143,Secrets & Deception,Feel-good,Medium,Low,8.3,"The movie is about a loyal servant, Muthu (Rajni), working for Zamindar Malayasimman (Sarath Babu) and the cunning plans by the uncle of Malasimman to capture the whole wealth which uncovers some mystery about Muthu.",K.S. Ravikumar,"Rajinikanth, Meena, Sarath Babu, Senthil",https://images.unsplash.com/photo-1489599849927-2ee91cede3ba?w=600&auto=format&fit=crop&q=80
tt9313004,Coat,2023,2010s-2023,"Drama, Family",176 min,176,Family Ties,Deep & Emotional,Medium,Low,6.8,"Madho and his father are pig farmers, of a low caste are not respected by the other villagers. One day he sees a foreigner being respected and because of his expensive coat. Determined Madho tries to acquire a coat that he cannot afford.","Akshay Ditti, Kumar Abhishek","Sanjay Mishra, Vivaan Shah, Sonal Jha, Pooja Pandey",https://images.unsplash.com/photo-1489599849927-2ee91cede3ba?w=600&auto=format&fit=crop&q=80
tt0374660,Footpath,2003,2000s,"Action, Crime, Drama",170 min,170,"Friendship, Family Ties, Crime & Justice",Adrenaline Rush,High,Medium,7.0,"Two friends of a man help him avenge his father's death. Years later, he reunites with his friends who have now become criminals. What they don't know, is that he is now an undercover cop.",Vikram Bhatt,"Aftab Shivdasani, Bipasha Basu, Rahul Dev, Emraan Hashmi",https://images.unsplash.com/photo-1489599849927-2ee91cede3ba?w=600&auto=format&fit=crop&q=80
tt5743888,Julie 2,2017,2010s-2023,"Drama, Romance, Thriller",155 min,155,"Human Conflict, Life Lessons",Tense & Thrilling,Medium,Medium,8.2,"A simple girl rises to be a big star, but the story of her success is not without its dark side.",Deepak S. Shivdasani,"Nishikant Kamat, Raai Laxmi, Rati Agnihotri, Ravi Kishan",https://images.unsplash.com/photo-1489599849927-2ee91cede3ba?w=600&auto=format&fit=crop&q=80
tt0104607,Khuda Gawah,1992,90s (1990-1999),"Action, Adventure, Drama",166 min,166,Romantic Love,Deep & Emotional,Medium,Low,7.9,"Baadshah Khan falls in love with Benazir, a member of a rival clan who has defeated him in a game of buzkashi.",Mukul Anand,"Amitabh Bachchan, Sridevi, Nagarjuna Akkineni, Shilpa Shirodkar",https://images.unsplash.com/photo-1489599849927-2ee91cede3ba?w=600&auto=format&fit=crop&q=80
tt0985636,Laaga Chunari Mein Daag: Journey of a Woman,2007,2000s,"Drama, Family, Romance",162 min,162,Ambition & Triumph,Heartwarming,Medium,Low,7.4,A small town girl lands in big bad Mumbai to earn an honest living but faces a confrontation she would've never dreamt of in her wildest dreams.,Pradeep Sarkar,"Rani Mukerji, Jaya Bachchan, Konkona Sen Sharma, Kunal Kapoor",https://images.unsplash.com/photo-1489599849927-2ee91cede3ba?w=600&auto=format&fit=crop&q=80
tt8427036,Helicopter Eela,2018,2010s-2023,Drama,151 min,151,"Family Ties, Ambition & Triumph",Deep & Emotional,Medium,Low,6.7,"Eela Raiturkar, an aspiring singer, gives up on her career after her husband abandons her and their son, Vivaan. However, years later, he encourages his mother to pursue her dream.",Pradeep Sarkar,"Kajol, Riddhi Sen, Tota Roy Chowdhury, Neha Dhupia",https://images.unsplash.com/photo-1489599849927-2ee91cede3ba?w=600&auto=format&fit=crop&q=80
tt0444840,Humko Deewana Kar Gaye,2006,2000s,"Drama, Romance",156 min,156,"Romantic Love, Family Ties",Heartwarming,Medium,Low,6.7,"Aditya an engineer, travels to Canada for training. There he meets Jia a beautiful woman from an influential family. Fate keeps pushing the pair together, and even though both are already betrothed to others, Adi and Jia fall in love.",Raj Kanwar,"Akshay Kumar, Katrina Kaif, Bipasha Basu, Bhagyashree Patwardhan",https://images.unsplash.com/photo-1489599849927-2ee91cede3ba?w=600&auto=format&fit=crop&q=80
tt0352314,Ek Hasina Thi,2004,2000s,"Crime, Drama, Mystery",166 min,166,"Revenge, Romantic Love, Family Ties, Crime & Justice",Tense & Thrilling,Medium,High,7.1,"A woman falls for a charming and mysterious businessman. The whirlwind romance turns sour when she is framed for his underworld crimes. Now, finally out of prison she is ready for sweet revenge.",Sriram Raghavan,"Saif Ali Khan, Urmila Matondkar, Seema Biswas, Aditya Srivastav",https://images.unsplash.com/photo-1489599849927-2ee91cede3ba?w=600&auto=format&fit=crop&q=80
tt7690638,Soorma,2018,2010s-2023,"Biography, Drama, Sport",176 min,176,Romantic Love,Inspiring,High,Medium,7.0,"Soorma is the story of the triumph of the human spirit, about a player, who made headlines for his miraculous comeback after facing a near death experience through sheer determination, hard work and unrelenting passion for the sport.",Shaad Ali,"Diljit Dosanjh, Taapsee Pannu, Angad Bedi, Vijay Raaz",https://images.unsplash.com/photo-1489599849927-2ee91cede3ba?w=600&auto=format&fit=crop&q=80
tt10687220,Nikamma,2022,2010s-2023,"Action, Comedy, Drama",141 min,141,Ambition & Triumph,Feel-good,Medium,Low,6.7,A lazy slacker struggles to get along with his diligent sister-in-law - until they must step up and fight together against a common enemy.,Sabir Khan,"Abhimanyu Dasani, Shilpa Shetty Kundra, Shirley Setia, Samir Soni",https://images.unsplash.com/photo-1489599849927-2ee91cede3ba?w=600&auto=format&fit=crop&q=80
tt4857886,Do Lafzon Ki Kahani,2016,2010s-2023,"Action, Drama, Romance",165 min,165,"Courage, Heroism",Heartwarming,Medium,Low,7.9,Centered on ex-mixed martial arts artist Sooraj (Randeep Hooda) and sculptor artist Jenny (Kajal Aggarwal). Their fate intertwines when their past are revealed in their blooming relationship.,Deepak Tijori,"Kajal Aggarwal, Anil George, Randeep Hooda, Snehal Kulshreshtha",https://images.unsplash.com/photo-1489599849927-2ee91cede3ba?w=600&auto=format&fit=crop&q=80
tt2615584,Phata Poster Nikhla Hero,2013,2010s-2023,"Action, Comedy, Crime",146 min,146,"Family Ties, Crime & Justice",Adrenaline Rush,Medium,Medium,8.3,Vishwas Rao is raised by his mother who wants him to become a police officer while he wants to become an actor.,Rajkumar Santoshi,"Shahid Kapoor, Ileana D'Cruz, Padmini Kolhapure, Mukesh Tiwari",https://images.unsplash.com/photo-1489599849927-2ee91cede3ba?w=600&auto=format&fit=crop&q=80
tt6903440,Manikarnika: The Queen of Jhansi,2019,2010s-2023,"Action, Biography, Drama",152 min,152,Patriotism & Honor,Inspiring,Medium,Medium,6.5,"Story of Rani Lakshmibai, one of the leading figures of the Indian Rebellion of 1857, and her resistance to the British Rule.","Radha Krishna Jagarlamudi, Kangana Ranaut","Kangana Ranaut, Danny Denzongpa, Suresh Oberoi, Atul Kulkarni",https://images.unsplash.com/photo-1489599849927-2ee91cede3ba?w=600&auto=format&fit=crop&q=80
tt21835934,August 16 1947,2023,2010s-2023,"Action, Drama",166 min,166,"Courage, Heroism",Deep & Emotional,Medium,Low,7.9,The tale of a remote village where one man battles British forces,N.S. Ponkumar,"Gautham Karthik, Revathy, Pugazh, Madhusudhan Rao",https://images.unsplash.com/photo-1489599849927-2ee91cede3ba?w=600&auto=format&fit=crop&q=80
tt3044882,Nasha,2013,2010s-2023,"Drama, Thriller",166 min,166,"Human Conflict, Life Lessons",Tense & Thrilling,Medium,Medium,7.9,"A teenage boy becomes smitten with his new drama teacher and pursues her, despite the perilous risks of being found out.",Amit Saxena,"Poonam Pandey, Shivam Patil, Vishal Bhonsle, Mohit Chauhan",https://images.unsplash.com/photo-1489599849927-2ee91cede3ba?w=600&auto=format&fit=crop&q=80
tt5717110,Tum Bin 2,2016,2010s-2023,"Drama, Romance",161 min,161,Romantic Love,Heartwarming,Medium,Low,6.5,"After a skiing accident, Taran thinks her fiance is dead and grieves for months. Soon, Shekhar enters her life, helps her rediscover happiness, and falls in love with her.","Md. Shahnause, Anubhav Sinha, Peter Pedrero","Neha Sharma, Aditya Seal, Aashim Gulati, Mouni Roy",https://images.unsplash.com/photo-1489599849927-2ee91cede3ba?w=600&auto=format&fit=crop&q=80
tt0105500,Suryavanshi,1992,90s (1990-1999),"Action, Fantasy, Horror",158 min,158,"Courage, Heroism",Tense & Thrilling,High,Low,6.7,An archaeologist unearths an underground palace at Sangramgarh. The locals are afraid of what will happen if they start digging and would like to leave the past alone. It turns out their fears we confounded.,Rakesh Kumar,"Salman Khan, Amrita Singh, Sheeba Agarwal, Saeed Jaffrey",https://images.unsplash.com/photo-1489599849927-2ee91cede3ba?w=600&auto=format&fit=crop&q=80
tt2357489,Zanjeer,2013,2010s-2023,"Action, Crime, Drama",152 min,152,"Courage, Heroism",Adrenaline Rush,Medium,Medium,8.2,ACP Vijay Khanna is transferred to Mumbai where he will have do deal with the oil mafia led by Rudra Pratap Teja.,Apoorva Lakhia,"Ram Charan, Priyanka Chopra Jonas, Sanjay Dutt, Prakash Raj",https://images.unsplash.com/photo-1489599849927-2ee91cede3ba?w=600&auto=format&fit=crop&q=80
tt11691696,Shukranu,2020,2010s-2023,Drama,130 min,130,Romantic Love,Deep & Emotional,Medium,Low,7.7,"Set in Delhi/UP/Haryana, SHUKRANU is a comic take on the darkest phases of Indian democracy through the encounters of a would-be groom who is forcefully sterilized just days before his much-awaited marriage.",Bishnu Dev Halder,"Divyendu Sharma, Shweta Basu Prasad, Sheetal Thakur, Aakkash Dabhade",https://images.unsplash.com/photo-1489599849927-2ee91cede3ba?w=600&auto=format&fit=crop&q=80
tt24226474,Jigarthanda DoubleX,2023,2010s-2023,"Action, Comedy, Drama",164 min,164,"Courage, Heroism",Feel-good,Medium,Low,8.1,Add a Plot,Karthik Subbaraj,"S.J. Suryah, Nimisha Sajayan, Raghava Lawrence",https://images.unsplash.com/photo-1489599849927-2ee91cede3ba?w=600&auto=format&fit=crop&q=80
tt2357926,Ramaiya Vastavaiya,2013,2010s-2023,"Action, Drama, Romance",137 min,137,"Romantic Love, Family Ties",Heartwarming,Medium,Low,7.7,"Ram falls in love with Sona, who lives on the fields of Punjab. He follows her to her farm, where her elder brother challenges him to produce more seed on their fields. If he wins, he will be allowed to marry her.",Prabhu Deva,"Shruti Haasan, Girish Taurani, Sonu Sood, Vinod Khanna",https://images.unsplash.com/photo-1489599849927-2ee91cede3ba?w=600&auto=format&fit=crop&q=80
tt0248617,Yaadein...,2001,2000s,"Musical, Drama, Romance",180 min,180,"Romantic Love, Family Ties",Heartwarming,Medium,Low,7.0,"Raj is against love marriages and when his daughter Isha falls in love with Ronit Malhotra, he opposes their relationship. Will Ronit and Isha sacrifice their love for the sake of their parents or will they manage to convince them?",Subhash Ghai,"Hrithik Roshan, Jackie Shroff, Kareena Kapoor, Amrish Puri",https://images.unsplash.com/photo-1489599849927-2ee91cede3ba?w=600&auto=format&fit=crop&q=80
tt10288820,Chhota Bheem Kung Fu Dhamaka,2019,2010s-2023,"Animation, Action, Adventure",160 min,160,"Friendship, Patriotism & Honor",Deep & Emotional,Medium,Low,6.9,"Chhota Bheem and his friends decide to participate in the annual martial arts competition held at China, where the country's princess gets kidnapped by an evil demon Zuhu.","Rajiv Chilaka, Binayak Das","Urvi Ashar, Asif Ali Beig, Jigna Bhardwaj, Rupa Bhimani",https://images.unsplash.com/photo-1489599849927-2ee91cede3ba?w=600&auto=format&fit=crop&q=80
tt5543746,Maatr,2017,2010s-2023,Thriller,153 min,153,"Revenge, Family Ties",Tense & Thrilling,High,Medium,7.6,"Vidya, who's left shattered after her daughter Tia's murder, seeks vengeance by fighting the broken justice and criminal system.",Ashtar Sayed,"Raveena Tandon, Siddharth Bhardwaj, Madhur Mittal, Piyush Kaushik",https://images.unsplash.com/photo-1489599849927-2ee91cede3ba?w=600&auto=format&fit=crop&q=80
tt0813996,Alag: He Is Different.... He Is Alone...,2006,2000s,"Action, Drama, Fantasy",137 min,137,Secrets & Deception,Mind-bending & Epic,Medium,Low,7.4,An odd orphan boy is forced to use his secret super powers when his new classmates bully him. A scientist abducts him to use the boy's powers for his own evil gains.,Asshu Trikha,"Akshay Kapoor, Dia Mirza, Yatin Karyekar, Jayant Kripalani",https://images.unsplash.com/photo-1489599849927-2ee91cede3ba?w=600&auto=format&fit=crop&q=80
tt1043451,Delhi-6,2009,2000s,Drama,133 min,133,"Human Conflict, Life Lessons",Deep & Emotional,Medium,Low,6.7,"In the ancient walled city of Delhi, an American-born Indian finds himself on an unexpected inner journey as he learns about himself and his roots.",Rakeysh Omprakash Mehra,"Waheeda Rehman, Abhishek Bachchan, Sonam Kapoor, Rishi Kapoor",https://images.unsplash.com/photo-1489599849927-2ee91cede3ba?w=600&auto=format&fit=crop&q=80
tt0220832,Vaastav: The Reality,1999,90s (1990-1999),"Action, Crime, Drama",150 min,150,Crime & Justice,Adrenaline Rush,Medium,Medium,7.7,Consequences force an innocent man to get involved in crime after making an error.,Mahesh Manjrekar,"Sanjay Dutt, Namrata Shirodkar, Reema Lagoo, Shivaji Satam",https://images.unsplash.com/photo-1489599849927-2ee91cede3ba?w=600&auto=format&fit=crop&q=80
tt1773764,Ship of Theseus,2012,2010s-2023,Drama,131 min,131,"Human Conflict, Life Lessons",Deep & Emotional,High,High,7.0,"The film explores questions of identity, justice, beauty, meaning and death through an experimental photographer, an ailing monk and a young stockbroker.",Anand Gandhi,"Aydah El-Kashef, Yogesh Shah, Faraz Khan, Hannan Youssef",https://images.unsplash.com/photo-1489599849927-2ee91cede3ba?w=600&auto=format&fit=crop&q=80
tt0495034,Golmaal: Fun Unlimited,2006,2000s,"Action, Comedy, Drama",161 min,161,"Courage, Heroism",Feel-good,Medium,Low,6.7,Four runaway crooks take shelter in a bungalow which is owned by a blind couple.,Rohit Shetty,"Ajay Devgn, Arshad Warsi, Sharman Joshi, Tusshar Kapoor",https://images.unsplash.com/photo-1489599849927-2ee91cede3ba?w=600&auto=format&fit=crop&q=80
tt0498351,The Hero of Color City,2014,2010s-2023,"Animation, Adventure, Family",171 min,171,"Self-Discovery, Destiny",Deep & Emotional,Medium,Low,6.9,A diverse band of crayons strive to protect not only their magical multihued homeland but the imagination of children everywhere from a terrifying monster.,Frank Gladstone,"Owen Wilson, Christina Ricci, Rosie Perez, Wayne Brady",https://images.unsplash.com/photo-1489599849927-2ee91cede3ba?w=600&auto=format&fit=crop&q=80
tt0114230,Raja,1995,90s (1990-1999),"Action, Comedy, Drama",138 min,138,"Romantic Love, Family Ties",Feel-good,Medium,Low,7.0,"Raja and Madhu fall in love and decide to get married. However, her brothers are against the alliance and devise a plan to drive the two apart.",Indra Kumar,"Sanjay Kapoor, Madhuri Dixit, Mukesh Khanna, Dalip Tahil",https://images.unsplash.com/photo-1489599849927-2ee91cede3ba?w=600&auto=format&fit=crop&q=80
tt0451787,Kyon Ki...,2005,2000s,"Drama, Romance",151 min,151,Romantic Love,Heartwarming,Medium,Low,6.7,"After learning the sad truth about a patient, a female psychiatrist falls in love with him.",Priyadarshan,"Salman Khan, Kareena Kapoor, Rimi Sen, Jackie Shroff",https://images.unsplash.com/photo-1489599849927-2ee91cede3ba?w=600&auto=format&fit=crop&q=80
tt11651780,Choked: Paisa Bolta Hai,2020,2010s-2023,Drama,138 min,138,"Ambition & Triumph, Secrets & Deception",Deep & Emotional,Medium,Low,8.1,A bank employee weighed down by her jobless husband's debts - and her own broken dreams - finds a secret source of seemingly unlimited cash in her home.,Anurag Kashyap,"Saiyami Kher, Roshan Mathew, Amruta Subhash, Upendra Limaye",https://images.unsplash.com/photo-1489599849927-2ee91cede3ba?w=600&auto=format&fit=crop&q=80
tt4906984,Azhar,2016,2010s-2023,"Biography, Drama, Sport",182 min,182,"Human Conflict, Life Lessons",Inspiring,Medium,Medium,7.2,"Biographical sports drama based on the life of former Indian international cricketer, Mohammad Azharuddin",Anthony D'Souza,"Emraan Hashmi, Nargis Fakhri, Prachi Desai, Lara Dutta",https://images.unsplash.com/photo-1489599849927-2ee91cede3ba?w=600&auto=format&fit=crop&q=80
tt8983166,Panga,2020,2010s-2023,"Drama, Sport",153 min,153,"Romantic Love, Family Ties, Ambition & Triumph",Deep & Emotional,Medium,Low,7.1,"Panga is inspired by the life of a National-level Kabbadi player from India. It follows her triumphs, struggle, and overcoming of stereotypes. It shows how important family love and support is for success.",Ashwiny Iyer Tiwari,"Kangana Ranaut, Jassie Gill, Richa Chadha, Neena Gupta",https://images.unsplash.com/photo-1489599849927-2ee91cede3ba?w=600&auto=format&fit=crop&q=80
tt0443208,Rog,2005,2000s,"Mystery, Romance, Thriller",139 min,139,"Revenge, Romantic Love, Secrets & Deception",Tense & Thrilling,High,High,8.2,A lonely and insomniac detective falls in love with a dead woman whose murder he is investigating.,Himanshu Brahmbhatt,"Irrfan Khan, Ilene Hamann, Himanshu Malik, Suhel Seth",https://images.unsplash.com/photo-1489599849927-2ee91cede3ba?w=600&auto=format&fit=crop&q=80
tt1727496,Dil Toh Baccha Hai Ji,2011,2010s-2023,"Comedy, Drama, Romance",162 min,162,Romantic Love,Feel-good,Medium,Low,7.8,Three roommates are in search of true love. They each find a girl with whom they fall head over heels in love with. Now they just have to get the women to reciprocate.,Madhur Bhandarkar,"Ajay Devgn, Emraan Hashmi, Omi Vaidya, Shazahn Padamsee",https://images.unsplash.com/photo-1489599849927-2ee91cede3ba?w=600&auto=format&fit=crop&q=80
tt0390614,Waqt: The Race Against Time,2005,2000s,"Comedy, Drama, Family",174 min,174,"Family Ties, Patriotism & Honor",Feel-good,Medium,Low,8.1,"Ishwar Chandra Thakur is living the good life, content with his loving wife Sumitra and son Adiya. There is but one thing which gradually comes to annoy Ishwar: his son's laziness and dependency on his father.",Vipul Amrutlal Shah,"Amitabh Bachchan, Akshay Kumar, Priyanka Chopra Jonas, Shefali Shah",https://images.unsplash.com/photo-1489599849927-2ee91cede3ba?w=600&auto=format&fit=crop&q=80
tt15163896,Kasethan Kadavulada,2023,2010s-2023,"Comedy, Drama",132 min,132,"Friendship, Family Ties",Feel-good,Medium,Low,7.8,"A young man, his cousin and a friend stealing money from his stingy stepmother.",R. Kannan,"Shiva, Priya Anand, Yogi Babu, Yogi Devaraj",https://images.unsplash.com/photo-1489599849927-2ee91cede3ba?w=600&auto=format&fit=crop&q=80
tt0156659,Jurm,1990,90s (1990-1999),"Action, Crime, Romance",162 min,162,"Family Ties, Crime & Justice",Adrenaline Rush,High,Medium,8.0,"Police Inspector Shekhar Varma lives in Khar, Bombay, along with his wife, Meena, and a school-going daughter. His office is notified that Editor Ritesh Nandy has received death threats as ...                See full summary »",Mahesh Bhatt,"Vinod Khanna, Meenakshi Sheshadri, Sangeeta Bijlani, Shafi Inamdar",https://images.unsplash.com/photo-1489599849927-2ee91cede3ba?w=600&auto=format&fit=crop&q=80
tt20201666,Who Am I,2023,2010s-2023,Drama,147 min,147,"Human Conflict, Life Lessons",Deep & Emotional,Medium,Low,6.7,"Based on the critically acclaimed novel KO aham By AshokJamnani, The story is set in a small town based on the banks of the river Narmada. Bhavitavya, a philosophy student who is currently ...                See full summary »",Shireesh Khemariya,"Gaurav Kamble, Rishika Chandani, Mayank Jadhav, Subeer Kasali",https://images.unsplash.com/photo-1489599849927-2ee91cede3ba?w=600&auto=format&fit=crop&q=80
tt0206067,Kachche Dhaage,1999,90s (1990-1999),"Action, Drama, Thriller",149 min,149,Family Ties,Tense & Thrilling,Medium,Medium,6.8,Two stepbrothers who loathe each other have to work together to avoid being framed for terrorist activities.,Milan Luthria,"Ajay Devgn, Saif Ali Khan, Manisha Koirala, Namrata Shirodkar",https://images.unsplash.com/photo-1489599849927-2ee91cede3ba?w=600&auto=format&fit=crop&q=80
tt0305455,Pitaah,2002,2000s,"Action, Drama",137 min,137,Family Ties,Deep & Emotional,Medium,Low,7.1,Thakur Avadh Narayan Singh rules Shekhapur village.Due to his fear villagers don't dare to go against him for his wrong doings.His son Bhola and Bacchu are also to follow his part who spend...                See full summary »,Mahesh Manjrekar,"Sanjay Dutt, Nandita Das, Sachin Khedekar, Tanvi Hegde",https://images.unsplash.com/photo-1489599849927-2ee91cede3ba?w=600&auto=format&fit=crop&q=80
tt6173826,Guest iin London,2017,2010s-2023,Comedy,144 min,144,Ambition & Triumph,Feel-good,Low,Low,6.8,"A young couple in London struggle to live with their estranged aunt and uncle, who overstay their welcome.",Ashwani Dhir,"Kartik Aaryan, Kriti Kharbanda, Paresh Rawal, Tanvi Azmi",https://images.unsplash.com/photo-1489599849927-2ee91cede3ba?w=600&auto=format&fit=crop&q=80
tt2861320,Policegiri,2013,2010s-2023,"Action, Comedy, Crime",170 min,170,"Courage, Heroism",Adrenaline Rush,Medium,Medium,6.6,DCP Rudra faces a bunch of challenges after he locks horns with a notorious criminal Nagori Subramanium.,K.S. Ravikumar,"Sanjay Dutt, Prachi Desai, Prakash Raj, Om Puri",https://images.unsplash.com/photo-1489599849927-2ee91cede3ba?w=600&auto=format&fit=crop&q=80
tt13761284,Shaakuntalam,2023,2010s-2023,"Drama, Fantasy, Romance",150 min,150,"Romantic Love, Family Ties",Heartwarming,Medium,Low,7.5,"The love story of King Dushyantha and Shakuntala, daughter of sage Vishwamitra and nymph Menaka. Due to a sage's curse, Dushyant forgets all about Shakuntala, until destiny brings them together again.",Gunasekhar,"Samantha Ruth Prabhu, Dev Mohan, Mohan Babu, Aditi Balan",https://images.unsplash.com/photo-1489599849927-2ee91cede3ba?w=600&auto=format&fit=crop&q=80
tt3173910,Hasee Toh Phasee,2014,2010s-2023,"Comedy, Romance",150 min,150,"Humor, Misunderstandings",Feel-good,Low,Low,7.9,"Nikhil is re-introduced to Meeta nearly ten years after their first meeting. Now, as Nikhil has one week to prove himself worth enough to marry Meeta's sister Karishma, the old acquaintances become quite close to each other.",Vinil Mathew,"Sidharth Malhotra, Parineeti Chopra, Adah Sharma, Manoj Joshi",https://images.unsplash.com/photo-1489599849927-2ee91cede3ba?w=600&auto=format&fit=crop&q=80
tt9688874,Tiger Nageswara Rao,2023,2010s-2023,"Action, Biography, Crime",166 min,166,"Family Ties, Crime & Justice, Patriotism & Honor",Adrenaline Rush,Medium,Medium,6.7,"A legendary real-life robber of Stuartpuram, Andhra Pradesh called Tiger Nageswara Rao in the 1970s, who was noted for his ingenious ways of evading the police and prison.",Vamsee,"Anupam Kher, John Abraham, Karthi, Ravi Teja",https://images.unsplash.com/photo-1489599849927-2ee91cede3ba?w=600&auto=format&fit=crop&q=80
tt5197544,Baar Baar Dekho,2016,2010s-2023,"Action, Comedy, Drama",158 min,158,Patriotism & Honor,Feel-good,Medium,Low,7.0,The highs and lows of a romantic relationship are examined through flashbacks and flash-forwards.,Nitya Mehra,"Sidharth Malhotra, Katrina Kaif, Sayani Gupta, Kirti Adarkar",https://images.unsplash.com/photo-1489599849927-2ee91cede3ba?w=600&auto=format&fit=crop&q=80
tt4756264,Doodhwali,2007,2000s,Drama,160 min,160,"Human Conflict, Life Lessons",Deep & Emotional,Medium,Low,6.8,Add a Plot,Suresh Jain,"Tanveer, Kanchan, Abu Khan, Shiri Khan",https://images.unsplash.com/photo-1489599849927-2ee91cede3ba?w=600&auto=format&fit=crop&q=80
tt0451919,Socha Na Tha,2005,2000s,"Comedy, Drama, Romance",170 min,170,"Friendship, Romantic Love, Secrets & Deception",Feel-good,Medium,Low,7.7,"A boy is forced meet a girl for an arranged marriage but even though he refuses the match, they secretly become friends. As things get complicated and both get engaged to different people they realize they've fallen in love with each other.",Imtiaz Ali,"Abhay Deol, Ayesha Takia, Ayesha Jhulka, Apoorva Jha",https://images.unsplash.com/photo-1489599849927-2ee91cede3ba?w=600&auto=format&fit=crop&q=80
tt0119760,Naseeb,1998,90s (1990-1999),"Comedy, Drama, Romance",146 min,146,Romantic Love,Feel-good,Medium,Low,8.3,"Poor Krishna Prasad and Pooja are in love and would like to marry each other. But Pooja's dad, Din Dayal, wants her to marry a wealthier man, and rejects Krishna. Krishna agrees to acquire ...                See full summary »",Kirti Kumar,"Govinda, Mamta Kulkarni, Saeed Jaffrey, Ajit Vachani",https://images.unsplash.com/photo-1489599849927-2ee91cede3ba?w=600&auto=format&fit=crop&q=80
tt15387190,Veera Simha Reddy,2023,2010s-2023,"Action, Drama",154 min,154,"Revenge, Family Ties",Deep & Emotional,Medium,Low,7.8,"Veera Simha Reddy is a revered man in a village and his son Jai Simha Reddy settles in the USA. When his father gets killed in the village politics, Jai Simha returns to India and takes revenge on who killed his father.",Gopichand Malineni,"Nandamuri Balakrishna, Shruti Haasan, Honey Rose, Duniya Vijay",https://images.unsplash.com/photo-1489599849927-2ee91cede3ba?w=600&auto=format&fit=crop&q=80
tt10761694,Tadap,2021,2010s-2023,"Action, Drama, Romance",165 min,165,Romantic Love,Heartwarming,Medium,Low,7.5,Unforeseen circumstances threaten the passionate relationship between star-crossed lovers.,Milan Luthria,"Ahan Shetty, Tara Sutaria, Saurabh Shukla, Kumud Mishra",https://images.unsplash.com/photo-1489599849927-2ee91cede3ba?w=600&auto=format&fit=crop&q=80
tt1738293,Khichdi: The Movie,2010,2010s-2023,"Comedy, Family",167 min,167,Romantic Love,Feel-good,Low,Low,7.7,"In order to immortalize his love, a groom decides to create conflict between his and his to-be bride's families.",Aatish Kapadia,"Anang Desai, Supriya Pathak, Rajeev Mehta, Nimisha Vakharia",https://images.unsplash.com/photo-1489599849927-2ee91cede3ba?w=600&auto=format&fit=crop&q=80
tt0259877,Bandh Darwaza,1990,90s (1990-1999),"Action, Drama, Horror",163 min,163,Family Ties,Tense & Thrilling,High,Low,7.4,"A wealthy male banishes a demon, but years later his very own daughter resurrects it.","Shyam Ramsay, Tulsi Ramsay","Hashmat Khan, Manjeet Kular, Kunika Sadanand, Satish Kaul",https://images.unsplash.com/photo-1489599849927-2ee91cede3ba?w=600&auto=format&fit=crop&q=80
tt5600714,Laal Rang,2016,2010s-2023,"Comedy, Crime, Drama",170 min,170,Friendship,Deep & Emotional,Medium,Medium,6.8,The friendship of two men is tested when things go wrong in their blood theft business.,Syed Ahmad Afzal,"Randeep Hooda, Akshay Oberoi, Rajneesh Duggal, Piaa Bajpai",https://images.unsplash.com/photo-1489599849927-2ee91cede3ba?w=600&auto=format&fit=crop&q=80
tt4232066,Once Again,2018,2010s-2023,"Drama, Romance",172 min,172,Family Ties,Heartwarming,Medium,Low,7.7,"After a chance phone call leads to daily conversations, a widowed restaurant owner and a lonely film actor plan to finally meet in person.",Kanwal Sethi,"Shefali Shah, Neeraj Kabi, Bidita Bag, Priyanshu Painyuli",https://images.unsplash.com/photo-1489599849927-2ee91cede3ba?w=600&auto=format&fit=crop&q=80
tt0384491,Samay: When Time Strikes,2003,2000s,"Crime, Mystery, Thriller",169 min,169,"Revenge, Crime & Justice",Tense & Thrilling,High,High,7.9,Assistant Commissioner of Police (ACP) Malvika Chauhan battles time to obtain & solve the clues to solve the various murders occurring in the city.,Robbie Grewal,"Sushmita Sen, Lucy Bartholomew, Tushar Dalvi, Deepak Dobriyal",https://images.unsplash.com/photo-1489599849927-2ee91cede3ba?w=600&auto=format&fit=crop&q=80
tt6054058,Khaidi No. 150,2017,2010s-2023,"Action, Drama, Romance",163 min,163,Patriotism & Honor,Heartwarming,Medium,Low,6.8,A convict who plans to escape the country unexpectedly switches his place with a good Samaritan who fights for the rights of poor farmers.,V.V. Vinayak,"Chiranjeevi, Kajal Aggarwal, Tarun Arora, Mohammad Ali",https://images.unsplash.com/photo-1489599849927-2ee91cede3ba?w=600&auto=format&fit=crop&q=80
tt0476649,Darna Zaroori Hai,2006,2000s,Horror,134 min,134,"Fear of Unknown, Survival",Tense & Thrilling,High,Low,7.6,"Five children take shelter from the rain, inside a spooky bungalow. Encountering an old woman, they follow her upstairs where she proceeds to tell them six scary stories.","J.D. Chakravarthi, Manish Gupta, Sajid Khan, Jijy Philip, Prawaal Raman, Vivek Shah, Ram Gopal Varma","Amitabh Bachchan, Riteish Deshmukh, Arjun Rampal, Bipasha Basu",https://images.unsplash.com/photo-1489599849927-2ee91cede3ba?w=600&auto=format&fit=crop&q=80
tt0269758,Raja Ki Ayegi Baraat,1997,90s (1990-1999),"Drama, Romance",160 min,160,"Human Conflict, Life Lessons",Heartwarming,Medium,Low,7.6,"A pretty schoolteacher named Mala (Rani Mukherjee) becomes the victim of the unwanted advances of an evil man named Raja (Shadab Khan). When she rejects him, he rapes her. The teacher then ...                See full summary »",Ashok Gaekwad,"Shadaab Khan, Rani Mukerji, Gulshan Grover, Divya Dutta",https://images.unsplash.com/photo-1489599849927-2ee91cede3ba?w=600&auto=format&fit=crop&q=80
tt0349333,Darna Mana Hai,2003,2000s,Horror,156 min,156,"Friendship, Revenge",Tense & Thrilling,High,Low,7.9,"After their car breaks down in the middle of the night, seven friends find shelter and tell one another stories to kill time till dawn.",Prawaal Raman,"Saif Ali Khan, Boman Irani, Nana Patekar, Vivek Oberoi",https://images.unsplash.com/photo-1489599849927-2ee91cede3ba?w=600&auto=format&fit=crop&q=80
tt27802487,Dono,2023,2010s-2023,Drama,149 min,149,Romantic Love,Deep & Emotional,Medium,Low,7.5,Modern relationships set against the backdrop of a lavish destination wedding.,Avnish Barjatya,"Rajveer Deol, Paloma Dhillon, Garima Agarwal, Rohan Khurana",https://images.unsplash.com/photo-1489599849927-2ee91cede3ba?w=600&auto=format&fit=crop&q=80
tt1101665,Shaurya: It Takes Courage to Make Right... Right,2008,2000s,"Crime, Drama, Thriller",155 min,155,"Revenge, Crime & Justice, Patriotism & Honor",Tense & Thrilling,Medium,Medium,8.0,"Maj. Siddhant Chaudhary, an Indian Army lawyer, attempts to defend Capt. Javed Khan who is accused of killing a decorated officer. The problem is that Khan does not wish to be defended and freely admits to his crime.",Samar Khan,"Rahul Bose, Jaaved Jaaferi, Minissha Lamba, Seema Biswas",https://images.unsplash.com/photo-1489599849927-2ee91cede3ba?w=600&auto=format&fit=crop&q=80
tt8202612,Satyameva Jayate,2018,2010s-2023,"Action, Crime, Drama",153 min,153,"Revenge, Crime & Justice",Adrenaline Rush,Medium,Medium,7.4,An honest cop attempts to hunt down a vigilante who kills corrupt cops by setting them on fire.,Milap Zaveri,"John Abraham, Manoj Bajpayee, Aisha Sharma, Amruta Khanvilkar",https://images.unsplash.com/photo-1489599849927-2ee91cede3ba?w=600&auto=format&fit=crop&q=80
tt15193162,The Conversion,2022,2010s-2023,Drama,137 min,137,Romantic Love,Deep & Emotional,Medium,Low,8.1,"A Movie that explores the sensitive topic of religious conversion, this movie is a captivating drama depicting girl's dilemma of what happens in an inter-faith marriage that results in religious conversion.",Vinod Tiwari,"Vindhya Tiwari, Prateek Shukla, Ravi Bhatia, Vibha Chhibber",https://images.unsplash.com/photo-1489599849927-2ee91cede3ba?w=600&auto=format&fit=crop&q=80
tt1105733,Kismat Konnection,2008,2000s,"Comedy, Drama, Romance",168 min,168,"Humor, Misunderstandings",Feel-good,Medium,Low,7.4,"A luckless architect discovers a social activist to be his lucky charm. Unfortunately, she's protecting the community center he's aiming to win a contract to tear down.",Aziz Mirza,"Shahid Kapoor, Vidya Balan, Vishal Malhotra, Om Puri",https://images.unsplash.com/photo-1489599849927-2ee91cede3ba?w=600&auto=format&fit=crop&q=80
tt0770214,Kabul Express,2006,2000s,"Adventure, Comedy, Drama",152 min,152,"Humor, Misunderstandings",Feel-good,Medium,Low,7.7,A thrilling story spanning 48 hours of five individuals linked by hate and fear but brought together by fate to finally recognize each other.,Kabir Khan,"John Abraham, Arshad Warsi, Salman Shahid, Hanif Hum Ghum",https://images.unsplash.com/photo-1489599849927-2ee91cede3ba?w=600&auto=format&fit=crop&q=80
tt0210609,China Gate,1998,90s (1990-1999),"Action, Adventure, Drama",149 min,149,Patriotism & Honor,Deep & Emotional,Medium,Low,7.2,10 old exiled army men decide to free a village from an evil bandit,Rajkumar Santoshi,"Om Puri, Amrish Puri, Naseeruddin Shah, Danny Denzongpa",https://images.unsplash.com/photo-1489599849927-2ee91cede3ba?w=600&auto=format&fit=crop&q=80
tt4683366,Ghayal Once Again,2016,2010s-2023,"Action, Crime, Drama",137 min,137,Revenge,Adrenaline Rush,High,Medium,6.9,"When a video of his mentor's murder surfaces, an investigative journalist takes action to find those responsible.",Sunny Deol,"Sunny Deol, Soha Ali Khan, Om Puri, Aanchal Munjal",https://images.unsplash.com/photo-1489599849927-2ee91cede3ba?w=600&auto=format&fit=crop&q=80
tt15964308,Sherdil,2022,2010s-2023,"Comedy, Drama",141 min,141,Family Ties,Feel-good,Medium,Low,6.6,"Inspired by the real events that took place in the Pilibhit Tiger Reserve where people used to leave their elderly family members for tigers to prey on, and then claim compensation from the administration.",Srijit Mukherji,"Pankaj Tripathi, Sayani Gupta, Neeraj Kabi, Akshay Kapoor",https://images.unsplash.com/photo-1489599849927-2ee91cede3ba?w=600&auto=format&fit=crop&q=80
tt26445821,Kaala Barbarian Chapter 1,2023,2010s-2023,Thriller,153 min,153,"Family Ties, Secrets & Deception",Tense & Thrilling,Medium,High,7.0,A surgeon who single-handedly tries to save his patient's life against all odds. Will he be able to protect an innocent family from the twisted plans of an organ trafficking mafia? What hidden truths will he unfold in the process?,Jinto Chacko Samuel,"Jijoy Rajagopalan, Varun Singh Rajput, Chayanika Chaudhuri, Stuti Trivedi",https://images.unsplash.com/photo-1489599849927-2ee91cede3ba?w=600&auto=format&fit=crop&q=80
tt0162480,Mr. & Mrs. Khiladi,1997,90s (1990-1999),"Comedy, Drama, Romance",165 min,165,Family Ties,Feel-good,Medium,Low,8.1,A slacker (Akshay Kumar) must impress a wealthy man to marry her daughter (Juhi Chawla).,David Dhawan,"Akshay Kumar, Juhi Chawla, Paresh Rawal, Anil Dhawan",https://images.unsplash.com/photo-1489599849927-2ee91cede3ba?w=600&auto=format&fit=crop&q=80
tt3449292,Manjhi: The Mountain Man,2015,2010s-2023,"Biography, Drama",171 min,171,"Human Conflict, Life Lessons",Inspiring,Medium,Medium,7.5,"Using only a hammer and a chisel, a man spends twenty-two years carving a road through a treacherous mountain.",Ketan Mehta,"Nawazuddin Siddiqui, Radhika Apte, Ashutosh Acharya, Shahzad Ahmed",https://images.unsplash.com/photo-1489599849927-2ee91cede3ba?w=600&auto=format&fit=crop&q=80
tt7638344,Dhadak,2018,2010s-2023,"Drama, Romance",161 min,161,"Revenge, Romantic Love",Heartwarming,Medium,Low,8.2,"Set in Rajasthan, this love story explores how the protagonists deal with issues like differences between castes and honor killings.",Shashank Khaitan,"Janhvi Kapoor, Ishaan Khattar, Ashutosh Rana, Aditya Kumar",https://images.unsplash.com/photo-1489599849927-2ee91cede3ba?w=600&auto=format&fit=crop&q=80
tt1198101,Kites,2010,2010s-2023,"Action, Drama, Romance",136 min,136,Crime & Justice,Heartwarming,Medium,Low,8.0,"A wounded man searches for his sweetheart in the Mexican desert while on the run from the police, bounty hunters, and others.",Anurag Basu,"Hrithik Roshan, Bárbara Mori, Nicholas Brown, Kangana Ranaut",https://images.unsplash.com/photo-1489599849927-2ee91cede3ba?w=600&auto=format&fit=crop&q=80
tt14418234,State of Siege: Temple Attack,2021,2010s-2023,"Action, Thriller",166 min,166,"Courage, Heroism",Tense & Thrilling,Medium,Medium,6.7,"Inspired by true events, the film narrates the heroic tale of NSG commandos, who step in to save innocent people when terrorists attack a temple in Gujarat.",Ken Ghosh,"Akshaye Khanna, Gautam Rode, Vivek Dahiya, Abhimanyu Singh",https://images.unsplash.com/photo-1489599849927-2ee91cede3ba?w=600&auto=format&fit=crop&q=80
tt1182884,Dulha Mil Gaya,2010,2010s-2023,"Comedy, Drama, Romance",173 min,173,Family Ties,Feel-good,Medium,Low,6.7,A man marries so he can inherit his father's wealth.,Mudassar Aziz,"Sushmita Sen, Fardeen Khan, Ishita Sharma, Shah Rukh Khan",https://images.unsplash.com/photo-1489599849927-2ee91cede3ba?w=600&auto=format&fit=crop&q=80
tt0101732,Dil Aashna Hai (...The Heart Knows),1992,90s (1990-1999),"Drama, Romance",167 min,167,Family Ties,Heartwarming,Medium,Low,7.8,"Laila, brought up in a brothel, is a cabaret dancer in Digvijay Singh's five star hotel. One day, her dying mother informs her that she is adopted. Laila is aided by Karan in her search for the mother.",Hema Malini,"Jeetendra, Mithun Chakraborty, Dimple Kapadia, Amrita Singh",https://images.unsplash.com/photo-1489599849927-2ee91cede3ba?w=600&auto=format&fit=crop&q=80
tt3794302,Pizza,2014,2010s-2023,Horror,139 min,139,"Family Ties, Secrets & Deception",Tense & Thrilling,High,Low,6.9,A Pizza delivery boy's mundane life takes a horrifying turn when he is sent to make a delivery to the home of a family who have a dark secret. Will he be able to overcome the evil that lurks in the shadows and live to tell his tale?,Akshay Akkineni,"Akshay Oberoi, Parvathy Omanakuttan, Arunoday Singh, Dipannita Sharma",https://images.unsplash.com/photo-1489599849927-2ee91cede3ba?w=600&auto=format&fit=crop&q=80
tt1105747,Yuvvraaj,2008,2000s,"Comedy, Drama, Musical",158 min,158,Family Ties,Feel-good,Medium,Low,7.9,Two estranged brothers must learn to work together to claim their rightful share of an inheritance left solely to their eldest sibling.,Subhash Ghai,"Salman Khan, Anil Kapoor, Zayed Khan, Mithun Chakraborty",https://images.unsplash.com/photo-1489599849927-2ee91cede3ba?w=600&auto=format&fit=crop&q=80
tt5472758,Happy Bhag Jayegi,2016,2010s-2023,"Comedy, Romance",177 min,177,"Friendship, Romantic Love, Family Ties",Feel-good,Low,Low,7.8,"After fleeing an arranged marriage, a feisty Indian woman finds herself stranded in Pakistan where the ex-governor's son helps reunite her with her boyfriend.",Mudassar Aziz,"Diana Penty, Abhay Deol, Jimmy Shergill, Ali Fazal",https://images.unsplash.com/photo-1489599849927-2ee91cede3ba?w=600&auto=format&fit=crop&q=80
tt9558612,PM Narendra Modi,2019,2010s-2023,"Biography, Drama",170 min,170,"Human Conflict, Life Lessons",Inspiring,Medium,Medium,6.5,Biography of India's Prime Minister Shri Narendra Modi.,Omung Kumar,"Boman Irani, Barkha Bisht, Vivek Oberoi, Prashant Narayanan",https://images.unsplash.com/photo-1489599849927-2ee91cede3ba?w=600&auto=format&fit=crop&q=80
tt0217660,Mohabbat,1997,90s (1990-1999),"Drama, Romance",171 min,171,"Romantic Love, Secrets & Deception",Heartwarming,Medium,Low,7.0,"Two men from different backgrounds fall in love with the same woman, but one has a deadly secret after a traumatic accident.",Reema Rakesh Nath,"Madhuri Dixit, Sanjay Kapoor, Akshaye Khanna, Farooq Shaikh",https://images.unsplash.com/photo-1489599849927-2ee91cede3ba?w=600&auto=format&fit=crop&q=80
tt0278315,Arjun Pandit,1999,90s (1990-1999),"Action, Crime, Romance",140 min,140,"Friendship, Crime & Justice",Adrenaline Rush,Medium,Medium,8.2,An unexpected betrayal transforms a meek college professor into a cold-blooded gangster who wants to marry a woman against her wishes.,Rahul Rawail,"Sunny Deol, Juhi Chawla, Saurabh Shukla, Mukesh Rishi",https://images.unsplash.com/photo-1489599849927-2ee91cede3ba?w=600&auto=format&fit=crop&q=80
tt0101437,Beta,1992,90s (1990-1999),"Drama, Romance",153 min,153,Family Ties,Heartwarming,Medium,Low,7.1,"Raju, the only heir of a millionaire, is brainwashed by his stepmother for her greed of his entire property.",Indra Kumar,"Anil Kapoor, Madhuri Dixit, Aruna Irani, Laxmikant Berde",https://images.unsplash.com/photo-1489599849927-2ee91cede3ba?w=600&auto=format&fit=crop&q=80
tt0454435,'D',2005,2000s,"Crime, Drama, Thriller",143 min,143,Crime & Justice,Tense & Thrilling,Medium,Medium,6.8,"Deshu, a mechanic from Dubai, comes home to Mumbai, and gets embroiled in a crime by accident. The film shows his meteoric rise from common, law-abiding man to underworld kingpin.",Vishram Sawant,"Randeep Hooda, Chunky Pandey, Rukhsar Rehman, Isha Koppikar",https://images.unsplash.com/photo-1489599849927-2ee91cede3ba?w=600&auto=format&fit=crop&q=80
tt0102846,Saugandh,1991,90s (1990-1999),"Action, Drama, Romance",140 min,140,"Revenge, Family Ties",Heartwarming,High,Low,6.8,"A woman whose entire family was murdered by a cruel landowner, vows that she will get her son and his daughter married someday.",Raj N. Sippy,"Rakhee Gulzar, Akshay Kumar, Shanti Priya, Aryeman Ramsay",https://images.unsplash.com/photo-1489599849927-2ee91cede3ba?w=600&auto=format&fit=crop&q=80
tt0247911,Aap Mujhe Achche Lagne Lage,2002,2000s,"Action, Drama, Romance",167 min,167,"Friendship, Romantic Love, Family Ties",Heartwarming,Medium,Low,6.6,"The daughter of a rich criminal industrial tycoon falls in love with a college boy. The tycoon, what a surprise, objects...",Vikram Bhatt,"Hrithik Roshan, Ameesha Patel, Kiran Kumar, Mukesh Tiwari",https://images.unsplash.com/photo-1489599849927-2ee91cede3ba?w=600&auto=format&fit=crop&q=80
tt7777196,Thackeray,2019,2010s-2023,"Biography, Drama",186 min,186,"Human Conflict, Life Lessons",Inspiring,Medium,Medium,7.9,"From controversial cartoonist to powerful Mumbai politician, this biopic maps the meteoric rise of far-right Shiv Sena party founder, Bal Thackeray.","Abhijit Panse, Amol Bhor","Nawazuddin Siddiqui, Amrita Rao, Prakash Belawadi, Nilesh Divekar",https://images.unsplash.com/photo-1489599849927-2ee91cede3ba?w=600&auto=format&fit=crop&q=80
tt4486148,Shimla Mirchi,2020,2010s-2023,"Comedy, Romance",150 min,150,"Romantic Love, Family Ties",Feel-good,Low,Low,7.5,"While on holiday, Avi meets Naina and falls in love with her. Smitten, he decides to stay and work in her cafe. He confesses his love in a letter, however it's Naina's mother who mistakenly reads it.",Ramesh Sippy,"Hema Malini, Rajkummar Rao, Rakul Preet Singh, Shakti Kapoor",https://images.unsplash.com/photo-1489599849927-2ee91cede3ba?w=600&auto=format&fit=crop&q=80
tt1806913,Golmaal Again,2017,2010s-2023,"Action, Comedy, Fantasy",167 min,167,"Courage, Heroism",Feel-good,Medium,Low,8.0,The gang encounters with some spiritual bodies and finds out the truth about the Jamnadas Orphanage where they were brought up.,Rohit Shetty,"Ajay Devgn, Arshad Warsi, Tabu, Shreyas Talpade",https://images.unsplash.com/photo-1489599849927-2ee91cede3ba?w=600&auto=format&fit=crop&q=80
tt13131186,Enemy,2021,2010s-2023,"Action, Drama, Thriller",170 min,170,Friendship,Tense & Thrilling,Medium,Medium,7.0,It's the story of two childhood friends and their escalating competitive nature. To what extent are they ready to go?,Anand Shankar,"Vishal, Arya, Mirnalini Ravi, Mamta Mohandas",https://images.unsplash.com/photo-1489599849927-2ee91cede3ba?w=600&auto=format&fit=crop&q=80
tt6078866,Soni,2018,2010s-2023,"Crime, Drama",168 min,168,Crime & Justice,Deep & Emotional,Medium,Medium,7.5,"While fighting crimes against women in Delhi, a short-fused policewoman and her level-headed female boss grapple with gender issues in their own lives.",Ivan Ayr,"Geetika Vidya Ohlyan, Saloni Batra, Vikas Shukla, Mohit Chauhan",https://images.unsplash.com/photo-1489599849927-2ee91cede3ba?w=600&auto=format&fit=crop&q=80
tt0399942,Paap,2003,2000s,"Action, Crime, Drama",154 min,154,Family Ties,Adrenaline Rush,Medium,Medium,7.7,Kaya lives in a Buddhist village of Monks with her father who wants Kaya to devote her self to god and not live a normal like other females.The village head monk Lamha asks Kaya to travel ...                See full summary »,Pooja Bhatt,"John Abraham, Udita Goswami, Mohan Agashe, Gulshan Grover",https://images.unsplash.com/photo-1489599849927-2ee91cede3ba?w=600&auto=format&fit=crop&q=80
tt3309662,Jackpot,2013,2010s-2023,"Comedy, Thriller",145 min,145,"Humor, Misunderstandings",Feel-good,Medium,Medium,7.3,There are places in Goa where the rich can easily be fooled out of their money. A group of swindlers take advantage of this and risk everything just to get caught in a web of their own making.,Kaizad Gustad,"Naseeruddin Shah, Sunny Leone, Sachiin Joshi, Bharath Niwas",https://images.unsplash.com/photo-1489599849927-2ee91cede3ba?w=600&auto=format&fit=crop&q=80
tt1050739,Roadside Romeo,2008,2000s,"Animation, Adventure, Comedy",143 min,143,"Humor, Misunderstandings",Feel-good,Low,Low,7.3,"This is the story of Romeo. A dude who was living the life. He had the works - the mansion to live in, the chicks to party with and the cars to be driven around in. Until one day, the ...                See full summary »",Jugal Hansraj,"Saif Ali Khan, Kareena Kapoor, Jaaved Jaaferi, Vrajesh Hirjee",https://images.unsplash.com/photo-1489599849927-2ee91cede3ba?w=600&auto=format&fit=crop&q=80
tt13878694,Maarrich,2022,2010s-2023,"Crime, Mystery, Thriller",158 min,158,"Revenge, Crime & Justice, Secrets & Deception",Tense & Thrilling,High,High,7.8,A police official starts a wild goose chase to find a murderer. The journey unfolds deep dark secrets from the past which leads to a spine chilling face off in the finale,Dhruv Lather,"Tusshar Kapoor, Chelsha Gosai, Aakash Dahiya, Rahul Dev",https://images.unsplash.com/photo-1489599849927-2ee91cede3ba?w=600&auto=format&fit=crop&q=80
tt0449228,Dosti: Friends Forever,2005,2000s,"Drama, Romance",175 min,175,"Friendship, Family Ties",Heartwarming,High,Low,6.8,"Karan Thapar, a wealthy young man, is saved by Raj Malhotra, a poor guy, from a near-death accident, which gives rise to their unending tale of friendship and brotherhood.",Suneel Darshan,"Akshay Kumar, Bobby Deol, Kareena Kapoor, Lara Dutta",https://images.unsplash.com/photo-1489599849927-2ee91cede3ba?w=600&auto=format&fit=crop&q=80
tt0120551,Ziddi,1997,90s (1990-1999),"Action, Drama",164 min,164,Family Ties,Deep & Emotional,High,Low,8.2,"It is the story of a hot-tempered and stubborn man Deva, who is feared because of his ruthless ways and severe punishment to the local hoodlums. Later, Deva avenges the death of his brother and sister.",Guddu Dhanoa,"Sunny Deol, Raveena Tandon, Anupam Kher, Ashish Vidyarthi",https://images.unsplash.com/photo-1489599849927-2ee91cede3ba?w=600&auto=format&fit=crop&q=80
tt6986710,The Accidental Prime Minister,2019,2010s-2023,"Biography, Drama",172 min,172,Patriotism & Honor,Inspiring,Medium,Medium,7.5,Explores Manmohan Singh's tenure as the Prime Minister of India and the kind of control he had over the cabinet and the country.,Vijay Ratnakar Gutte,"Anupam Kher, Akshaye Khanna, Suzanne Bernert, Vipin Sharma",https://images.unsplash.com/photo-1489599849927-2ee91cede3ba?w=600&auto=format&fit=crop&q=80
tt6593054,Drive,2019,2010s-2023,"Action, Crime, Thriller",166 min,166,Secrets & Deception,Tense & Thrilling,Medium,Medium,7.0,"A notorious thief allies with a street racer for a grand heist involving an elaborate game of deceit with authorities, who have their own dirty secrets.",Tarun Mansukhani,"Sushant Singh Rajput, Jacqueline Fernandez, Vikramjeet Virk, Sapna Pabbi",https://images.unsplash.com/photo-1489599849927-2ee91cede3ba?w=600&auto=format&fit=crop&q=80
tt27862531,Ajmer 92,2023,2010s-2023,"Crime, Drama, History",143 min,143,Friendship,Inspiring,Medium,Medium,6.9,The true events of the gang rape and blackmailing of over one hundred school and college-age girls in Ajmer.,Pushpendra Singh,"Karan Verma, Sumit Singh, Rajesh Sharma, Ishan Mishra",https://images.unsplash.com/photo-1489599849927-2ee91cede3ba?w=600&auto=format&fit=crop&q=80
tt15502162,Hindutva,2022,2010s-2023,Drama,143 min,143,"Friendship, Romantic Love",Deep & Emotional,Medium,Low,8.2,"The depths of Hinduism is seen through its principal characters.Friendship, love and student politics are put in place.",Karan Razdan,"Agast Anand, Shiven Basnet, Surmeet Basra, Sonarika Bhadoria",https://images.unsplash.com/photo-1489599849927-2ee91cede3ba?w=600&auto=format&fit=crop&q=80
tt10964468,Shakuntala Devi,2020,2010s-2023,"Biography, Drama",193 min,193,Family Ties,Inspiring,Medium,Medium,7.2,"Shakuntala Devi, a mathematician's journey to become 'The Human Computer' and her relationship with her daughter.",Anu Menon,"Vidya Balan, Adi Chugh, Sanya Malhotra, Jisshu Sengupta",https://images.unsplash.com/photo-1489599849927-2ee91cede3ba?w=600&auto=format&fit=crop&q=80
tt0953306,Anwar,2007,2000s,"Drama, Romance, Thriller",144 min,144,"Romantic Love, Crime & Justice, Patriotism & Honor",Tense & Thrilling,High,Medium,7.0,"Anwar, a middle-class Muslim, falls in love with Mehru, a Hindu girl. Post her death, he is caught by the police and a misunderstanding leads them to believe that he is a terrorist.",Manish Jha,"Siddharth Koirala, Nauheed Cyrusi, Manisha Koirala, Rajpal Naurang Yadav",https://images.unsplash.com/photo-1489599849927-2ee91cede3ba?w=600&auto=format&fit=crop&q=80
tt0415003,Garv: Pride and Honour,2004,2000s,"Action, Crime, Drama",170 min,170,"Revenge, Crime & Justice",Adrenaline Rush,High,Medium,7.3,An honest and decorated police officer is arrested on charges of mass murder and trapped in a corrupt political system which sends him sinking into deeper and deeper trouble.,Puneet Issar,"Salman Khan, Shilpa Shetty Kundra, Arbaaz Khan, Akanksha Malhotra",https://images.unsplash.com/photo-1489599849927-2ee91cede3ba?w=600&auto=format&fit=crop&q=80
tt7782402,The Storyteller,2022,2010s-2023,Drama,130 min,130,"Human Conflict, Life Lessons",Deep & Emotional,Medium,Low,6.8,"Based on Satyajit Ray's short story ""Golpo Boliye Tarini Khuro"" about originality versus plagiarism.",Anant Mahadevan,"Paresh Rawal, Adil Hussain, Revathi, Tannishtha Chatterjee",https://images.unsplash.com/photo-1489599849927-2ee91cede3ba?w=600&auto=format&fit=crop&q=80
tt0418880,Mere Jeevan Saathi,2006,2000s,"Drama, Music, Romance",152 min,152,"Friendship, Romantic Love",Heartwarming,Medium,Low,6.9,"Back in college, Natasha was obsessed with Vicky, who has become a successful rock star. Nothing ever happened between them, however. At the time, Vicky was in love with Anjali, who one ...                See full summary »",Suneel Darshan,"Akshay Kumar, Karisma Kapoor, Ameesha Patel, Gulshan Grover",https://images.unsplash.com/photo-1489599849927-2ee91cede3ba?w=600&auto=format&fit=crop&q=80
tt2339505,Kochadaiiyaan,2014,2010s-2023,"Animation, Action, Adventure",152 min,152,"Revenge, Family Ties, Patriotism & Honor",Deep & Emotional,Medium,Low,8.3,"A noble warrior seeks revenge against the ruler of his kingdom, who killed his father, and also ends up upsetting the neighboring enemy kingdom's ruler.",Soundarya Rajinikanth Vishagan,"Rajinikanth, Deepika Padukone, R. Sarathkumar, Jackie Shroff",https://images.unsplash.com/photo-1489599849927-2ee91cede3ba?w=600&auto=format&fit=crop&q=80
tt21357600,Bombay,2023,2010s-2023,Action,160 min,160,"Courage, Heroism",Deep & Emotional,Medium,Low,6.8,"Ulas Mhatre, an underworld don operates activities with his trusted members Nana, Tatya, and Sherry. Things changes when Tatya goes missing with no evidence.",Sanjay Niranjan,"Gavie Chahal, Deepshikha Nagpal, Danish Bhatt, Ganesh Pai",https://images.unsplash.com/photo-1489599849927-2ee91cede3ba?w=600&auto=format&fit=crop&q=80
tt0107321,King Uncle,1993,90s (1990-1999),"Comedy, Drama, Family",164 min,164,"Humor, Misunderstandings",Feel-good,Medium,Low,7.2,"When a runaway orphan ends up at the house of a cruel millionaire, she decides to alter his perception of the world.",Rakesh Roshan,"Jackie Shroff, Shah Rukh Khan, Nagma, Sushmita Mukherjee",https://images.unsplash.com/photo-1489599849927-2ee91cede3ba?w=600&auto=format&fit=crop&q=80
tt1169270,Don,2007,2000s,"Action, Crime, Drama",152 min,152,Crime & Justice,Adrenaline Rush,Medium,Medium,8.0,A poor man becomes a benevolent gangster but faces threat from an even bigger gangster.,Raghava Lawrence,"Nagarjuna Akkineni, Anushka Shetty, Raghava Lawrence, Nikhita",https://images.unsplash.com/photo-1489599849927-2ee91cede3ba?w=600&auto=format&fit=crop&q=80
tt16235600,Chhota Bheem aur Krishna: Mayanagari,2011,2010s-2023,"Animation, Action, Fantasy",141 min,141,"Friendship, Revenge, Family Ties",Mind-bending & Epic,Medium,Low,7.9,"After Krishna stops Maayandri from releasing her brother, Kirmada, Maayandri decides to exact revenge on him. Later, Bheem and his friends set out to rescue Krishna and defeat Maayandri.",Rajiv Chilaka,Vatsal Dubey,https://images.unsplash.com/photo-1489599849927-2ee91cede3ba?w=600&auto=format&fit=crop&q=80
tt3698454,Yaara,2020,2010s-2023,"Action, Crime, Drama",144 min,144,"Friendship, Crime & Justice",Adrenaline Rush,Medium,Medium,6.5,Former criminals reunite after years to rescue a friend arrested by the police.,"Manish Soni, Tigmanshu Dhulia","Vidyut Jammwal, Amit Sadh, Mohommed Ali Shah, Kenny Basumatary",https://images.unsplash.com/photo-1489599849927-2ee91cede3ba?w=600&auto=format&fit=crop&q=80
tt8647400,De De Pyaar De,2019,2010s-2023,"Comedy, Drama, Romance",163 min,163,"Romantic Love, Family Ties",Feel-good,Medium,Low,6.6,A 50-year-old single father faces disapproval from his family and his ex-wife when he falls in love with a 26-year-old woman.,Akiv Ali,"Ajay Devgn, Tabu, Rakul Preet Singh, Jimmy Shergill",https://images.unsplash.com/photo-1489599849927-2ee91cede3ba?w=600&auto=format&fit=crop&q=80
tt10305616,Malaal,2019,2010s-2023,"Action, Drama, Romance",151 min,151,Romantic Love,Heartwarming,Medium,Low,6.8,"Malaal is the story of Shiva and Astha, two very different people from contrasting backgrounds who experience the innocence of love. Does their love find its destination or do they part ways? Stay on this journey to find out.",Mangesh Hadawale,"Meezaan Jafri, Sharmin Segal, Chinmayee Surve, Anil Gawas",https://images.unsplash.com/photo-1489599849927-2ee91cede3ba?w=600&auto=format&fit=crop&q=80
tt8705332,Match Of Life,2022,2010s-2023,Comedy,139 min,139,Family Ties,Feel-good,Low,Low,8.1,"Match of Life"" is based on a cricketer's life who looks like Virat Kohli and what circumstances he faces in day-to-day life being a normal person with a celebrity face.",Aman Sagar,"Rajpal Naurang Yadav, Sudha Chandran, Pankaj Berry, Supriya Karnik",https://images.unsplash.com/photo-1489599849927-2ee91cede3ba?w=600&auto=format&fit=crop&q=80
tt7647774,Ek Betuke Aadmi Ki Afrah Raatein,2023,2010s-2023,Drama,134 min,134,"Human Conflict, Life Lessons",Deep & Emotional,Medium,Low,8.0,Add a Plot,Sharad Raj,"Pawan Chakravarti, Archanna Guptaa, Adil Hussain, Raghav Jhingran",https://images.unsplash.com/photo-1489599849927-2ee91cede3ba?w=600&auto=format&fit=crop&q=80
tt1714832,Do Dooni Chaar,2010,2010s-2023,"Comedy, Crime, Drama",136 min,136,Family Ties,Deep & Emotional,Medium,Medium,6.9,A middle class family in India tries to buy a new car.,Habib Faisal,"Rishi Kapoor, Neetu Singh, Aditi Vasudev, Archit Krishna",https://images.unsplash.com/photo-1489599849927-2ee91cede3ba?w=600&auto=format&fit=crop&q=80
tt0172175,Bhabhi,1991,90s (1990-1999),"Comedy, Drama, Family",164 min,164,"Humor, Misunderstandings",Feel-good,Medium,Low,7.5,"Sita lives a middle-class lifestyle with her retired and widowed schoolmaster dad, Ramdas. One day she is molested by Prakash and slaps him. A few days later, wealthy Ghanshyamdas, a former...                See full summary »",Kishore Vyas,"Bhanupriya, Govinda, Juhi Chawla, Gulshan Grover",https://images.unsplash.com/photo-1489599849927-2ee91cede3ba?w=600&auto=format&fit=crop&q=80
tt0247944,Badal,2000,2000s,"Action, Crime, Drama",148 min,148,Crime & Justice,Adrenaline Rush,Medium,Medium,7.2,"Badal (Bobby Deol) is a victim of the 1984 riots, brought up by a terrorist (Ashish Vidyarthi). Badal lives with the sole aim of exterminating a police cop Rana (Ashutosh Rana) now the DGP....                See full summary »",Raj Kanwar,"Bobby Deol, Rani Mukerji, Mayuri Kango, Ashutosh Rana",https://images.unsplash.com/photo-1489599849927-2ee91cede3ba?w=600&auto=format&fit=crop&q=80
tt3807778,Badla Sherni Ka,2001,2000s,Action,169 min,169,Revenge,Deep & Emotional,Medium,Low,8.2,"Jungle woman Sherni objects when greedy hunters invade the forest, killing the animals for their tusks and hides.",Kanti Shah,"Sapna Sappu, Amit Pachori, Junior Johnny Lever, Anil Nagrath",https://images.unsplash.com/photo-1489599849927-2ee91cede3ba?w=600&auto=format&fit=crop&q=80
tt10318332,Badnaam Gali,2019,2010s-2023,Comedy,135 min,135,Family Ties,Feel-good,Low,Low,8.2,"It encompasses the journey of a surrogate mother, played by Patralekhaa, and her dynamic relationship with people around her.",Ashwin Shetty,"Patralekhaa Paul, Divyendu Sharma, Dolly Ahluwalia, Paritosh Sand",https://images.unsplash.com/photo-1489599849927-2ee91cede3ba?w=600&auto=format&fit=crop&q=80
tt2199711,Vishwaroopam,2013,2010s-2023,"Action, Thriller",158 min,158,"Courage, Heroism",Tense & Thrilling,Medium,High,7.9,"When a classical dancer's suspecting wife sets an investigator behind him, a series of violent events are triggered, revealing his real identity and connection to a darker world.",Kamal Haasan,"Pooja Kumar, Miles Anderson, Kamal Haasan, Rahul Bose",https://images.unsplash.com/photo-1489599849927-2ee91cede3ba?w=600&auto=format&fit=crop&q=80
tt13491620,Unpaused,2020,2010s-2023,"Drama, Romance",180 min,180,Romantic Love,Heartwarming,Medium,Low,7.0,"An anthology that brings together 5 unique creators of Hindi cinema featuring stories of love, new beginnings, second chances, and a glimmer of hope. Set and filmed in the times of the Covid-19 lockdown.","Nikkhil Advani, Avinash Arun, Tannishtha Chatterjee, Krishna D.K., Nitya Mehra, Raj Nidimoru","Gulshan Devaiah, Saiyami Kher, Richa Chadha, Ishwak Singh",https://images.unsplash.com/photo-1489599849927-2ee91cede3ba?w=600&auto=format&fit=crop&q=80
tt18265146,Victoria: Ek Rahasya,2023,2010s-2023,"Horror, Thriller",168 min,168,Secrets & Deception,Tense & Thrilling,High,Medium,6.7,A couple arrives at Hotel Victoria and are greeted by the creepy owner who is the only occupant of the sprawling property. The hotel seems to house a sinister presence that harasses the couple till the secrets of the hotel are unearthed.,"Jeet Ashok, Virajas Kulkarni","Pushkar Jog, Sonalee Kulkarni, Aashay Kulkarni, Heera Sohal",https://images.unsplash.com/photo-1489599849927-2ee91cede3ba?w=600&auto=format&fit=crop&q=80
tt0173369,Tum Mere Ho,1990,90s (1990-1999),"Fantasy, Horror, Romance",158 min,158,Romantic Love,Tense & Thrilling,High,Low,6.9,Shiva is blessed with magical powers of charming snakes. He falls head-over-heels in love with Paro.,Tahir Hussain,"Aamir Khan, Juhi Chawla, Ajit Vachani, Sudhir Pandey",https://images.unsplash.com/photo-1489599849927-2ee91cede3ba?w=600&auto=format&fit=crop&q=80
tt0326983,Jaani Dushman: Ek Anokhi Kahani,2002,2000s,"Action, Fantasy, Horror",164 min,164,"Friendship, Crime & Justice",Tense & Thrilling,High,Low,8.1,A shape-shifting snake exacts vengeance on a group of friends for a crime they did not even commit.,Rajkumar Kohli,"Sunny Deol, Arman Kohli, Manisha Koirala, Akshay Kumar",https://images.unsplash.com/photo-1489599849927-2ee91cede3ba?w=600&auto=format&fit=crop&q=80
tt0116763,Khamoshi: The Musical,1996,90s (1990-1999),"Drama, Musical, Romance",180 min,180,"Romantic Love, Family Ties",Heartwarming,Medium,Low,7.8,The daughter of deaf-mute parents seeks their understanding when she discovers a love for music.,Sanjay Leela Bhansali,"Manisha Koirala, Nana Patekar, Salman Khan, Seema Biswas",https://images.unsplash.com/photo-1489599849927-2ee91cede3ba?w=600&auto=format&fit=crop&q=80
tt9680136,Pati Patni Aur Woh,2019,2010s-2023,"Comedy, Romance",145 min,145,"Humor, Misunderstandings",Feel-good,Low,Low,7.1,"Chintu Tyagi is an ordinary, middle class man who finds himself torn between his wife and another woman.",Mudassar Aziz,"Kartik Aaryan, Bhumi Pednekar, Ananya Panday, Aparshakti Khurana",https://images.unsplash.com/photo-1489599849927-2ee91cede3ba?w=600&auto=format&fit=crop&q=80
tt15516226,Chhatriwali,2023,2010s-2023,"Comedy, Drama",126 min,126,"Humor, Misunderstandings",Feel-good,Medium,Low,6.6,"Sanya is an unemployed chemistry genius looking for a job. However, she also wants to use her knowledge of chemistry to help young minds move beyond the taboos of sex with the right education.",Tejas Prabha Vijay Deoskar,"Rakul Preet Singh, Sumeet Vyas, Satish Kaushik, Dolly Ahluwalia",https://images.unsplash.com/photo-1489599849927-2ee91cede3ba?w=600&auto=format&fit=crop&q=80
tt10515526,Lootcase,2020,2010s-2023,"Comedy, Crime",170 min,170,Crime & Justice,Deep & Emotional,Low,Medium,7.9,"Nandan Kumar comes across a suitcase and discovers it is full of cash. He takes the suitcase and soon finds himself being chased by a notorious gangster, an honest cop and a minister, who want the suitcase at any cost.",Rajesh Krishnan,"Kunal Kemmu, Rasika Dugal, Vijay Raaz, Ranvir Shorey",https://images.unsplash.com/photo-1489599849927-2ee91cede3ba?w=600&auto=format&fit=crop&q=80
tt0150433,Earth,1998,90s (1990-1999),"Drama, Romance, War",174 min,174,Romantic Love,Heartwarming,High,Low,8.2,It's 1947 and the borderlines between India and Pakistan are being drawn. A young girl witnesses tragedy as her ayah (nanny) is caught between the love of two men and the rising tide of political and religious violence.,Deepa Mehta,"Aamir Khan, Nandita Das, Rahul Khanna, Maia Sethna",https://images.unsplash.com/photo-1489599849927-2ee91cede3ba?w=600&auto=format&fit=crop&q=80
tt17736704,Mister Mummy,2022,2010s-2023,"Comedy, Drama",134 min,134,"Humor, Misunderstandings",Feel-good,Medium,Low,7.6,A couple with opposing choices when it comes to children but destiny has something else planned for the childhood sweethearts.,Shaad Ali,"Riteish Deshmukh, Genelia Deshmukh, Mahesh Manjrekar, Atul Sharma",https://images.unsplash.com/photo-1489599849927-2ee91cede3ba?w=600&auto=format&fit=crop&q=80
tt7317482,Pailwaan,2019,2010s-2023,"Action, Drama, Sport",143 min,143,"Family Ties, Ambition & Triumph",Deep & Emotional,Medium,Low,6.5,"Krishna, a fierce wrestler, faces challenges in his personal life as he tries to fulfill the dream of his father, an ex-wrestler.",S Krishna,"Suniel Shetty, Sushant Singh, Aakanksha Singh, Sudeep",https://images.unsplash.com/photo-1489599849927-2ee91cede3ba?w=600&auto=format&fit=crop&q=80
tt14873108,Rajnigandha,2021,2010s-2023,"Crime, Drama",148 min,148,Family Ties,Deep & Emotional,Medium,Medium,6.9,Rajnigandha is a heart-wrenching story of a father and daughter.,"Pritesh Srivastava, Pritesh Kumar Srivastava","Monika Agnihotrie, Parul Agrawal, Zoie Aggarwal Ahmed, Veebha Anand",https://images.unsplash.com/photo-1489599849927-2ee91cede3ba?w=600&auto=format&fit=crop&q=80
tt1411956,Sold,2014,2010s-2023,Drama,161 min,161,Patriotism & Honor,Deep & Emotional,Medium,Low,6.7,A girl risks everything for freedom after being trafficked from her mountain village in Nepal to a brothel in India.,Jeffrey D. Brown,"Gillian Anderson, David Arquette, Tillotama Shome, Priyanka Bose",https://images.unsplash.com/photo-1489599849927-2ee91cede3ba?w=600&auto=format&fit=crop&q=80
tt0341266,Bhoot,2003,2000s,"Horror, Mystery, Thriller",169 min,169,Romantic Love,Tense & Thrilling,High,High,7.9,"When a married couple moves into a flat that is haunted by a spirit, a series of inexplicable experiences drive the wife to near madness. Now, the husband must protect his wife to save their marriage.",Ram Gopal Varma,"Ajay Devgn, Urmila Matondkar, Nana Patekar, Rekha",https://images.unsplash.com/photo-1489599849927-2ee91cede3ba?w=600&auto=format&fit=crop&q=80
tt15334030,Martin,2023,2010s-2023,"Action, Drama, Thriller",167 min,167,"Romantic Love, Family Ties",Tense & Thrilling,Medium,Medium,8.1,"A journey of a man discovering himself, finding love and fighting for his motherland. Can he hold the fort on all three gates?",A.P. Arjun,"Dhruva Sarja, Vaibhavi Shandilya, Sriram Reddy Polasane, Nawab Shah",https://images.unsplash.com/photo-1489599849927-2ee91cede3ba?w=600&auto=format&fit=crop&q=80
tt0310254,Tumko Na Bhool Paayenge,2002,2000s,"Action, Romance, Thriller",160 min,160,"Courage, Heroism",Tense & Thrilling,Medium,Medium,7.5,An amnesiac Hindu man remembers his past as a Muslim sharpshooter and an assassin.,Pankaj Parashar,"Pankaj Dheer, Arbaaz Khan, Salman Khan, Sushmita Sen",https://images.unsplash.com/photo-1489599849927-2ee91cede3ba?w=600&auto=format&fit=crop&q=80
tt3683702,Fugly,2014,2010s-2023,"Drama, Thriller",163 min,163,"Friendship, Revenge, Crime & Justice",Tense & Thrilling,High,Medium,6.6,Four friends fight against a corrupt police officer who extorts money from them for not framing them in a murder which the officer committed himself.,Kabir Sadanand,"Jimmy Shergill, Mohit Marwah, Kiara Advani, Vijender Singh",https://images.unsplash.com/photo-1489599849927-2ee91cede3ba?w=600&auto=format&fit=crop&q=80
tt1773015,Phas Gaye Re Obama,2010,2010s-2023,"Comedy, Crime, Drama",147 min,147,Family Ties,Deep & Emotional,Medium,Medium,7.1,"Om Shastri, a recession victim comes to India to sell his ancestors property to clear is debt. On reaching he comes to know that selling the property will make his family homeless in India. Later he is kidnapped by goons thinking a rich NRI.",Subhash Kapoor,"Rajat Kapoor, Neha Dhupia, Sanjay Mishra, Manu Rishi Chadha",https://images.unsplash.com/photo-1489599849927-2ee91cede3ba?w=600&auto=format&fit=crop&q=80
tt0429289,Tauba Tauba,2004,2000s,"Comedy, Drama",137 min,137,Family Ties,Feel-good,Medium,Low,7.7,"15-year-old Sunny (Amin Gazi), the motherless child of business tycoon Mohan Shanbagh (Ayub Khan), is obsessed with sex, partially because of his environment. His sex-crazed principal Mr. ...                See full summary »",T.L.V. Prasad,"Laxmikant Berde, Bobby Darling, Amin Gazi, Vikaas Kalantari",https://images.unsplash.com/photo-1489599849927-2ee91cede3ba?w=600&auto=format&fit=crop&q=80
tt3142232,Heropanti,2014,2010s-2023,"Action, Romance",163 min,163,Romantic Love,Deep & Emotional,Medium,Low,7.4,Two young people find love despite the violent landscape in which they live.,Sabir Khan,"Tiger Shroff, Kriti Sanon, Parthaa Akerkar, Sunil Grover",https://images.unsplash.com/photo-1489599849927-2ee91cede3ba?w=600&auto=format&fit=crop&q=80
tt8458202,Pihu,2016,2010s-2023,"Drama, Thriller",161 min,161,Family Ties,Tense & Thrilling,Medium,Medium,8.2,"A two year old must fend for herself when her mother suddenly passes by away while her father is gone for a conference, leaving her prone to danger.",Vinod Kapri,"Rahul Bagga, Pihu Myra Vishwakarma, Prerna Vishwakarma",https://images.unsplash.com/photo-1489599849927-2ee91cede3ba?w=600&auto=format&fit=crop&q=80
tt14902008,Oh My Ghost,2022,2010s-2023,"Comedy, Horror",133 min,133,"Friendship, Family Ties, Secrets & Deception",Feel-good,High,Low,7.5,"When a single women and her two friends reaches in a small town, they begin to discover their connection to the original Ghost and the secret legacy their grandfather left behind",R. Yuvan,"Sunny Leone, Yogi Babu, Motta Rajendran, Sathish",https://images.unsplash.com/photo-1489599849927-2ee91cede3ba?w=600&auto=format&fit=crop&q=80
tt0126234,Chamatkar,1992,90s (1990-1999),"Comedy, Drama, Fantasy",145 min,145,Friendship,Feel-good,Medium,Low,6.6,"When Sunder loses everything, he seeks refuge in a graveyard, where he befriends a ghost.",Rajiv Mehra,"Naseeruddin Shah, Shah Rukh Khan, Urmila Matondkar, Malvika Tiwari",https://images.unsplash.com/photo-1489599849927-2ee91cede3ba?w=600&auto=format&fit=crop&q=80
tt1288638,Dasvidaniya,2008,2000s,"Comedy, Drama",138 min,138,Romantic Love,Feel-good,Medium,Low,7.3,"A man who loves to make ""to-do lists"" makes one last bucket list when he realizes he is about to die.",Shashant Shah,"Vinay Pathak, Sarita Joshi, Rajat Kapoor, Saurabh Shukla",https://images.unsplash.com/photo-1489599849927-2ee91cede3ba?w=600&auto=format&fit=crop&q=80
tt0860454,MP3: Mera Pehla Pehla Pyaar,2007,2000s,"Comedy, Drama, Musical",162 min,162,Friendship,Feel-good,Medium,Low,8.2,"Delhi-based Rohan Sood lives a wealthy lifestyle along with his businessman dad, Shekhar, and mom, Renu. He attends St. Lawrence High School and is friendly with Vasu, Sudhir and Javed, and...                See full summary »",Robbie Grewal,"Menekka Arora, Sarthak Bhasin, Sagar Chawla, Hazel Croney",https://images.unsplash.com/photo-1489599849927-2ee91cede3ba?w=600&auto=format&fit=crop&q=80
tt0346507,Andaaz,2003,2000s,"Drama, Musical, Romance",180 min,180,"Friendship, Romantic Love",Heartwarming,Medium,Low,7.2,"Loyalty, Respect, commitment and love. What is Love? Loyalty, respect, commitment and friendship. Friendship and Love... Love and Friendship... So much in common, yet so different in emotion!",Raj Kanwar,"Akshay Kumar, Lara Dutta, Priyanka Chopra Jonas, Rajeev Verma",https://images.unsplash.com/photo-1489599849927-2ee91cede3ba?w=600&auto=format&fit=crop&q=80
tt10743280,Dostana 2,2021,2010s-2023,Comedy,142 min,142,"Humor, Misunderstandings",Feel-good,Low,Low,7.3,Add a Plot,Collin D'Cunha,"Janhvi Kapoor, Abhishek Banerjee, Lakshya, Kirron Kher",https://images.unsplash.com/photo-1489599849927-2ee91cede3ba?w=600&auto=format&fit=crop&q=80
tt1242530,What's Your Raashee?,2009,2000s,"Comedy, Drama, Romance",175 min,175,"Romantic Love, Crime & Justice",Feel-good,Medium,Low,7.7,"A young man has only ten days to locate his soulmate as dictated by the stars, otherwise he could lose a fortune. He thus embarks on a journey through love, looking through twelve girls to find the one who fits his horoscope.",Ashutosh Gowariker,"Harman Baweja, Priyanka Chopra Jonas, Anjan Srivastav, Manju Singh",https://images.unsplash.com/photo-1489599849927-2ee91cede3ba?w=600&auto=format&fit=crop&q=80
tt6041458,Tutak Tutak Tutiya,2016,2010s-2023,"Comedy, Horror",132 min,132,"Humor, Misunderstandings",Feel-good,High,Low,6.9,The Hindi version of the trilingual horror-comedy wherein a husband finds out his wife is possessed. The Telugu version is Abhinetri (2016) and the Tamil version is Devi (2016),A.L. Vijay,"Sonu Sood, Rajiv Thakur, Rj Ajay, RJ Balaji",https://images.unsplash.com/photo-1489599849927-2ee91cede3ba?w=600&auto=format&fit=crop&q=80
tt0340178,Jaal: The Trap,2003,2000s,"Action, Crime, Drama",155 min,155,"Friendship, Romantic Love, Family Ties",Adrenaline Rush,Medium,Medium,7.5,"When his girlfriend is kidnapped by Kashmiri terrorists, a commando is tasked with kidnapping the Home Minister's daughter in order to secure his lady love's release.",Guddu Dhanoa,"Sunny Deol, Tabu, Reema Sen, Anupam Kher",https://images.unsplash.com/photo-1489599849927-2ee91cede3ba?w=600&auto=format&fit=crop&q=80
tt1602476,Badmaa$h Company,2010,2010s-2023,"Comedy, Crime, Drama",150 min,150,"Humor, Misunderstandings",Deep & Emotional,Medium,Medium,6.8,Four youngsters grow rich together with a big idea in 90's middle-class Bombay. All is hunky dory till they are forced to shut shop until a plan comes up.,Parmeet Sethi,"Shahid Kapoor, Anushka Sharma, Meiyang Chang, Vir Das",https://images.unsplash.com/photo-1489599849927-2ee91cede3ba?w=600&auto=format&fit=crop&q=80
tt3483612,Hamari Adhuri Kahani,2015,2010s-2023,"Drama, Romance",170 min,170,"Romantic Love, Family Ties",Heartwarming,Medium,Low,6.7,"A single mother finds solace with a wealthy, but lonely hotel magnate, together they find love until her past comes back to confront her.",Mohit Suri,"Emraan Hashmi, Vidya Balan, Rajkummar Rao, Sara Khan",https://images.unsplash.com/photo-1489599849927-2ee91cede3ba?w=600&auto=format&fit=crop&q=80
tt10351180,Bad Boy,2023,2010s-2023,"Comedy, Drama, Romance",165 min,165,"Romantic Love, Family Ties",Feel-good,Medium,Low,7.2,A light comedy about a good-for-nothing boy who falls in love with a studious girl from a conservative family. Thus the funny conflict and situations that pop up.,Rajkumar Santoshi,"Namashi Chakraborthy, Amrin Qureshi, Darshan Jariwala, Johny Lever",https://images.unsplash.com/photo-1489599849927-2ee91cede3ba?w=600&auto=format&fit=crop&q=80
tt11231440,Doordarshan,2020,2010s-2023,"Comedy, Drama",137 min,137,"Romantic Love, Family Ties",Feel-good,Medium,Low,6.8,"When the family's grandmother wakes up, the parents who have been bickering over their divorce are compelled to revive their marriage and keep the peace at home.",Gagan Puri,"Manu Rishi Chadha, Mahie Gill, Dolly Ahluwalia, Shardul Rana",https://images.unsplash.com/photo-1489599849927-2ee91cede3ba?w=600&auto=format&fit=crop&q=80
tt0362696,Haasil,2003,2000s,"Crime, Drama, Romance",143 min,143,"Friendship, Romantic Love, Crime & Justice",Heartwarming,Medium,Medium,7.3,"Aniruddh, a law-abiding college student, in love with Niharika, gets caught up in college politics and crime and must fight it out for himself when his friend becomes his foe.",Tigmanshu Dhulia,"Jimmy Shergill, Hrishitaa Bhatt, Irrfan Khan, Ashutosh Rana",https://images.unsplash.com/photo-1489599849927-2ee91cede3ba?w=600&auto=format&fit=crop&q=80
tt0470869,Neal 'N' Nikki,2005,2000s,"Comedy, Musical, Romance",174 min,174,"Humor, Misunderstandings",Feel-good,Low,Low,7.2,Take a joyride with Neal and Nikki as they travel all across Canada to find what they want most. And it's going to be quite a trip.,Arjun Sablok,"Uday Chopra, Tanishaa Mukerji, Abhishek Bachchan, Richa Pallod",https://images.unsplash.com/photo-1489599849927-2ee91cede3ba?w=600&auto=format&fit=crop&q=80
tt0273452,Bandhan,1998,90s (1990-1999),"Action, Drama, Romance",159 min,159,Family Ties,Heartwarming,Medium,Low,7.7,A united household is shaken to the core when Raju's (Salman Khan's) brother-in-law marries a prostitute.,"K. Muralimohana Rao, Rajesh Malik","Jackie Shroff, Salman Khan, Rambha, Ashwini Bhave",https://images.unsplash.com/photo-1489599849927-2ee91cede3ba?w=600&auto=format&fit=crop&q=80
tt1132589,Hijack,2008,2000s,"Action, Thriller",152 min,152,Family Ties,Tense & Thrilling,Medium,Medium,6.7,"After the passing away of his wife, Pooja, Delhi-based Vikram Madan, enrolls his daughter, Priya, in a boarding school in Amritsar, and re-locates to work as a Mechanic at Chandigarh ...                See full summary »",Kunal Shivdasani,"Shiney Ahuja, Mona Ambegaonkar, Ananya Chadha, Gananay Chadha",https://images.unsplash.com/photo-1489599849927-2ee91cede3ba?w=600&auto=format&fit=crop&q=80
tt0422236,Fida,2004,2000s,"Action, Crime, Drama",142 min,142,Romantic Love,Adrenaline Rush,Medium,Medium,7.8,"A young man is hellbent to destroy his arch enemy and his lover, who destroyed his life.",Ken Ghosh,"Kareena Kapoor, Fardeen Khan, Shahid Kapoor, Kim Sharma",https://images.unsplash.com/photo-1489599849927-2ee91cede3ba?w=600&auto=format&fit=crop&q=80
tt13391696,Cold Case,2021,2010s-2023,"Horror, Mystery, Thriller",161 min,161,"Revenge, Crime & Justice, Secrets & Deception",Tense & Thrilling,High,High,7.0,"The film tells the riveting story of a complex murder case, parallelly investigated by a police officer and an investigative journalist in their own way, who eventually cross paths to unravel secrets they never imagined.",Tanu Balak,"Prithviraj Sukumaran, Aditi Balan, Lakshmi Priyaa Chandramouli, Anil Nedumangad",https://images.unsplash.com/photo-1489599849927-2ee91cede3ba?w=600&auto=format&fit=crop&q=80
tt3726012,Mastizaade,2016,2010s-2023,Comedy,125 min,125,"Humor, Misunderstandings",Feel-good,Low,Low,6.7,Sunny Kele and Aditya Chothia are two spoiled bachelors who are sex addicts. Their life takes an unexpected turn after they meet twin sisters Lily and Laila who treat sex addicts at their clinic.,Milap Zaveri,"Tusshar Kapoor, Vir Das, Sunny Leone, Govardhan Asrani",https://images.unsplash.com/photo-1489599849927-2ee91cede3ba?w=600&auto=format&fit=crop&q=80
tt0402014,Ab Tak Chhappan,2004,2000s,"Crime, Drama",152 min,152,Crime & Justice,Deep & Emotional,Medium,Medium,8.3,An honest encounter specialist's life begins to change with the arrival of a new police commissioner who has ties with a local don.,Shimit Amin,"Nana Patekar, Revathi, Yashpal Sharma, Mohan Agashe",https://images.unsplash.com/photo-1489599849927-2ee91cede3ba?w=600&auto=format&fit=crop&q=80
tt0112313,Akele Hum Akele Tum,1995,90s (1990-1999),"Drama, Romance",182 min,182,Family Ties,Heartwarming,Medium,Low,7.9,An estranged couple battle for the custody of their only son.,Mansoor Khan,"Aamir Khan, Manisha Koirala, Master Adil, Deven Verma",https://images.unsplash.com/photo-1489599849927-2ee91cede3ba?w=600&auto=format&fit=crop&q=80
tt0182251,Jab Pyaar Kisise Hota Hai,1998,90s (1990-1999),"Comedy, Drama, Romance",168 min,168,"Humor, Misunderstandings",Feel-good,Medium,Low,6.9,"A Playboy's past catches up with him, when he wants to get married",Deepak Sareen,"Salman Khan, Twinkle Khanna, Johny Lever, Farida Jalal",https://images.unsplash.com/photo-1489599849927-2ee91cede3ba?w=600&auto=format&fit=crop&q=80
tt29064031,Bhaagamathie Full Hindi Dubbed Movie,2018,2010s-2023,Horror,163 min,163,"Fear of Unknown, Survival",Tense & Thrilling,High,Low,6.6,Add a Plot,Ashok G.,"Jayaram, Asha Sharath, Murli Sharma, Anushka Shetty",https://images.unsplash.com/photo-1489599849927-2ee91cede3ba?w=600&auto=format&fit=crop&q=80
tt0330843,Saathiya,2002,2000s,"Drama, Family, Romance",158 min,158,Romantic Love,Heartwarming,Medium,Low,7.1,A couple elopes to get married and set up home hoping that just love will do the trick - but that's just the beginning of their story.,Shaad Ali,"Vivek Oberoi, Rani Mukerji, Shah Rukh Khan, Tabu",https://images.unsplash.com/photo-1489599849927-2ee91cede3ba?w=600&auto=format&fit=crop&q=80
tt15250998,Ankahi Kahaniya,2021,2010s-2023,"Drama, Romance",150 min,150,"Friendship, Romantic Love",Heartwarming,Medium,Low,8.3,"As big city life buzzes around them, lonely souls discover surprising sources of connection and companionship in three tales of love, loss and longing.","Abhishek Chaubey, Saket Chaudhary, Ashwiny Iyer Tiwari","Abhishek Banerjee, T.J. Bhanu, Nikhil Dwivedi, Palomi Ghosh",https://images.unsplash.com/photo-1489599849927-2ee91cede3ba?w=600&auto=format&fit=crop&q=80
tt0459516,Pudhu Pettai,2006,2000s,"Action, Crime, Drama",144 min,144,"Courage, Heroism",Adrenaline Rush,Medium,Medium,7.5,"After running away from his home, Kumar falls in with a gang and slowly rises through the ranks of the criminal underworld.",K. Selvaraghavan,"Dhanush, Sneha, Sonia Agarwal, Azhagam Perumal",https://images.unsplash.com/photo-1489599849927-2ee91cede3ba?w=600&auto=format&fit=crop&q=80
tt6950476,Tejas,2023,2010s-2023,"Action, Drama, Thriller",145 min,145,Patriotism & Honor,Tense & Thrilling,Medium,Medium,6.8,"Revolves around the extraordinary journey of Tejas Gill, an Air Force pilot, and aims to inspire and instill a deep sense of pride in the valiant soldiers who tirelessly defend our nation, confronting numerous challenges along the way.",Sarvesh Mewara,"Kangana Ranaut, Anshul Chauhan, Varun Mitra, Veenah Naair",https://images.unsplash.com/photo-1489599849927-2ee91cede3ba?w=600&auto=format&fit=crop&q=80
tt6971752,Shubh Mangal Saavdhan,2017,2010s-2023,"Comedy, Romance",154 min,154,Romantic Love,Feel-good,Low,Low,6.6,"In this remake of Kalyana Samayal Saadham (2013), a couple fall in love but then the groom discovers that he suffers from erectile dysfunction.",R.S. Prasanna,"Ayushmann Khurrana, Bhumi Pednekar, Seema Pahwa, Anshul Chauhan",https://images.unsplash.com/photo-1489599849927-2ee91cede3ba?w=600&auto=format&fit=crop&q=80
tt3469244,Phantom,2015,2010s-2023,"Action, Drama, Thriller",168 min,168,Patriotism & Honor,Tense & Thrilling,Medium,Medium,8.2,A disgraced Indian soldier carries out a series of assassinations in the hope of restoring his honour.,Kabir Khan,"Saif Ali Khan, Katrina Kaif, Sabyasachi Chakrabarty, Rajesh Tailang",https://images.unsplash.com/photo-1489599849927-2ee91cede3ba?w=600&auto=format&fit=crop&q=80
tt10280276,Coolie No. 1,2020,2010s-2023,"Action, Comedy, Romance",146 min,146,Family Ties,Feel-good,Medium,Low,7.0,"After being insulted by a rich businessman named Rosario, pandit Jai Kishen teaches him a lesson by getting his daughter married to Raju - a Coolie posing as a millionaire.",David Dhawan,"Varun Dhawan, Sara Ali Khan, Paresh Rawal, Jaaved Jaaferi",https://images.unsplash.com/photo-1489599849927-2ee91cede3ba?w=600&auto=format&fit=crop&q=80
tt1509732,Aisha,2010,2010s-2023,"Comedy, Drama, Romance",156 min,156,"Humor, Misunderstandings",Feel-good,Medium,Low,6.8,Chaos results after a wealthy woman decides to turn matchmaker for a naive village belle.,Rajshree Ojha,"Sonam Kapoor, Abhay Deol, Karamjeet Madonna, Amrita Puri",https://images.unsplash.com/photo-1489599849927-2ee91cede3ba?w=600&auto=format&fit=crop&q=80
tt12312912,Fire in the Mountains,2021,2010s-2023,Drama,130 min,130,Family Ties,Deep & Emotional,Medium,Low,8.0,"A mother toils to save money to build a road in a Himalayan village to take her wheelchair-bound son for physiotherapy but her husband who believes that a shamanic ritual 'Jaagar' is the remedy, steals her savings.",Ajitpal Singh,"Vinamrata Rai, Chandan Bisht, Harshita Tiwari, Mayank Singh Jaira",https://images.unsplash.com/photo-1489599849927-2ee91cede3ba?w=600&auto=format&fit=crop&q=80
tt0111780,Yaar Gaddar,1994,90s (1990-1999),"Action, Drama, Mystery",168 min,168,"Family Ties, Crime & Justice, Patriotism & Honor",Tense & Thrilling,High,High,8.2,"When his brother becomes involved in a deadly bank robbery, a heartbroken cop vows to track down and retrieve his wayward sibling -- dead or alive.",Umesh Mehra,"Saif Ali Khan, Sweta, Somy Ali, Deven Bhojani",https://images.unsplash.com/photo-1489599849927-2ee91cede3ba?w=600&auto=format&fit=crop&q=80
tt0112459,Barsaat,1995,90s (1990-1999),"Action, Romance",141 min,141,"Romantic Love, Family Ties",Deep & Emotional,Medium,Low,6.7,"A naive young man and a rich city girl fall in love. Her stepfather, however, doesn't approve of the match and will stop at nothing to split the pair.",Rajkumar Santoshi,"Bobby Deol, Twinkle Khanna, Raj Babbar, Mukesh Khanna",https://images.unsplash.com/photo-1489599849927-2ee91cede3ba?w=600&auto=format&fit=crop&q=80
tt0806088,Heyy Babyy,2007,2000s,"Comedy, Drama",131 min,131,Family Ties,Feel-good,Medium,Low,6.9,Three bachelors who are compulsive womanizers find their lives turned upside down when a baby is left at their doorstep. The trio suspect each other of being the father.,Sajid Khan,"Akshay Kumar, Fardeen Khan, Riteish Deshmukh, Vidya Balan",https://images.unsplash.com/photo-1489599849927-2ee91cede3ba?w=600&auto=format&fit=crop&q=80
tt0995035,Dhol,2007,2000s,"Comedy, Crime, Mystery",166 min,166,Friendship,Tense & Thrilling,Low,High,6.8,"Four lazy friends try to woo a rich girl, in order to live a wealthy lifestyle. Their plan, however goes horribly wrong after they get embroiled with a notorious criminal.","Priyadarshan, Aman Ullah","Sharman Joshi, Tusshar Kapoor, Kunal Kemmu, Rajpal Naurang Yadav",https://images.unsplash.com/photo-1489599849927-2ee91cede3ba?w=600&auto=format&fit=crop&q=80
tt10916102,Bahut Hua Sammaan,2020,2010s-2023,"Comedy, Crime, Drama",145 min,145,Patriotism & Honor,Deep & Emotional,Medium,Medium,7.2,"With their planned heist gone wrong, Bony and Fundoo get inextricably involved in the pursuit of 'Kohinoor' - quite possibly the biggest scandal the country will ever witness.",Ashish R. Shukla,"Sanjay Mishra, Ram Kapoor, Raghav Juyal, Dibyendu Bhattacharya",https://images.unsplash.com/photo-1489599849927-2ee91cede3ba?w=600&auto=format&fit=crop&q=80
tt0293342,Lajja,2001,2000s,"Action, Crime, Drama",168 min,168,"Courage, Heroism",Adrenaline Rush,Medium,Medium,7.6,The lives of four women from different places are the victims of male chauvinism and marital abuse. They decide to fight for their rights and dignity against the social norms and injustice.,Rajkumar Santoshi,"Manisha Koirala, Jackie Shroff, Madhuri Dixit, Ajay Devgn",https://images.unsplash.com/photo-1489599849927-2ee91cede3ba?w=600&auto=format&fit=crop&q=80
tt0408976,Krishna Cottage,2004,2000s,"Horror, Mystery, Romance",168 min,168,"Fear of Unknown, Survival",Tense & Thrilling,High,High,6.8,A group of collegians are forced to take shelter in a mysterious Krishna Cottage for the night. Little do they know that the cottage is haunted by a spirit.,Santram Varma,"Sohail Khan, Isha Koppikar, Anita Hassanandani Reddy, Rati Agnihotri",https://images.unsplash.com/photo-1489599849927-2ee91cede3ba?w=600&auto=format&fit=crop&q=80
tt0116726,Jung,1996,90s (1990-1999),"Action, Crime, Drama",140 min,140,"Romantic Love, Family Ties, Crime & Justice",Adrenaline Rush,Medium,Medium,8.2,"Jung tells the story of Arjun (Mithun Chakraborty), an honest and passionate police officer who finds himself clashing with his younger brother Ajay (Ajay Devgan), an equally passionate ...                See full summary »",Rama Rao Tatineni,"Mithun Chakraborty, Ajay Devgn, Rambha, Vani Viswanath",https://images.unsplash.com/photo-1489599849927-2ee91cede3ba?w=600&auto=format&fit=crop&q=80
tt8133888,Nela Ticket,2018,2010s-2023,"Action, Comedy, Crime",164 min,164,"Courage, Heroism",Adrenaline Rush,Medium,Medium,7.6,A carefree young man is forced to grow up fast after he incurs the wrath of a corrupt politician.,Kalyan Krishna,"Ravi Teja, Malvika Sharma, Jagapathi Babu, Sampath Raj",https://images.unsplash.com/photo-1489599849927-2ee91cede3ba?w=600&auto=format&fit=crop&q=80
tt0484186,Pyasi Nigahen,1990,90s (1990-1999),Thriller,167 min,167,Revenge,Tense & Thrilling,High,Medium,7.4,"The city quails as a masked murderer stalks nubile women. The law helpless, only the local tantrik (shaman) Dumroo Baba seems to hold the key to catching the murderer...or does he?",Kesar Matharu,"Birbal, Sahila Chaddha, Ajinkya Deo, Annu Kapoor",https://images.unsplash.com/photo-1489599849927-2ee91cede3ba?w=600&auto=format&fit=crop&q=80
tt5842616,Veere Di Wedding,2018,2010s-2023,Comedy,135 min,135,"Friendship, Romantic Love",Feel-good,Low,Low,6.7,Four girls on their way to find true love discover that their friendship must remain strong until the wedding of a friend named Veer.,Shashanka Ghosh,"Kareena Kapoor, Sonam Kapoor, Swara Bhasker, Shikha Talsania",https://images.unsplash.com/photo-1489599849927-2ee91cede3ba?w=600&auto=format&fit=crop&q=80
tt0116308,Fire,1996,90s (1990-1999),"Drama, Romance",181 min,181,Romantic Love,Heartwarming,Medium,Low,7.6,Two women who are abandoned by their husbands find love and solace in each other.,Deepa Mehta,"Shabana Azmi, Nandita Das, Karishma Jhalani, Ramanjeet Kaur",https://images.unsplash.com/photo-1489599849927-2ee91cede3ba?w=600&auto=format&fit=crop&q=80
tt3742284,NH10,2015,2010s-2023,"Action, Crime, Drama",164 min,164,Ambition & Triumph,Adrenaline Rush,Medium,Medium,7.1,"On their way to a weekend retreat, a married couple find their dream vacation turn into a nightmare when they cross paths with a dangerous gang.",Navdeep Singh,"Anushka Sharma, Neil Bhoopalam, Darshan Kumaar, Deepti Naval",https://images.unsplash.com/photo-1489599849927-2ee91cede3ba?w=600&auto=format&fit=crop&q=80
tt10350626,Gunjan Saxena: The Kargil Girl,2020,2010s-2023,"Action, Biography, Drama",154 min,154,Patriotism & Honor,Inspiring,Medium,Medium,7.5,Inspired by the life of a fearless young officer who made history by becoming the first Indian female Air Force officer to fly in a combat zone during the 1999 Kargil War,"ALi Khan AK, Sharan Sharma","Janhvi Kapoor, Pankaj Tripathi, Angad Bedi, Manav Vij",https://images.unsplash.com/photo-1489599849927-2ee91cede3ba?w=600&auto=format&fit=crop&q=80
tt13698928,Silence... Can You Hear It?,2021,2010s-2023,"Crime, Thriller",156 min,156,"Revenge, Secrets & Deception",Tense & Thrilling,High,Medium,6.7,"When everyone is hiding the truth, justice will thrive despite the silence. Prepare for a murder mystery that will keep you guessing till the end.","Aban Bharucha Deohans, Tania Deohans","Sahil Vaid, Saurrabh Kushwaha, Pankaj Anand, Manoj Bajpayee",https://images.unsplash.com/photo-1489599849927-2ee91cede3ba?w=600&auto=format&fit=crop&q=80
tt23220552,Badass Ravikumar,2024,2024-Latest,"Action, Musical",164 min,164,"Courage, Heroism",Deep & Emotional,Medium,Low,7.4,"The Xpose franchise now goes to the next level with Himesh Reshammiya doing a spin-off from his iconic character Ravi Kumar from his hit film 'The Xpose' as an action musical entertainer, in which he is up against 10 sensational villains.",Himesh Reshammiya,"Prabhu Deva, Himesh Reshammiya, Sonia Kapoor",https://images.unsplash.com/photo-1489599849927-2ee91cede3ba?w=600&auto=format&fit=crop&q=80
tt6095994,Khoj,2017,2010s-2023,"Crime, Mystery, Thriller",138 min,138,"Crime & Justice, Secrets & Deception",Tense & Thrilling,Medium,High,7.0,"When a doctor claims that his wife has gone missing, but can only produce a single photo of her, a police inspector begins unearthing secrets that shock the surrounding misty hill town of India.",Arka Ganguly,"Vikram Chatterjee, Shataf Figar, Poonam Gurung, Arnab Bhattacharya",https://images.unsplash.com/photo-1489599849927-2ee91cede3ba?w=600&auto=format&fit=crop&q=80
tt0833476,Jhoom Barabar Jhoom,2007,2000s,"Comedy, Drama, Musical",158 min,158,Romantic Love,Feel-good,Medium,Low,7.8,"A crazy love story full of lies, deceits and a complicated quadrangle where each one has to think quickly and dance around each other's emotions.",Shaad Ali,"Abhishek Bachchan, Preity G Zinta, Bobby Deol, Lara Dutta",https://images.unsplash.com/photo-1489599849927-2ee91cede3ba?w=600&auto=format&fit=crop&q=80
tt3036740,Humshakals,2014,2010s-2023,"Comedy, Drama, Romance",173 min,173,"Humor, Misunderstandings",Feel-good,Medium,Low,6.8,"A comedy centered around three people who each have a lookalike of a lookalike, all with the same name.",Sajid Khan,"Saif Ali Khan, Riteish Deshmukh, Ram Kapoor, Bipasha Basu",https://images.unsplash.com/photo-1489599849927-2ee91cede3ba?w=600&auto=format&fit=crop&q=80
tt0102701,Prahaar: The Final Attack,1991,90s (1990-1999),"Drama, Thriller, Action",170 min,170,Patriotism & Honor,Tense & Thrilling,Medium,Medium,8.2,"Prahaar is the story of Major Chauhan, a tough and stern soldier, trained to destroy the enemy. He can see the enemy on our borders but is unaware of the invisible enemy within ourselves. ...                See full summary »","Subhankar Ghosh, Nana Patekar","Nana Patekar, Dimple Kapadia, Gautam Joglekar, Madhuri Dixit",https://images.unsplash.com/photo-1489599849927-2ee91cede3ba?w=600&auto=format&fit=crop&q=80
tt0326600,Maine Dil Tujhko Diya,2002,2000s,"Action, Romance",157 min,157,"Romantic Love, Family Ties",Deep & Emotional,Medium,Low,7.7,"In order to win his love back, a rebellious youth accepts a deadly challenge from her father with several hurdles.","Sohail Khan, Azim Shaikh","Sohail Khan, Sameera Reddy, Sanjay Dutt, Kabir Bedi",https://images.unsplash.com/photo-1489599849927-2ee91cede3ba?w=600&auto=format&fit=crop&q=80
tt3483712,Raja Natwarlal,2014,2010s-2023,"Crime, Thriller",159 min,159,Crime & Justice,Tense & Thrilling,Medium,Medium,6.8,A small-time con man seeks assistance from his mentor with the intention of settling scores with a gangster.,Kunal Deshmukh,"Emraan Hashmi, Humaima Malik, Paresh Rawal, Kay Kay Menon",https://images.unsplash.com/photo-1489599849927-2ee91cede3ba?w=600&auto=format&fit=crop&q=80
tt12861212,Chhorii,2021,2010s-2023,"Drama, Horror, Thriller",159 min,159,"Human Conflict, Life Lessons",Tense & Thrilling,High,Medium,7.7,Eight-month pregnant Sakshi must save herself and her unborn child from the evil within society and from the fear that lies in the paranormal world.,Vishal Furia,"Nushrratt Bharuccha, Mita Vashisht, Gracy Goswami, Rajesh Jais",https://images.unsplash.com/photo-1489599849927-2ee91cede3ba?w=600&auto=format&fit=crop&q=80
tt5178120,The Song of Scorpions,2017,2010s-2023,Drama,151 min,151,"Romantic Love, Family Ties",Deep & Emotional,Medium,Low,8.3,"Aadam, a camel trader fell in love with Nooran, a tribal woman. But even before they can get to know each other better, Nooran is poisoned by a treachery that sets her on a perilous journey to avenge herself and find her song.",Anup Singh,"Golshifteh Farahani, Irrfan Khan, Waheeda Rehman, Shashank Arora",https://images.unsplash.com/photo-1489599849927-2ee91cede3ba?w=600&auto=format&fit=crop&q=80
tt0114231,Ram Jaane,1995,90s (1990-1999),"Action, Crime, Drama",147 min,147,"Friendship, Crime & Justice, Patriotism & Honor",Adrenaline Rush,Medium,Medium,8.1,"A social worker tries diligently to steer a group of wayward street urchins on the right path. But his childhood friend, now a fearless gangster, plans to bring the children into his fold.",Rajiv Mehra,"Shah Rukh Khan, Juhi Chawla, Vivek Mushran, Pankaj Kapur",https://images.unsplash.com/photo-1489599849927-2ee91cede3ba?w=600&auto=format&fit=crop&q=80
tt5785200,Machine,2017,2010s-2023,"Action, Mystery, Romance",165 min,165,Romantic Love,Tense & Thrilling,Medium,High,6.9,"Machine depicts the story of racing enthusiasts , who meet each other under mysterious circumstances. As their bond becomes stronger, they eventually fall in love. However, new things begin to unfold, which change their lives forever","Abbas Alibhai Burmawalla, Mastan Alibhai Burmawalla, Abinash Rout","Kiara Advani, Rishabh Arora, Mustafa Burmawala, Shabbir Burmawala",https://images.unsplash.com/photo-1489599849927-2ee91cede3ba?w=600&auto=format&fit=crop&q=80
tt17320574,Acting Ka Bhoot,2023,2010s-2023,"Comedy, Crime",139 min,139,"Romantic Love, Ambition & Triumph",Deep & Emotional,Low,Medium,8.1,"Two Con Artists with shattered lives and dreams who end up falling in love, while trying to scam each other.",Shashank Kumar,"Aham Sharma, Rajni Katiyar, Saanand Verma, Ishtiyak Khan",https://images.unsplash.com/photo-1489599849927-2ee91cede3ba?w=600&auto=format&fit=crop&q=80
tt0255212,Hamara Dil Aapke Paas Hai,2000,2000s,"Action, Drama, Romance",170 min,170,"Family Ties, Patriotism & Honor",Heartwarming,Medium,Low,7.2,"Inspired by the Telugu film, ""Pelli Chuskundam,"" the plot follows the life of a rape victim (Aishwarya Rai). Now, a disgrace to her family, she is turned away from her house after the ...                See full summary »",Satish Kaushik,"Anil Kapoor, Aishwarya Rai Bachchan, Sonali Bendre, Puru Rajkumar",https://images.unsplash.com/photo-1489599849927-2ee91cede3ba?w=600&auto=format&fit=crop&q=80
tt0285958,Pyaar Ishq Aur Mohabbat,2001,2000s,"Drama, Musical, Romance",156 min,156,"Human Conflict, Life Lessons",Heartwarming,Medium,Low,7.4,"Young and beautiful Isha Nair has three admirers - Yash Sabharwal, Gaurav Saxena and Taj Bharadwaj; all of them comes from affluent backgrounds and are willing to go to any length in order ...                See full summary »",Rajiv Rai,"Arjun Rampal, Kirti Reddy, Suniel Shetty, Aftab Shivdasani",https://images.unsplash.com/photo-1489599849927-2ee91cede3ba?w=600&auto=format&fit=crop&q=80
tt7963804,Pantham,2018,2010s-2023,Action,159 min,159,"Courage, Heroism",Deep & Emotional,Medium,Low,7.6,Vikranth is a vigilante who has targeted 'Nayak Bhai' and his money. Who is Vikranth and what is his beef with Nayak forms the crux of the story.,K. Chakravarthy Reddy,"Gopichand, Mehreen Pirzada, Ajay, Joy Badlani",https://images.unsplash.com/photo-1489599849927-2ee91cede3ba?w=600&auto=format&fit=crop&q=80
tt0456500,Kyaa Kool Hai Hum,2005,2000s,"Comedy, Mystery",145 min,145,Secrets & Deception,Feel-good,Low,High,7.2,Karan and Rahul are fashion designers and surives on food of others functions. But some twists and confusion changes their life.,Sangeeth Sivan,"Tusshar Kapoor, Riteish Deshmukh, Isha Koppikar, Neha Dhupia",https://images.unsplash.com/photo-1489599849927-2ee91cede3ba?w=600&auto=format&fit=crop&q=80
tt7527082,Hamid,2018,2010s-2023,Drama,163 min,163,Family Ties,Deep & Emotional,Medium,Low,7.7,"Eight year-old Hamid learns that 786 is God's number and decides to try and reach out to God, by dialing this number. He wants to talk to his father, who his mother tells him has gone to Allah. One fine day the phone call is answered.",Aijaz Khan,"Talha Arshad Reshi, Vikas Kumar, Rasika Dugal, Sumit Kaul",https://images.unsplash.com/photo-1489599849927-2ee91cede3ba?w=600&auto=format&fit=crop&q=80
tt0493437,Apna Sapna Money Money,2006,2000s,"Comedy, Musical, Romance",154 min,154,"Humor, Misunderstandings",Feel-good,Low,Low,7.9,"Kishan is a young man from Goa whose brain is full of every conceivable trick to make a quick buck. He cons people by slipping into different outfits and by assuming many guises. Julie, is ...                See full summary »",Sangeeth Sivan,"Riteish Deshmukh, Shreyas Talpade, Riya Sen, Koena Mitra",https://images.unsplash.com/photo-1489599849927-2ee91cede3ba?w=600&auto=format&fit=crop&q=80
tt0272062,Daag: The Fire,1999,90s (1990-1999),"Action, Drama, Thriller",138 min,138,"Revenge, Patriotism & Honor",Tense & Thrilling,Medium,Medium,8.2,"Karan, a former soldier tries to extract revenge from a corrupted lawyer. In the process, the lawyer loses his mental balance and Karan needs to treat him to get him killed.",Raj Kanwar,"Sanjay Dutt, Chandrachur Singh, Mahima Chaudhry, Shakti Kapoor",https://images.unsplash.com/photo-1489599849927-2ee91cede3ba?w=600&auto=format&fit=crop&q=80
tt0833484,The Killer,2006,2000s,"Action, Crime, Drama",168 min,168,Revenge,Adrenaline Rush,Medium,Medium,8.0,A cab driver finds himself held hostage by a hitman who forces him to drive through the roads of Dubai and help him kill his targets.,"Hasnain Hyderabadwala, Raksha Mistry","Irrfan Khan, Emraan Hashmi, Priyanka Kothari, Bharti Achrekar",https://images.unsplash.com/photo-1489599849927-2ee91cede3ba?w=600&auto=format&fit=crop&q=80
tt26627624,Siren,2023,2010s-2023,"Crime, Thriller",136 min,136,Revenge,Tense & Thrilling,High,Medium,6.9,"Samarth, a young IPS officer, is given his first assignment to solve a murder case. As he investigates, a pandora's box opens. Can he solve it?",Raja Venkiya,"Praveer Shetty, Lasya Ponnu Ash, Achyuth Kumar, Pavitra Lokesh",https://images.unsplash.com/photo-1489599849927-2ee91cede3ba?w=600&auto=format&fit=crop&q=80
tt8976992,Laila Aur Satt Geet,2020,2010s-2023,Drama,131 min,131,Family Ties,Deep & Emotional,Medium,Low,8.0,"Laila Aur Satt Geet is part allegory, part ethnographic study, and part feminist fairy tale, using the narrative device of local folk songs - seven, to be exact - to describe the protagonist - Laila's inner and outer worlds.",Pushpendra Singh,"Navjot Randhawa, Sadakkit Bijran, Shahnawaz Bhat, Ranjit Khajuria",https://images.unsplash.com/photo-1489599849927-2ee91cede3ba?w=600&auto=format&fit=crop&q=80
tt1292703,Oye Lucky! Lucky Oye!,2008,2000s,"Comedy, Crime, Drama",154 min,154,Crime & Justice,Deep & Emotional,Medium,Medium,7.1,"Lovinder Singh, a thief now in custody and facing trial, reflects on his life of crime while the press reflect on how he managed to get away with so much before being arrested.",Dibakar Banerjee,"Abhay Deol, Paresh Rawal, Nitu Chandra, Archana Puran Singh",https://images.unsplash.com/photo-1489599849927-2ee91cede3ba?w=600&auto=format&fit=crop&q=80
tt10463030,Bhoot: Part One - The Haunted Ship,2020,2010s-2023,"Horror, Mystery, Thriller",142 min,142,Secrets & Deception,Tense & Thrilling,High,High,7.0,A bereaved shipping officer investigates the mystery behind a ghost ship that washes ashore in Mumbai.,Bhanu Pratap Singh,"Vicky Kaushal, Ashutosh Rana, Meher Vij, Akash Dhar",https://images.unsplash.com/photo-1489599849927-2ee91cede3ba?w=600&auto=format&fit=crop&q=80
tt6265050,Shabaash Mithu,2022,2010s-2023,"Biography, Drama, Sport",169 min,169,Ambition & Triumph,Inspiring,Medium,Medium,7.8,"A biopic based on the life and struggles of Mithali Raj, Indian Cricketer, and captain of the Indian National Cricket team.",Srijit Mukherji,"Taapsee Pannu, Vijay Raaz, Geeta Agrawal Sharma, Sameer Dharmadhikari",https://images.unsplash.com/photo-1489599849927-2ee91cede3ba?w=600&auto=format&fit=crop&q=80
tt0437238,Hulchul,2004,2000s,"Action, Comedy, Drama",140 min,140,"Revenge, Romantic Love",Feel-good,Medium,Low,7.4,"A man and woman from feuding families each pretend to fall in love, as part of a revenge plot. Chaos ensues when their fake romance becomes a reality.",Priyadarshan,"Akshaye Khanna, Kareena Kapoor, Amrish Puri, Lakshmi",https://images.unsplash.com/photo-1489599849927-2ee91cede3ba?w=600&auto=format&fit=crop&q=80
tt8108206,Saand Ki Aankh,2019,2010s-2023,"Biography, Drama",167 min,167,Revenge,Inspiring,Medium,Medium,7.7,"Both over the age of 60, Chandro Tomar and Prakashi Tomar inspire other women in India when they demonstrate their expert sharpshooting skills.",Tushar Hiranandani,"Taapsee Pannu, Bhumi Pednekar, Prakash Jha, Vineet Kumar Singh",https://images.unsplash.com/photo-1489599849927-2ee91cede3ba?w=600&auto=format&fit=crop&q=80
tt0111625,Vijaypath,1994,90s (1990-1999),"Action, Drama, Romance",135 min,135,"Revenge, Family Ties",Heartwarming,Medium,Low,7.1,"When a notorious criminal is apprehended by an industrious inspector and subsequently convicted by the officer's brother, he seeks the ultimate revenge against the family.",Farogh Siddique,"Ajay Devgn, Tabu, Suresh Oberoi, Reema Lagoo",https://images.unsplash.com/photo-1489599849927-2ee91cede3ba?w=600&auto=format&fit=crop&q=80
tt13451738,Kodiyil Oruvan,2021,2010s-2023,"Action, Drama",151 min,151,"Courage, Heroism",Deep & Emotional,Medium,Low,8.1,Situations push a common man to oppose an influential guy in his area and how he develops himself stronger to fight back his enemies forms the crux of the story.,Ananda Krishnan,"Vijay Antony, Aathmika, Divya Prabha, Ramachandra Raju",https://images.unsplash.com/photo-1489599849927-2ee91cede3ba?w=600&auto=format&fit=crop&q=80
tt7162758,Paltan,2018,2010s-2023,"Action, Drama, History",143 min,143,Patriotism & Honor,Inspiring,Medium,Low,7.7,An action-war drama based on the 1967 Nathu La and Cho La clashes along the Sikkim border after 1962 Sino-Indian War.,J.P. Dutta,"Jackie Shroff, Arjun Rampal, Sonu Sood, Gurmeet Choudhary",https://images.unsplash.com/photo-1489599849927-2ee91cede3ba?w=600&auto=format&fit=crop&q=80
tt0299108,Rehnaa Hai Terre Dil Mein,2001,2000s,"Comedy, Drama, Musical",154 min,154,"Romantic Love, Family Ties",Feel-good,Medium,Low,7.5,"Maddy impersonates Rajeev, the person his love interest, Reena, is about to marry and attempts to woo her. However, he is unprepared for the moment when the truth will be revealed.",Gautham Vasudev Menon,"Madhavan, Saif Ali Khan, Dia Mirza, Vrajesh Hirjee",https://images.unsplash.com/photo-1489599849927-2ee91cede3ba?w=600&auto=format&fit=crop&q=80
tt0833553,Ta Ra Rum Pum,2007,2000s,"Comedy, Drama, Family",167 min,167,"Humor, Misunderstandings",Feel-good,Medium,Low,7.8,Ace car racer RV and his wife have the world at their feet. But he has an accident and his world is turned upside down. Can he reclaim his lost glory?,Siddharth Anand,"Saif Ali Khan, Rani Mukerji, Jaaved Jaaferi, Ali Haji",https://images.unsplash.com/photo-1489599849927-2ee91cede3ba?w=600&auto=format&fit=crop&q=80
tt11112526,Indoo Ki Jawani,2020,2010s-2023,"Comedy, Drama",130 min,130,"Humor, Misunderstandings",Feel-good,Medium,Low,6.7,A coming-of-age story of a girl who experience life through misadventures & dating apps.,Abir Sengupta,"Kiara Advani, Aditya Seal, Mallika Dua, Kimsa Sok",https://images.unsplash.com/photo-1489599849927-2ee91cede3ba?w=600&auto=format&fit=crop&q=80
tt1954206,The Dirty Picture,2011,2010s-2023,"Biography, Comedy, Drama",177 min,177,Romantic Love,Feel-good,Medium,Medium,7.7,"The love story between an actress and a director, inspired by the life of the late south Indian actress Silk Smitha.",Milan Luthria,"Vidya Balan, Emraan Hashmi, Tusshar Kapoor, Naseeruddin Shah",https://images.unsplash.com/photo-1489599849927-2ee91cede3ba?w=600&auto=format&fit=crop&q=80
tt9495690,Pagalpanti,2019,2010s-2023,"Action, Comedy",148 min,148,"Friendship, Crime & Justice",Feel-good,Medium,Low,6.6,"3 men, considered as losers in their lives by the people, plan to get rich along with their girlfriends by fooling 2 gangsters and robbing their money.",Anees Bazmee,"Anil Kapoor, John Abraham, Ileana D'Cruz, Arshad Warsi",https://images.unsplash.com/photo-1489599849927-2ee91cede3ba?w=600&auto=format&fit=crop&q=80
tt0330217,Dil Ka Rishta,2003,2000s,"Drama, Musical, Romance",147 min,147,"Revenge, Romantic Love, Secrets & Deception",Heartwarming,Medium,Low,6.6,"A man faces a dilemma after he accidentally kills his lover's fiancee and hides this secret from her, not knowing that it may create a rift in their lives.",Naresh Malhotra,"Arjun Rampal, Aishwarya Rai Bachchan, Priyanshu Chatterjee, Rakhee Gulzar",https://images.unsplash.com/photo-1489599849927-2ee91cede3ba?w=600&auto=format&fit=crop&q=80
tt10885444,Khaali Peeli,2020,2010s-2023,"Action, Comedy, Romance",136 min,136,"Courage, Heroism",Feel-good,Medium,Low,6.6,Follows a taxi driver who picks up a girl while he is on the run and ends up in a crazy roller-coaster of events.,Maqbool Khan,"Ishaan Khattar, Ananya Panday, Sayeem Afran, Jaideep Ahlawat",https://images.unsplash.com/photo-1489599849927-2ee91cede3ba?w=600&auto=format&fit=crop&q=80
tt3836958,Shamitabh,2015,2010s-2023,Drama,136 min,136,"Human Conflict, Life Lessons",Deep & Emotional,Medium,Low,6.5,"An aspiring actor with the inability to speak, joins forces with a man who has a powerful voice. Together they take the film industry by storm, but will their egos get in the way?",R. Balki,"Amitabh Bachchan, Dhanush, Akshara Haasan, Abhinaya",https://images.unsplash.com/photo-1489599849927-2ee91cede3ba?w=600&auto=format&fit=crop&q=80
tt1629715,Miss Lovely,2012,2010s-2023,"Crime, Drama, Romance",169 min,169,"Romantic Love, Family Ties",Heartwarming,Medium,Medium,7.8,"A Hindi feature film set in the lower depths of Bombay's ""C"" grade film industry. Miss Lovely follows the devastating story of two brothers who produce sleazy horror films in the mid-1980s.",Ashim Ahluwalia,"Nawazuddin Siddiqui, Niharika Singh, Anil George, Zeena Bhatia",https://images.unsplash.com/photo-1489599849927-2ee91cede3ba?w=600&auto=format&fit=crop&q=80
tt0193102,Dil Ka Kya Kasoor,1992,90s (1990-1999),"Musical, Romance",160 min,160,"Friendship, Family Ties",Deep & Emotional,Medium,Low,6.8,"Shalini Saxena lives a wealthy life-style with her brother Rajesh. She attends college and writes a few poems under the name Seema as part time activity, she meets her fellow collegian an ...                See full summary »",Lawrence D'Souza,"Prithvi Vazir, Divya Bharti, Sanam, Laxmikant Berde",https://images.unsplash.com/photo-1489599849927-2ee91cede3ba?w=600&auto=format&fit=crop&q=80
tt0111308,Suhaag,1994,90s (1990-1999),"Action, Comedy, Drama",147 min,147,"Friendship, Family Ties",Feel-good,Medium,Low,7.7,"Collegian Ajay Sharma was born on 2 April 1968 and lives in Bombay with his widowed mom Asha. He is friendly with fellow-collegian Raj Sinha, from a wealthy family. Ajay often gets beaten ...                See full summary »",Kuku Kohli,"Ajay Devgn, Akshay Kumar, Karisma Kapoor, Nagma",https://images.unsplash.com/photo-1489599849927-2ee91cede3ba?w=600&auto=format&fit=crop&q=80
tt0110942,Raja Babu,1994,90s (1990-1999),"Action, Comedy, Drama",168 min,168,Family Ties,Feel-good,Medium,Low,7.9,A man tries to become a better son after his intended bride rejects him and he learns he was adopted from a poor family.,David Dhawan,"Govinda, Karisma Kapoor, Shakti Kapoor, Kader Khan",https://images.unsplash.com/photo-1489599849927-2ee91cede3ba?w=600&auto=format&fit=crop&q=80
tt13171178,Parivartan,2022,2010s-2023,Family,162 min,162,Family Ties,Deep & Emotional,Medium,Low,7.0,"Parivartan is a Hindi web film based on family drama concept, starring by Simran Sharma, Vineet Singh Chandel and Girish Thapar while written and directed by Pranav Vatsa.",Pranav Vatsa,"Vineet Singh Chandel, Geeta Gopal Govekar, Ziya Seikh, Simmran Sharma",https://images.unsplash.com/photo-1489599849927-2ee91cede3ba?w=600&auto=format&fit=crop&q=80
tt3004774,Tigers,2014,2010s-2023,Drama,148 min,148,"Human Conflict, Life Lessons",Deep & Emotional,High,Low,6.6,"Ayan, a pharmaceutical salesman in Pakistan, takes on the multinational health care corporation he works for after he realizes they knowingly marketed a baby formula that's responsible for the death of hundreds of babies everyday.",Danis Tanovic,"Emraan Hashmi, Geetanjali Thapa, Danny Huston, Khalid Abdalla",https://images.unsplash.com/photo-1489599849927-2ee91cede3ba?w=600&auto=format&fit=crop&q=80
tt0149568,Aa Ab Laut Chalen,1999,90s (1990-1999),"Musical, Romance, Drama",153 min,153,"Human Conflict, Life Lessons",Heartwarming,Medium,Low,7.7,Rohan Khanna leaves India hoping for a better life in America.,Rishi Kapoor,"Rajesh Khanna, Akshaye Khanna, Aishwarya Rai Bachchan, Suman Ranganath",https://images.unsplash.com/photo-1489599849927-2ee91cede3ba?w=600&auto=format&fit=crop&q=80
tt0341549,Rishtey,2002,2000s,"Action, Drama, Romance",154 min,154,"Romantic Love, Family Ties, Ambition & Triumph",Heartwarming,Medium,Low,7.9,Suraj Singh (Anil Kapoor) is in love with the beautiful and wealthy Komal (Karisma Kapoor). They dream of their perfect family together but her arrogant father Yashpal Chaudhary (Amrish ...                See full summary »,Indra Kumar,"Anil Kapoor, Karisma Kapoor, Shilpa Shetty Kundra, Kaivalya Chheda",https://images.unsplash.com/photo-1489599849927-2ee91cede3ba?w=600&auto=format&fit=crop&q=80
tt0172234,Chaahat,1996,90s (1990-1999),"Drama, Romance",178 min,178,"Revenge, Romantic Love, Family Ties",Heartwarming,Medium,Low,6.9,"Roop and his father come to the city for medical treatment and Reshma falls in love with Roop. Roop loves Pooja, but when Reshma threatens to kill herself, Roop agrees to marry her.",Mahesh Bhatt,"Naseeruddin Shah, Shah Rukh Khan, Pooja Bhatt, Anupam Kher",https://images.unsplash.com/photo-1489599849927-2ee91cede3ba?w=600&auto=format&fit=crop&q=80
tt0294264,Aalavandhan,2001,2000s,"Action, Crime, Thriller",160 min,160,"Revenge, Family Ties",Tense & Thrilling,Medium,Medium,7.7,"Nandu and Vijay are brothers, who were abused by their stepmother during their younger days. Nandhu, who is mentally ill, decides to kill Vijay's fiancee as he visualizes her as his stepmother.",Suresh Krishna,"Kamal Haasan, Raveena Tandon, Manisha Koirala, Kitu Gidwani",https://images.unsplash.com/photo-1489599849927-2ee91cede3ba?w=600&auto=format&fit=crop&q=80
tt10309906,Shubh Mangal Zyada Saavdhan,2020,2010s-2023,"Comedy, Crime, Romance",154 min,154,"Romantic Love, Family Ties",Deep & Emotional,Low,Medium,7.4,"The road to achieving a happy ending is a little too rough for two guys Kartik and Aman. While Aman's family tries hard to battle his love for Kartik, Kartik isn't prepared to step back until he marries Aman.",Hitesh Kewalya,"Ayushmann Khurrana, Jitendra Kumar, Gajraj Rao, Neena Gupta",https://images.unsplash.com/photo-1489599849927-2ee91cede3ba?w=600&auto=format&fit=crop&q=80
tt5358948,One Night Stand,2016,2010s-2023,"Drama, Romance",178 min,178,"Human Conflict, Life Lessons",Heartwarming,Medium,Low,6.9,The story is about Urvil Raisingh and Celina who meet at an event and a memorable night later. Returning back home they continue with their lives. The memories of Celina haunt Urvil. What happens next forms the crux of the unfolding drama. One Night Stand explores the hypocritical world we live in. What is it that Urvil wants?,Jasmine D'Souza,"Tanuj Virwani, Sunny Leone, Narendra Jetley, Aamir Ahmed",https://images.unsplash.com/photo-1489599849927-2ee91cede3ba?w=600&auto=format&fit=crop&q=80
tt0824375,Nishabd,2007,2000s,Drama,138 min,138,"Friendship, Romantic Love, Family Ties",Deep & Emotional,Medium,Low,7.5,"A man, who has been married for 27 years, falls in love with his 18-year-old daughter's friend.",Ram Gopal Varma,"Amitabh Bachchan, Jiah Khan, Revathi, Nassar",https://images.unsplash.com/photo-1489599849927-2ee91cede3ba?w=600&auto=format&fit=crop&q=80
tt0213753,Kadhalar Dinam,1999,90s (1990-1999),"Drama, Musical, Romance",184 min,184,"Friendship, Romantic Love, Family Ties",Heartwarming,Medium,Low,8.1,"Two college students, the slum child Raja and the dean's daughter Roja, chat with each other over the Internet and fall in love. However, Roja is engaged and Raja cannot bear to disrespect her father, to whom he owes his livelihood.",Kathir,"Kunal, Sonali Bendre, Nassar, Goundamani",https://images.unsplash.com/photo-1489599849927-2ee91cede3ba?w=600&auto=format&fit=crop&q=80
tt2976172,Sixteen,2013,2010s-2023,"Drama, Romance, Thriller",151 min,151,"Human Conflict, Life Lessons",Tense & Thrilling,Medium,Medium,6.6,"Welcome to sixteen's world. A world where growing up has speeded up multifold times. Once upon a time, it was the age of innocence, the age of sweetness, the age when one had the first ...                See full summary »","Raj Purohit, LAl Mohan","Wamiqa Gabbi, Izabelle Leite, Mehak Manwani, Highphill Mathew",https://images.unsplash.com/photo-1489599849927-2ee91cede3ba?w=600&auto=format&fit=crop&q=80
tt10816692,Lohardaga,2023,2010s-2023,Drama,138 min,138,"Crime & Justice, Patriotism & Honor, Ambition & Triumph",Deep & Emotional,Medium,Low,6.6,"A twenty year old boy Manu, who dreams of joining the Indian Army, ends up joining Maoists because of a dubious job agent, who manipulates Manu that the government is awarding jobs to the Maoists who surrender.",Lal Vijay Shahdeo,"Priya Ambust, Raquib Arshad, Sanjay Barman, Amit Kumar Bhagat",https://images.unsplash.com/photo-1489599849927-2ee91cede3ba?w=600&auto=format&fit=crop&q=80
tt1582597,Sathyam,2008,2000s,"Action, Crime, Drama",168 min,168,Crime & Justice,Adrenaline Rush,Medium,Medium,8.2,"Sathyam, an assistant police commissioner, fights crime in his own way.",Rajsekhar,"Vishal, Nayanthara, Brahmanandam, Kota Srinivasa Rao",https://images.unsplash.com/photo-1489599849927-2ee91cede3ba?w=600&auto=format&fit=crop&q=80
tt12338956,Salmon 3D,2023,2010s-2023,"Romance, Thriller",135 min,135,"Friendship, Revenge, Family Ties",Tense & Thrilling,High,Medium,6.8,"Sarfarosh, wife Sameera and daughter Shaza are living their life in Dubai. While his wife and daughter go to their native town, his college mates arrange a surprise party for him. As they arrive in Dubai, a mysterious murder takes place.",Shalil Kallur,"Vijay Yesudas, Jonita Doda, Rajeev Pillai, Dhruvanth",https://images.unsplash.com/photo-1489599849927-2ee91cede3ba?w=600&auto=format&fit=crop&q=80
tt0107060,Gumrah,1993,90s (1990-1999),"Action, Crime, Drama",149 min,149,"Courage, Heroism",Adrenaline Rush,Medium,Medium,6.9,"Roshni Chadha is the only child of Sharda Chhadha, and has no knowledge of the whereabouts of her absconding dad, Prakash Chhadha. Roshni is introduced to Rahul Malhotra and both are ...                See full summary »",Mahesh Bhatt,"Sanjay Dutt, Sridevi, Anupam Kher, Rahul Roy",https://images.unsplash.com/photo-1489599849927-2ee91cede3ba?w=600&auto=format&fit=crop&q=80
tt4896974,Chimanee Pakhre,2000,2000s,Drama,137 min,137,Revenge,Deep & Emotional,High,Low,7.4,"Nandini is on last stage of cancer during this time tragedy strikes as her husband is killed by a village rival,Nandini now is forced to put all her four children for adoption to give them a better life.",Mahesh Kothare,"Anand Abhyankar, Laxmikant Berde, Priya Arun Berde, Nagesh Bhonsle",https://images.unsplash.com/photo-1489599849927-2ee91cede3ba?w=600&auto=format&fit=crop&q=80
tt1194608,Ek Vivaah... Aisa Bhi,2008,2000s,"Drama, Romance",167 min,167,"Romantic Love, Family Ties",Heartwarming,Medium,Low,6.7,"A middle class girl, who lives with her family, falls in love with a rich boy. On the day of her engagement her father dies. In order to take care of her siblings, she must sacrifice her love.",Kaushik Ghatak,"Isha Koppikar, Sonu Sood, Anand Abhyankar, Daman Baggan",https://images.unsplash.com/photo-1489599849927-2ee91cede3ba?w=600&auto=format&fit=crop&q=80
tt1578261,Break Ke Baad,2010,2010s-2023,"Comedy, Drama, Romance",183 min,183,"Friendship, Romantic Love",Feel-good,Medium,Low,8.2,"Aaliya is not ready for commitment even after a decade-long friendship with Abhay. She remains indifferent when he follows her to Australia, but is finally shaken when he announces his marriage.",Danish Aslam,"Imran Khan, Deepika Padukone, Namit Shah, Parzaan Dastur",https://images.unsplash.com/photo-1489599849927-2ee91cede3ba?w=600&auto=format&fit=crop&q=80
tt2137241,Rock On 2,2016,2010s-2023,"Drama, Music",136 min,136,"Human Conflict, Life Lessons",Deep & Emotional,Medium,Low,6.7,"The band, Magik reunites with some new members.",Shujaat Saudagar,"Farhan Akhtar, Shraddha Kapoor, Arjun Rampal, Purab Kohli",https://images.unsplash.com/photo-1489599849927-2ee91cede3ba?w=600&auto=format&fit=crop&q=80
tt1629241,Bumm Bumm Bole,2010,2010s-2023,"Drama, Family, Thriller",154 min,154,Family Ties,Tense & Thrilling,Medium,Medium,7.6,Pinu loses his sister Rimzim's shoes so they both decide to share a pair of shoes until their father has saved enough money to buy a new pair.,Priyadarshan,"Atul Kulkarni, Rituparna Sengupta, Darsheel Safary, Ziyah Vastani",https://images.unsplash.com/photo-1489599849927-2ee91cede3ba?w=600&auto=format&fit=crop&q=80
tt0109134,Anjaam,1994,90s (1990-1999),"Crime, Drama, Thriller",151 min,151,Romantic Love,Tense & Thrilling,Medium,Medium,6.8,Vijay falls in love Shivani and proposes her only to be rejected every time. However his love turns into an obsession and turns her life into a hell.,Rahul Rawail,"Madhuri Dixit, Shah Rukh Khan, Tinnu Anand, Johny Lever",https://images.unsplash.com/photo-1489599849927-2ee91cede3ba?w=600&auto=format&fit=crop&q=80
tt11027850,Hacked,2020,2010s-2023,Thriller,166 min,166,"Self-Discovery, Destiny",Tense & Thrilling,Medium,Medium,6.9,A young woman finds her life turned upside down when she rejects the advances of a teenage hacker.,Vikram Bhatt,"Hina Khan, Komal Chhabria, Sougata Ghosh, Rohan Shah",https://images.unsplash.com/photo-1489599849927-2ee91cede3ba?w=600&auto=format&fit=crop&q=80
tt15715122,Dybbuk: The Curse Is Real,2021,2010s-2023,"Drama, Horror",133 min,133,"Human Conflict, Life Lessons",Tense & Thrilling,High,Low,6.5,"Mahi, a newly married woman, brings an antique Jewish box into her home. When Mahi and her husband Sam begin to have paranormal experiences, they soon learn that the box is a dybbuk ...                See full summary »",Jay.k,"Emraan Hashmi, Nikita Dutta, Manav Kaul, Imaaduddin Shah",https://images.unsplash.com/photo-1489599849927-2ee91cede3ba?w=600&auto=format&fit=crop&q=80
tt4545630,Sardaar Gabbar Singh,2016,2010s-2023,"Action, Comedy, Crime",166 min,166,Crime & Justice,Adrenaline Rush,Medium,Medium,7.2,A kingdom called Rathanpur was taken ruthlessly by a feudal lord named Bhairav Singh. The princess of that empire was in a hopeless situation until a maverick cop named Sardaar Gabbar Singh came along.,K.S. Ravindra,"Pawan Kalyan, Kajal Aggarwal, Sharad Kelkar, Sanjjanaa Galrani",https://images.unsplash.com/photo-1489599849927-2ee91cede3ba?w=600&auto=format&fit=crop&q=80
tt21387380,Kacchey Limbu,2022,2010s-2023,"Drama, Family",165 min,165,Ambition & Triumph,Deep & Emotional,Medium,Low,7.0,A wilful young girl who is in the race of fulfilling dreams imposed on her by everyone and being at the receiving end each time.,Shubham Yogi,"Sukhita Aiyar, Rajat Barmecha, Radhika Madan, Ayush Mehra",https://images.unsplash.com/photo-1489599849927-2ee91cede3ba?w=600&auto=format&fit=crop&q=80
tt0328671,Yeh Hai Jalwa,2002,2000s,"Comedy, Drama, Romance",176 min,176,Patriotism & Honor,Feel-good,Medium,Low,6.8,"Raj Saxena (Salman Khan) goes to London, expecting his long-lost dad (Rishi Kapoor) to warmly greet him, but things do not go as planned.",David Dhawan,"Rishi Kapoor, Salman Khan, Ameesha Patel, Rati Agnihotri",https://images.unsplash.com/photo-1489599849927-2ee91cede3ba?w=600&auto=format&fit=crop&q=80
tt0758053,Saawariya,2007,2000s,"Drama, Musical, Romance",178 min,178,"Romantic Love, Ambition & Triumph",Heartwarming,Medium,Low,7.9,"Two souls arrive in a small town, one on vacation, the other to meet a lover. They spend the most magical dream-like days of their lives in that town... with each other.",Sanjay Leela Bhansali,"Ranbir Kapoor, Sonam Kapoor, Salman Khan, Rani Mukerji",https://images.unsplash.com/photo-1489599849927-2ee91cede3ba?w=600&auto=format&fit=crop&q=80
tt21279420,Emergency,2023,2010s-2023,"Drama, History",190 min,190,"Human Conflict, Life Lessons",Inspiring,Medium,Low,8.2,"Based on true events that unfolded in 1975. The chronicles incidents that took place under the leadership of Mrs Indira Gandhi, one of the most Powerful Women in Indian History.",Kangana Ranaut,"Anupam Kher, Kangana Ranaut, Satish Kaushik, Mahima Chaudhry",https://images.unsplash.com/photo-1489599849927-2ee91cede3ba?w=600&auto=format&fit=crop&q=80
tt0341455,Makdee,2002,2000s,"Comedy, Family, Fantasy",179 min,179,Family Ties,Feel-good,Low,Low,8.1,"In a small North Indian village, Legend has it that a 100 years-old witch lives in an abandoned mansion on the village outskirts, and any person who goes inside is turned into an animal. In...                See full summary »",Vishal Bhardwaj,"Shabana Azmi, Shweta Basu Prasad, Makrand Deshpande, Aalaap Majgavkar",https://images.unsplash.com/photo-1489599849927-2ee91cede3ba?w=600&auto=format&fit=crop&q=80
tt13149544,Black Rose,2021,2010s-2023,Thriller,164 min,164,Revenge,Tense & Thrilling,High,High,7.8,Titli dies in a car accident but Inspector Tara doubts it as a planned murder... The Complete movie is about the investigation.,"Hemant N Mishra, Sandeep Rampher Kumar","Samiksha Bhatnagar, Abhilash Narain, Sanjana Shukla, Jai Shanker Tripathi",https://images.unsplash.com/photo-1489599849927-2ee91cede3ba?w=600&auto=format&fit=crop&q=80
tt0490210,Sarkar Raj,2008,2000s,"Action, Crime, Drama",147 min,147,Family Ties,Adrenaline Rush,Medium,Medium,7.5,An even more powerful gang emerges to wipe out Sarkar from the playground. A power plant proposal becomes a cause for greater political turmoil around him. What happens to the Family?,Ram Gopal Varma,"Amitabh Bachchan, Abhishek Bachchan, Aishwarya Rai Bachchan, Ravi Kale",https://images.unsplash.com/photo-1489599849927-2ee91cede3ba?w=600&auto=format&fit=crop&q=80
tt1267500,Phoonk,2008,2000s,"Drama, Horror, Mystery",132 min,132,Family Ties,Tense & Thrilling,High,High,7.2,An atheist is forced to consult an exorcist after his daughter shows signs of being possessed.,Ram Gopal Varma,"Sudeep, Amruta Khanvilkar, Ahsaas Channa, Ashwini Kalsekar",https://images.unsplash.com/photo-1489599849927-2ee91cede3ba?w=600&auto=format&fit=crop&q=80
tt1773109,Yamla Pagla Deewana,2011,2010s-2023,"Action, Comedy, Drama",137 min,137,Family Ties,Feel-good,Medium,Low,7.4,A married Canadian travels to India to re-unite with his estranged father and brother but faces obstacles and challenges.,"Samir Karnik, Jeet Rataul","Nafisa Ali, Yugesh Anil, Madhuri Bhattacharya, Bhupindder Bhoopii",https://images.unsplash.com/photo-1489599849927-2ee91cede3ba?w=600&auto=format&fit=crop&q=80
tt0173156,Saajan Ka Ghar,1994,90s (1990-1999),Drama,149 min,149,Family Ties,Deep & Emotional,Medium,Low,8.0,"The Dhanrajs are blessed with a daughter. However, during childbirth, Dhanraj's wife dies and he blames his daughter for his wife's fate. He refuses to see her face and remarries. His ...                See full summary »",Surendra Kumar Bohra,"Rishi Kapoor, Juhi Chawla, Deepak Tijori, Farheen",https://images.unsplash.com/photo-1489599849927-2ee91cede3ba?w=600&auto=format&fit=crop&q=80
tt0490170,Love Story 2050,2008,2000s,"Action, Adventure, Drama",152 min,152,Friendship,Deep & Emotional,Medium,Low,7.7,"With the help of his uncle, a man travels to the future to try and bring his girlfriend back to life.",Harry Baweja,"Harman Baweja, Priyanka Chopra Jonas, Boman Irani, Archana Puran Singh",https://images.unsplash.com/photo-1489599849927-2ee91cede3ba?w=600&auto=format&fit=crop&q=80
tt5954088,Commando 2,2017,2010s-2023,"Action, Adventure, Thriller",147 min,147,Revenge,Tense & Thrilling,Medium,Medium,7.5,"Commando Karan uses his combat skills to eradicate black money, which has been siphoned to banks abroad.",Deven Bhojani,"Vidyut Jammwal, Adah Sharma, Esha Gupta, Freddy Daruwala",https://images.unsplash.com/photo-1489599849927-2ee91cede3ba?w=600&auto=format&fit=crop&q=80
tt5749012,Mehsampur,2018,2010s-2023,Drama,132 min,132,"Human Conflict, Life Lessons",Deep & Emotional,Medium,Low,7.8,A desperate filmmaker drives a neurotic actress and an aging musician to a village of trauma.,Kabir Singh Chowdhry,"Lal Chand, Navjot Randhawa, Devrath Joshi, Jagjeet Sandhu",https://images.unsplash.com/photo-1489599849927-2ee91cede3ba?w=600&auto=format&fit=crop&q=80
tt1740710,Mere Brother Ki Dulhan,2011,2010s-2023,"Comedy, Drama, Family",152 min,152,Family Ties,Feel-good,Medium,Low,7.1,A quirky rom-com where Kush finds the ideal Indian bride Dimple for his brother Luv and a series of comical and unpredictable events follow.,Ali Abbas Zafar,"Imran Khan, Katrina Kaif, Ali Zafar, Tara D'Souza",https://images.unsplash.com/photo-1489599849927-2ee91cede3ba?w=600&auto=format&fit=crop&q=80
tt23849204,12th Fail,2023,2010s-2023,,134 min,134,"Self-Discovery, Destiny",Deep & Emotional,Medium,Low,7.8,The real-life story of IPS Officer Manoj Kumar Sharma and IRS Officer Shraddha Joshi.,Vidhu Vinod Chopra,"Perry Chhabra, Sam Mohan, Vikrant Massey, Priyanshu Chatterjee",https://images.unsplash.com/photo-1489599849927-2ee91cede3ba?w=600&auto=format&fit=crop&q=80
tt0456481,Jaan-E-Mann: Let's Fall in Love... Again,2006,2000s,"Comedy, Drama, Musical",154 min,154,Romantic Love,Feel-good,Medium,Low,6.6,"Follows a love triangle between Agastya, Suhaan and Piya.",Shirish Kunder,"Salman Khan, Akshay Kumar, Preity G Zinta, Anupam Kher",https://images.unsplash.com/photo-1489599849927-2ee91cede3ba?w=600&auto=format&fit=crop&q=80
tt0485522,Umrao Jaan,2006,2000s,"Drama, Romance",171 min,171,"Human Conflict, Life Lessons",Heartwarming,Medium,Low,8.0,"J.P. Dutta's adaption of the Urdu novel ""Umrao Jan Ada"" by Mirza Haadi Ruswa (1905).",J.P. Dutta,"Aishwarya Rai Bachchan, Shabana Azmi, Suniel Shetty, Abhishek Bachchan",https://images.unsplash.com/photo-1489599849927-2ee91cede3ba?w=600&auto=format&fit=crop&q=80
tt1618430,Dum Maaro Dum,2011,2010s-2023,"Action, Crime, Drama",163 min,163,Crime & Justice,Adrenaline Rush,Medium,Medium,7.1,A corrupt police officer is entrusted the task of apprehending drug-dealers.,Rohan Sippy,"Abhishek Bachchan, Deepika Padukone, Bipasha Basu, Rana Daggubati",https://images.unsplash.com/photo-1489599849927-2ee91cede3ba?w=600&auto=format&fit=crop&q=80
tt7147540,Sui Dhaaga: Made in India,2018,2010s-2023,"Comedy, Drama",139 min,139,"Romantic Love, Patriotism & Honor",Feel-good,Medium,Low,6.7,It's a heart-warming story of pride and self-reliance capturing the journey of Mauji and his wife Mamta who pursue their passion by overcoming all odds.,Sharat Katariya,"Anushka Sharma, Varun Dhawan, Siddharth Bhardwaj, Namit Das",https://images.unsplash.com/photo-1489599849927-2ee91cede3ba?w=600&auto=format&fit=crop&q=80
tt9115574,Om - The Battle Within,2022,2010s-2023,"Action, Thriller",154 min,154,"Family Ties, Patriotism & Honor",Tense & Thrilling,Medium,Medium,7.1,"After losing his memory while fighting enemies, Om has to battle terrorists and amnesia in order to restore his father's honour after his old man was arrested for betraying his country.",Kapil Verma,"Vicky Arora, Amit Ghosh, Armen Greyg, Abudhar Al Hassan",https://images.unsplash.com/photo-1489599849927-2ee91cede3ba?w=600&auto=format&fit=crop&q=80
tt13892722,Iftikhar,2022,2010s-2023,Drama,160 min,160,Patriotism & Honor,Deep & Emotional,Medium,Low,7.5,Based on the life of real life hero Major Mohit Sharma. He was awarded with the Sena Medal for his action in a counter insurgency operation. During the operation his code name was Iftikhar ...                See full summary »,Kapil Verma,"Vicky Arora, Amit Ghosh, Armen Greyg, Abudhar Al Hassan",https://images.unsplash.com/photo-1489599849927-2ee91cede3ba?w=600&auto=format&fit=crop&q=80
tt15831978,Cash,2021,2010s-2023,"Comedy, Drama",141 min,141,"Humor, Misunderstandings",Feel-good,Medium,Low,8.1,"Amidst the chaos of demonetization, down-on-luck Armaan finds a business opportunity in money laundering. Where will this shortcut take him?",Rishab Seth,"Amol Parashar, Smriti Kalra, Gulshan Grover, Kavin Dave",https://images.unsplash.com/photo-1489599849927-2ee91cede3ba?w=600&auto=format&fit=crop&q=80
tt1060249,Drona,2008,2000s,"Action, Adventure, Fantasy",164 min,164,Patriotism & Honor,Mind-bending & Epic,Medium,Low,8.2,"A young man learns he is the latest in line of a dynasty of ancestral warriors dedicated to guarding a mystic source of cosmic energy, and the time has come for him to take the role.",Goldie Behl,"Jayshree Arora, Veer Arya, Abhishek Bachchan, Jaya Bachchan",https://images.unsplash.com/photo-1489599849927-2ee91cede3ba?w=600&auto=format&fit=crop&q=80
tt0363472,Bewafaa,2005,2000s,"Drama, Romance",183 min,183,"Romantic Love, Family Ties",Heartwarming,High,Low,7.5,"Anjali sacrifices her love for Raja after her sister's death and marries her brother-in-law. Years later, she meets Raja and is torn between him and her loyalties.",Dharmesh Darshan,"Anil Kapoor, Akshay Kumar, Kareena Kapoor, Sushmita Sen",https://images.unsplash.com/photo-1489599849927-2ee91cede3ba?w=600&auto=format&fit=crop&q=80
tt8108208,Why Cheat India,2019,2010s-2023,"Comedy, Crime, Drama",154 min,154,Patriotism & Honor,Deep & Emotional,Medium,Medium,7.8,"The movie focuses on existing malpractices in country's education system, the whole concept of buying your way through education, jobs and earnings. Even with an evolving education system, ...                See full summary »",Soumik Sen,"Emraan Hashmi, Shreya Dhanwanthary, Snighdadeep Chatterji, Shubham Somu Srivastava",https://images.unsplash.com/photo-1489599849927-2ee91cede3ba?w=600&auto=format&fit=crop&q=80
tt0456165,Salaam Namaste,2005,2000s,"Comedy, Drama, Romance",177 min,177,Romantic Love,Feel-good,Medium,Low,8.0,A quirky take on life and relationships that looks at a fairy tale with a bit of a squint and an endearing look at what being in love really means.,Siddharth Anand,"Saif Ali Khan, Preity G Zinta, Arshad Warsi, Jaaved Jaaferi",https://images.unsplash.com/photo-1489599849927-2ee91cede3ba?w=600&auto=format&fit=crop&q=80
tt14490618,B.A. Pass 3,2021,2010s-2023,"Drama, Romance",159 min,159,"Human Conflict, Life Lessons",Heartwarming,Medium,Low,7.7,BA Pass 3 narrates the story of a jobless Anshul and how his life changes upside down when he meets a married woman and gets into a relationship with her.,Narendra Singh,"Sunny Sachdeva, Armaan Sandhu, Ankita Sahu, Ankita Chouhan",https://images.unsplash.com/photo-1489599849927-2ee91cede3ba?w=600&auto=format&fit=crop&q=80
tt0272688,Kasoor,2001,2000s,"Drama, Mystery, Thriller",137 min,137,"Revenge, Romantic Love",Tense & Thrilling,High,High,7.2,"Shekhar appoints Simran, a lawyer with an impeccable record, to represent him as he was accused of murdering his wife and soon she starts falling in love with him. Little she knows that Shekhar has some darker intentions.",Vikram Bhatt,"Divya Dutta, Lisa Ray, Apurva Agnihotri, Aftab Shivdasani",https://images.unsplash.com/photo-1489599849927-2ee91cede3ba?w=600&auto=format&fit=crop&q=80
tt1784589,Players,2012,2010s-2023,"Action, Crime, Thriller",151 min,151,Secrets & Deception,Tense & Thrilling,Medium,Medium,6.6,"Learning of a fortune in gold being secretly shipped to Romania, master thieves Charlie and Riya assemble a crack team to steal it.","Abbas Alibhai Burmawalla, Mastan Alibhai Burmawalla","Vinod Khanna, Abhishek Bachchan, Bobby Deol, Bipasha Basu",https://images.unsplash.com/photo-1489599849927-2ee91cede3ba?w=600&auto=format&fit=crop&q=80
tt0189492,Dushman,1998,90s (1990-1999),"Crime, Drama, Thriller",144 min,144,Revenge,Tense & Thrilling,High,Medium,6.5,A woman goes on a hunt to find her twin sister's rapist and murderer.,Tanuja Chandra,"Kajol, Sanjay Dutt, Ashutosh Rana, Jas Arora",https://images.unsplash.com/photo-1489599849927-2ee91cede3ba?w=600&auto=format&fit=crop&q=80
tt5502766,Phillauri,2017,2010s-2023,"Comedy, Drama, Fantasy",139 min,139,"Romantic Love, Patriotism & Honor",Feel-good,Medium,Low,7.4,"A man must marry a tree to ward off threats to his love-life, but the tree turns out to have more spirit than the man bargained for.","Anshai Lal, Feroz Khan Bollybrothers","Anushka Sharma, Diljit Dosanjh, Suraj Sharma, Mehreen Pirzada",https://images.unsplash.com/photo-1489599849927-2ee91cede3ba?w=600&auto=format&fit=crop&q=80
tt2804026,Aurangzeb,2013,2010s-2023,"Action, Drama, Thriller",143 min,143,"Courage, Heroism",Tense & Thrilling,Medium,Medium,6.7,"Kingship knows no Kinship and there can be only one Emperor in Aurangzeb's world. In Gurgaon, to bring down a criminal the law has to think like one.",Atul Sabharwal,"Arjun Kapoor, Zara Khan, Prithviraj Sukumaran, Rishi Kapoor",https://images.unsplash.com/photo-1489599849927-2ee91cede3ba?w=600&auto=format&fit=crop&q=80
tt1191130,Right Yaaa Wrong,2010,2010s-2023,"Action, Crime, Drama",138 min,138,Crime & Justice,Adrenaline Rush,Medium,Medium,7.9,A decorated and disabled Police Officer becomes suspect in a double homicide.,Neeraj Pathak,"Sunny Deol, Irrfan Khan, Isha Koppikar, Konkona Sen Sharma",https://images.unsplash.com/photo-1489599849927-2ee91cede3ba?w=600&auto=format&fit=crop&q=80
tt19856850,Raktneeti,2023,2010s-2023,Thriller,164 min,164,"Self-Discovery, Destiny",Tense & Thrilling,Medium,Medium,7.2,"Nakul, Rishi and Montu are 3 regular Delhi boys who set out on a journeyto sell their car to a buyer in J&K. An accident on the way involving local MLA Abhimanyu Thakur's only.",Saki Shah,"Rajeev Rana, Satish Bhat, Vishwash Chauhan, Upasna Haldar",https://images.unsplash.com/photo-1489599849927-2ee91cede3ba?w=600&auto=format&fit=crop&q=80
tt2677064,Vishwaroopam 2,2018,2010s-2023,"Action, Thriller",138 min,138,"Crime & Justice, Patriotism & Honor",Tense & Thrilling,Medium,Medium,7.8,RAW agent Wisam Ahmad Kashmiri prevents an al-Qaida terrorist from executing a massive attack on New York. He must now wade through further traps and conspiracies to thwart a new plot against three democratic nations.,Kamal Haasan,"Kamal Haasan, Rahul Bose, Shekhar Kapur, Pooja Kumar",https://images.unsplash.com/photo-1489599849927-2ee91cede3ba?w=600&auto=format&fit=crop&q=80
tt7884788,Love in a Taxi,2023,2010s-2023,"Crime, Thriller",152 min,152,"Self-Discovery, Destiny",Tense & Thrilling,Medium,Medium,8.3,"Two cab drivers, a female driver on an airport taxi and a male driver on a 'black and yellow' taxi for the poor confronts two strange passengers on their nutty shifts. The promiscuous male ...                See full summary »",Rupesh Paul,"Raknil Avro, Tanima Bhattacharya, Erixnil, Karan Maan",https://images.unsplash.com/photo-1489599849927-2ee91cede3ba?w=600&auto=format&fit=crop&q=80
tt0403935,Action Jackson,2014,2010s-2023,"Action, Crime, Thriller",145 min,145,Crime & Justice,Tense & Thrilling,Medium,Medium,6.7,"In order to escape crime and clutches of a ruthless mafia, a Bangkok based hit man seeks the help of his lookalike, a Mumbai based goon.",Prabhu Deva,"Prabhas, Ajay Devgn, Yami Gautam, Shahid Kapoor",https://images.unsplash.com/photo-1489599849927-2ee91cede3ba?w=600&auto=format&fit=crop&q=80
tt1578116,Atithi Tum Kab Jaoge?,2010,2010s-2023,Comedy,131 min,131,"Humor, Misunderstandings",Feel-good,Low,Low,7.9,A couple's married life is turned upside down when a distant relative overstays in their home.,Ashwani Dhir,"Ajay Devgn, Konkona Sen Sharma, Paresh Rawal, Satish Kaushik",https://images.unsplash.com/photo-1489599849927-2ee91cede3ba?w=600&auto=format&fit=crop&q=80
tt0250483,Kya Kehna,2000,2000s,"Drama, Romance",147 min,147,"Friendship, Romantic Love, Family Ties",Heartwarming,Medium,Low,7.2,A young college girl faces hardships and challenges after she becomes a mother without marriage,Kundan Shah,"Preity G Zinta, Saif Ali Khan, Chandrachur Singh, Anupam Kher",https://images.unsplash.com/photo-1489599849927-2ee91cede3ba?w=600&auto=format&fit=crop&q=80
tt0833510,Navra Mazha Navsacha,2004,2000s,Comedy,135 min,135,"Humor, Misunderstandings",Feel-good,Low,Low,6.7,Journey of a husband and wife from Mumbai to Ganpatipule to fulfill a vow.,Sachin Pilgaonkar,"Sachin Pilgaonkar, Supriya Pilgaonkar, Ashok Saraf, Anand Abhyankar",https://images.unsplash.com/photo-1489599849927-2ee91cede3ba?w=600&auto=format&fit=crop&q=80
tt7275232,Welcome to New York,2018,2010s-2023,"Comedy, Drama",129 min,129,"Family Ties, Crime & Justice",Feel-good,Medium,Low,7.0,"Welcome to New York is a comedy film, in which Hero (Diljit Dosanjh), a sloppy recovery agent, and Jeenal Patel (Sonakshi Sinha), a fashion designer, become part of a big Bollywood event in New York - and chaos ensues.","Chakri Toleti, Richard Harris, Jasmine Kaur","Sonakshi Sinha, Diljit Dosanjh, Karan Johar, Lara Dutta",https://images.unsplash.com/photo-1489599849927-2ee91cede3ba?w=600&auto=format&fit=crop&q=80
tt0139859,Annamalai,1992,90s (1990-1999),"Action, Drama",161 min,161,Friendship,Deep & Emotional,Medium,Low,6.7,A class-divided friendship goes through highs and lows through several decades.,Suresh Krishna,"Rajinikanth, Sarath Babu, Kushboo, Radha Ravi",https://images.unsplash.com/photo-1489599849927-2ee91cede3ba?w=600&auto=format&fit=crop&q=80
tt24973142,All India Rank,2023,2010s-2023,Comedy,139 min,139,"Humor, Misunderstandings",Feel-good,Low,Low,7.9,"Set in the late 1990s, ALL INDIA RANK is a slice-of-life dramedy about 17-year old Vivek who is sent away from home to a prep school to prepare for the highly competitive IIT (""the MIT of India"") entrance examination.",Varun Grover,"Shashi Bhushan, Sheeba Chaddha, Bodhisattva Sharma, Geeta Agrawal Sharma",https://images.unsplash.com/photo-1489599849927-2ee91cede3ba?w=600&auto=format&fit=crop&q=80
tt4675030,Great Grand Masti,2016,2010s-2023,"Comedy, Drama, Fantasy",151 min,151,Ambition & Triumph,Feel-good,Medium,Low,7.6,"Amar, Meet and Prem go into a small town where they encounter a 'femme fatale' in the form of Ragini. Ragini is everything they had dreamed of, but she slowly turns into their worst nightmare!",Indra Kumar,"Urvashi Rautela, Riteish Deshmukh, Vivek Oberoi, Aftab Shivdasani",https://images.unsplash.com/photo-1489599849927-2ee91cede3ba?w=600&auto=format&fit=crop&q=80
tt0101244,100 Days,1991,90s (1990-1999),"Horror, Romance, Thriller",153 min,153,Revenge,Tense & Thrilling,High,Medium,6.8,"A young, clairvoyant woman has a vision of a murder and sets out to uncover the truth before the killer finds her.",Partho Ghosh,"Jackie Shroff, Madhuri Dixit, Jaaved Jaaferi, Laxmikant Berde",https://images.unsplash.com/photo-1489599849927-2ee91cede3ba?w=600&auto=format&fit=crop&q=80
tt3848456,Sheela I Love You,2001,2000s,Thriller,162 min,162,"Self-Discovery, Destiny",Tense & Thrilling,Medium,Medium,8.1,Add a Plot,Partho Ghosh,"Jackie Shroff, Madhuri Dixit, Jaaved Jaaferi, Laxmikant Berde",https://images.unsplash.com/photo-1489599849927-2ee91cede3ba?w=600&auto=format&fit=crop&q=80
tt16227342,Mr. & Mrs. Mahi,2024,2024-Latest,Drama,159 min,159,"Human Conflict, Life Lessons",Deep & Emotional,Medium,Low,7.2,Life story of cricketer and former team India captain Mahendra Singh Dhoni.,Sharan Sharma,"Rajkummar Rao, Janhvi Kapoor, Abhishek Banerjee, Kumud Mishra",https://images.unsplash.com/photo-1489599849927-2ee91cede3ba?w=600&auto=format&fit=crop&q=80
tt1471247,Road to Sangam,2009,2000s,"Drama, Thriller",158 min,158,Crime & Justice,Tense & Thrilling,High,Medium,7.9,"Amidst bomb explosions, fake arrests, police brutality, and protests, a determined mechanic attempts to repair an antique truck to transport the last remains of Mahatma Gandhi in modern-day India.",Amit Rai,"Paresh Rawal, Om Puri, Pawan Malhotra, Jawed Sheikh",https://images.unsplash.com/photo-1489599849927-2ee91cede3ba?w=600&auto=format&fit=crop&q=80
tt0808306,Honeymoon Travels Pvt. Ltd.,2007,2000s,"Comedy, Drama, Romance",161 min,161,"Humor, Misunderstandings",Feel-good,Medium,Low,7.4,"Six newly-married, diverse, honeymooning couples face marital bliss and discord, finding out more about themselves, their significant others and life in this happy-go-lucky, quirky drama.",Reema Kagti,"Abhay Deol, Minissha Lamba, Boman Irani, Shabana Azmi",https://images.unsplash.com/photo-1489599849927-2ee91cede3ba?w=600&auto=format&fit=crop&q=80
tt0289725,Jung,2000,2000s,"Action, Crime, Drama",140 min,140,"Revenge, Family Ties, Crime & Justice",Adrenaline Rush,Medium,Medium,8.2,A police officer is in a frantic search for a compatible bone-marrow donor for his gravely-ill son. The only match is a convicted vicious killer who is now on the run. All he has to do is catch him.,Sanjay Gupta,"Sanjay Dutt, Jackie Shroff, Aditya Pancholi, Raveena Tandon",https://images.unsplash.com/photo-1489599849927-2ee91cede3ba?w=600&auto=format&fit=crop&q=80
tt1334470,Raavan,2010,2010s-2023,"Action, Adventure, Drama",147 min,147,"Revenge, Romantic Love, Crime & Justice",Deep & Emotional,Medium,Low,7.7,"A bandit leader kidnaps the wife of the policeman who killed his sister, but later falls in love with her.",Mani Ratnam,"Abhishek Bachchan, Aishwarya Rai Bachchan, Govinda, Vikram",https://images.unsplash.com/photo-1489599849927-2ee91cede3ba?w=600&auto=format&fit=crop&q=80
tt3709344,City Lights,2014,2010s-2023,"Drama, Thriller",150 min,150,"Human Conflict, Life Lessons",Tense & Thrilling,High,Medium,6.9,"Deepak Singh is a farmer in Rajasthan. After a tragedy, he migrates to Mumbai with his wife and child to lead a better life. However, upon arriving, he soon discovers the challenges of life in a big city.",Hansal Mehta,"Rajkummar Rao, Patralekhaa Paul, Manav Kaul, Khushboo Upadhyay",https://images.unsplash.com/photo-1489599849927-2ee91cede3ba?w=600&auto=format&fit=crop&q=80
tt9052936,Blank,2019,2010s-2023,"Action, Thriller",142 min,142,Crime & Justice,Tense & Thrilling,Medium,Medium,7.4,A suicide bomber loses his memory and has a bomb attached to his heart. It is up to the police officers to prevent this bomb from taking innocent lives.,Behzad Khambata,"Sunny Deol, Karan Kapadia, Karanvir Sharma, Ishita Dutta",https://images.unsplash.com/photo-1489599849927-2ee91cede3ba?w=600&auto=format&fit=crop&q=80
tt8852558,Mitron,2018,2010s-2023,Comedy,126 min,126,Family Ties,Feel-good,Low,Low,7.2,"In order to bring stability in Jai's life, his father decides to get him married. However, fate has other plans.",Nitin Kakkar,"Jackky Bhagnani, Kritika Kamra, Prateik Patil Babbar, Perlene Bhersaina",https://images.unsplash.com/photo-1489599849927-2ee91cede3ba?w=600&auto=format&fit=crop&q=80
tt0260155,Mahakaal,1994,90s (1990-1999),"Comedy, Horror",138 min,138,"Friendship, Revenge, Family Ties, Crime & Justice",Feel-good,High,Low,8.2,"A demon torments the family and friends of Anita in order to take revenge on his death, which was caused by her police-officer father. The rest of the movie is how Anita tackles the demon with the help of her boyfriend.","Shyam Ramsay, Tulsi Ramsay","Karan Shah, Archana Puran Singh, Johny Lever, Mayur Verma",https://images.unsplash.com/photo-1489599849927-2ee91cede3ba?w=600&auto=format&fit=crop&q=80
tt1027807,Daku Ramkali,2000,2000s,"Adventure, Drama, Musical",162 min,162,"Family Ties, Crime & Justice",Deep & Emotional,Medium,Low,6.6,Sher Singh and Arjun Singh are identical twin brothers. Arjun is an honest police officer but Sher Singh becomes a dacoit under the influence of Bajrang and his gang. Sher Singh's daughter ...                See full summary »,Kanti Shah,"Sapna Sappu, Jay Thakur, Rajesh Vivek, Joginder Shelly",https://images.unsplash.com/photo-1489599849927-2ee91cede3ba?w=600&auto=format&fit=crop&q=80
tt6471054,Ajji,2017,2010s-2023,"Crime, Drama",138 min,138,Crime & Justice,Deep & Emotional,Medium,Medium,7.0,Little Manda is found raped and dumped in a trash heap near her slum. Her parents are more concerned with survival than dignity. The cops are powerless to help as the rapist is a local ...                See full summary »,Devashish Makhija,"Sushama Deshpande, Smita Tambe, Sharvani Suryavanshi, Abhishek Banerjee",https://images.unsplash.com/photo-1489599849927-2ee91cede3ba?w=600&auto=format&fit=crop&q=80
tt5202770,Mudrank: The Stamp,2009,2000s,Mystery,160 min,160,"Self-Discovery, Destiny",Tense & Thrilling,Medium,High,6.6,Add a Plot,Shakir Shah,"Kaluram Dhobale, Milind Gunaji, Ali Khan, Shahbaaz Khan",https://images.unsplash.com/photo-1489599849927-2ee91cede3ba?w=600&auto=format&fit=crop&q=80
tt0284811,Aarzoo,1999,90s (1990-1999),"Action, Drama, Romance",149 min,149,"Friendship, Revenge, Romantic Love",Heartwarming,Medium,Low,7.3,"After her fiance, Vijay, is killed in a crash, a pregnant Pooja agrees to marry Amar, her childhood friend who has always loved her. But her life takes yet another turn when Vijay returns to her life.",Lawrence D'Souza,"Madhuri Dixit, Akshay Kumar, Saif Ali Khan, Paresh Rawal",https://images.unsplash.com/photo-1489599849927-2ee91cede3ba?w=600&auto=format&fit=crop&q=80
tt0476527,Bluffmaster!,2005,2000s,"Comedy, Crime, Drama",159 min,159,"Friendship, Family Ties",Deep & Emotional,High,Medium,7.7,"A conman Roy, gets dumped by his girl-friend. Then he finds out he has a fatal disease. On the verge of death, he resolves to do some good, by helping his apprentice Dittu hoodwink the mobster who hurt his (Dittu's) family.",Rohan Sippy,"Abhishek Bachchan, Priyanka Chopra Jonas, Riteish Deshmukh, Nana Patekar",https://images.unsplash.com/photo-1489599849927-2ee91cede3ba?w=600&auto=format&fit=crop&q=80
tt0114031,Oh Darling Yeh Hai India,1995,90s (1990-1999),Comedy,136 min,136,Crime & Justice,Feel-good,Low,Low,7.7,Miss India and an aspiring actor spend a night together roaming the streets of Mumbai and unwittingly clash paths with a megalomaniacal gangster planning to take over India.,Ketan Mehta,"Shah Rukh Khan, Deepa Sahi, Jaaved Jaaferi, Anupam Kher",https://images.unsplash.com/photo-1489599849927-2ee91cede3ba?w=600&auto=format&fit=crop&q=80
tt1744641,Ramayana: The Epic,2010,2010s-2023,"Animation, Action, Adventure",168 min,168,Family Ties,Deep & Emotional,Medium,Low,7.5,"Lord Rama, son of King Dashrath is sent for exile for 14 years. His wife Sita and brother Laxman accompanies him. But she is deceitfully kidnapped by Ravana, The King of Lanka. Thus a might...                See full summary »",Chetan Desai,"Manoj Bajpayee, Juhi Chawla, Ashutosh Rana, Mukesh Rishi",https://images.unsplash.com/photo-1489599849927-2ee91cede3ba?w=600&auto=format&fit=crop&q=80
tt0346457,Mangal Pandey: The Rising,2005,2000s,"Biography, Drama, History",195 min,195,"Human Conflict, Life Lessons",Inspiring,Medium,Medium,8.2,This is a film about the leader of the 1857 mutiny and his fight against the British rule.,Ketan Mehta,"Aamir Khan, Rani Mukerji, Toby Stephens, Coral Beed",https://images.unsplash.com/photo-1489599849927-2ee91cede3ba?w=600&auto=format&fit=crop&q=80
tt9070934,The Journey of Karma,2018,2010s-2023,Drama,140 min,140,"Ambition & Triumph, Secrets & Deception",Deep & Emotional,Medium,High,7.3,"Its a story of a slum girl who is brilliant in studies and tries to chase her dreams to work in America. She travels through her journey full of twist n turns, surprises, lust with a mysterious old man.",Jagbir Dahiya,"Raknil Avro, Shakti Kapoor, Poonam Pandey, Gauri Shankar",https://images.unsplash.com/photo-1489599849927-2ee91cede3ba?w=600&auto=format&fit=crop&q=80
tt5639388,Raaz Reboot,2016,2010s-2023,"Horror, Mystery, Romance",182 min,182,Secrets & Deception,Tense & Thrilling,High,High,8.2,"The fourth installment of a horror series that explores secrets, mysteries and human frailties.",Vikram Bhatt,"Emraan Hashmi, Kriti Kharbanda, Suzanna Mukherjee, Gaurav Arora",https://images.unsplash.com/photo-1489599849927-2ee91cede3ba?w=600&auto=format&fit=crop&q=80
tt4088588,Dhanak,2015,2010s-2023,"Comedy, Drama",142 min,142,Family Ties,Feel-good,Medium,Low,8.1,"Believing actor and goodwill ambassador Shah Rukh Khan can help her brother get an operation to restore his sight, a 10-year old girl takes her blind 8-year old brother on a trek across Rajasthan in search of the superstar.",Nagesh Kukunoor,"Hetal Gada, Krrish Chhabria, Vipin Sharma, Gulfam Khan",https://images.unsplash.com/photo-1489599849927-2ee91cede3ba?w=600&auto=format&fit=crop&q=80
tt1807978,Bhoot and Friends,2010,2010s-2023,"Animation, Action, Adventure",169 min,169,"Courage, Heroism",Deep & Emotional,Medium,Low,8.1,"Four holidaying children go missing, then encounter a ghost and hoodlums in a dense forest.",Karanjeet Saluja,"Jackie Shroff, Markand Soni, Akash Nair, Ishita Panchal",https://images.unsplash.com/photo-1489599849927-2ee91cede3ba?w=600&auto=format&fit=crop&q=80
tt0246905,Saajan Chale Sasural,1996,90s (1990-1999),"Comedy, Drama",154 min,154,Romantic Love,Feel-good,Medium,Low,7.0,A village-based singer attempts to find love and fame in the big city.,David Dhawan,"Govinda, Karisma Kapoor, Tabu, Shakti Kapoor",https://images.unsplash.com/photo-1489599849927-2ee91cede3ba?w=600&auto=format&fit=crop&q=80
tt0352830,Sssshhh...,2003,2000s,"Horror, Mystery",164 min,164,"Friendship, Revenge, Crime & Justice",Tense & Thrilling,High,High,7.5,A serial killer is around which is responsible for taking many lives including that of Malini and her boyfriend. The police are unable to comprehend especially when this killer leaves no evidence at every crime scene.,Pavan Kaul,"Tanishaa Mukerji, Dino Morea, Karann Nathh, Gaurav Kapoor",https://images.unsplash.com/photo-1489599849927-2ee91cede3ba?w=600&auto=format&fit=crop&q=80
tt14852412,Haathi Mere Saathi,2021,2010s-2023,"Action, Drama",165 min,165,Friendship,Deep & Emotional,Medium,Low,6.6,"Watch the bond between humans and elephants with Bandevs story as he fights for the protection of his ele-friends. Witness the rage on 'Haathi Mere Saathi', full movie streaming in Hindi on Eros Now.",Prabu Solomon,"Bhuvan Arora, Sheeba Chaddha, Rana Daggubati, Rajesh Dubeay",https://images.unsplash.com/photo-1489599849927-2ee91cede3ba?w=600&auto=format&fit=crop&q=80
tt3848888,The Shaukeens,2014,2010s-2023,Comedy,142 min,142,Friendship,Feel-good,High,Low,6.7,Three friends in their 60s try to do everything that they couldn't do in their younger days - before death arrives.,Abhishek Sharma,"Akshay Kumar, Lisa Haydon, Anupam Kher, Rajni Basumatary",https://images.unsplash.com/photo-1489599849927-2ee91cede3ba?w=600&auto=format&fit=crop&q=80
tt1805263,I Am Kalam,2010,2010s-2023,"Comedy, Drama, Family",183 min,183,"Friendship, Family Ties",Feel-good,Medium,Low,8.2,An impoverished boy forms an unlikely and unstable friendship with the lonely son of a nobleman.,Nila Madhab Panda,"Gulshan Grover, Harsh Mayar, Pitobash, Hussan Saad",https://images.unsplash.com/photo-1489599849927-2ee91cede3ba?w=600&auto=format&fit=crop&q=80
tt1216300,Jannat: In Search of Heaven...,2008,2000s,"Crime, Drama, Romance",151 min,151,Family Ties,Heartwarming,Medium,Medium,6.9,"Arjun is a reckless young man with an obsession for making money at card games. A chance meeting with a girl in a mall, Zoya, gives him the reasons he was looking for the move out of his ...                See full summary »",Kunal Deshmukh,"Emraan Hashmi, Sonal Chauhan, Swatantra Bharat, Armen Greyg",https://images.unsplash.com/photo-1489599849927-2ee91cede3ba?w=600&auto=format&fit=crop&q=80
tt0116690,Jeet,1996,90s (1990-1999),"Action, Romance",164 min,164,"Friendship, Crime & Justice",Deep & Emotional,Medium,Low,7.3,"A hitman working for a crime boss falls for a woman but she is married off to her childhood friend. Later, when the woman's and her husband's life comes under threat from the crime boss, the hitman becomes their protector.",Raj Kanwar,"Sunny Deol, Karisma Kapoor, Salman Khan, Tabu",https://images.unsplash.com/photo-1489599849927-2ee91cede3ba?w=600&auto=format&fit=crop&q=80
tt5474042,Half Girlfriend,2017,2010s-2023,"Drama, Romance",182 min,182,"Friendship, Romantic Love",Heartwarming,Medium,Low,7.0,"Madhav meets a girl named Riya and falls in love. After stuggling to convince her to be his girlfriend, she half heartedly agrees to be his ""Half Girlfriend""",Mohit Suri,"Shraddha Kapoor, Vikrant Massey, Arjun Kapoor, Shriidhar Dubey",https://images.unsplash.com/photo-1489599849927-2ee91cede3ba?w=600&auto=format&fit=crop&q=80
tt8426854,Jalebi,2018,2010s-2023,"Drama, Romance",179 min,179,Romantic Love,Heartwarming,Medium,Low,8.1,A woman boards an overnight train and gets placed in a compartment with her former lover and his wife.,"Pushpdeep Bhardwaj, Lal Mohan","Rhea Chakraborty, Varun Mitra, Digangana Suryavanshi, Poorti Arya",https://images.unsplash.com/photo-1489599849927-2ee91cede3ba?w=600&auto=format&fit=crop&q=80
tt7190460,Thupparivaalan,2017,2010s-2023,"Action, Crime, Thriller",149 min,149,"Revenge, Secrets & Deception",Tense & Thrilling,High,Medium,6.7,A detective is hungry for a challenging case to investigate and the mystery of a murdered dog leads to a rival who could be the match for him.,Mysskin,"Vishal, Simran, Prasanna, Vinay Rai",https://images.unsplash.com/photo-1489599849927-2ee91cede3ba?w=600&auto=format&fit=crop&q=80
tt0155073,Pyar Ka Karz,1990,90s (1990-1999),Drama,137 min,137,Romantic Love,Deep & Emotional,Medium,Low,6.8,"Bombay-based Dr. Naina meets with musician and singer, Ravi Shankar, and both fall in love with each other. When Ravi returns from a concert in Delhi, he finds Naina getting married to ...                See full summary »",K. Bapaiah,"Dharmendra, Meenakshi Sheshadri, Mithun Chakraborty, Neelam Kothari",https://images.unsplash.com/photo-1489599849927-2ee91cede3ba?w=600&auto=format&fit=crop&q=80
tt9176086,Saina,2021,2010s-2023,"Biography, Drama, Sport",189 min,189,"Human Conflict, Life Lessons",Inspiring,Medium,Medium,7.9,"The story of Saina Nehwal, a professional badminton player who ranked number 1 in the sport.",Amole Gupte,"Mukesh Agrohari, Olga Anand, Rohan Apte, Amit Ashar",https://images.unsplash.com/photo-1489599849927-2ee91cede3ba?w=600&auto=format&fit=crop&q=80
tt11964084,Virgin Bhanupriya,2020,2010s-2023,"Comedy, Drama",138 min,138,"Humor, Misunderstandings",Feel-good,Medium,Low,6.8,"Bhanupriya, a conservative girl decides to lose her virginity but fails in her every attempt. A soothsayer predicts that it is an impossible task and it will not happen to her. She decides to overcome this bad luck.",Ajay Lohan,"Urvashi Rautela, Gautam Gulati, Rajiv Gupta, Archana Puran Singh",https://images.unsplash.com/photo-1489599849927-2ee91cede3ba?w=600&auto=format&fit=crop&q=80
tt9875128,Halahal,2020,2010s-2023,"Crime, Drama, Mystery",160 min,160,"Friendship, Revenge, Family Ties",Tense & Thrilling,High,High,7.9,The Murder of a college girl morphed into a suicide takes Dr. Shiv on a journey to dig the truth out of his daughter's murder.,Randeep Jha,"Barun Sobti, Sachin Khedekar, Purnendu Bhattacharya, Manu Rishi Chadha",https://images.unsplash.com/photo-1489599849927-2ee91cede3ba?w=600&auto=format&fit=crop&q=80
tt19888200,Maid for each other,2022,2010s-2023,Romance,160 min,160,Romantic Love,Deep & Emotional,Medium,Low,8.2,"Grew up with the words "" Made for each other "" only to realize your soulmate is your ""maid"" ? Shivam a 25 years old falls in love with his maid while dating his current boss (charu). Mess ...                See full summary »",Swagger Sharma,"Lavina Khanchandani, Bhupender Singh Rawat, Annu Sharma, Swagger Sharma",https://images.unsplash.com/photo-1489599849927-2ee91cede3ba?w=600&auto=format&fit=crop&q=80
tt0366180,Stalin,2006,2000s,"Action, Drama",167 min,167,Patriotism & Honor,Deep & Emotional,Medium,Low,8.1,The story is about how an ex-army officer brings change in society by making people to help each other.,A.R. Murugadoss,"Chiranjeevi, Trisha Krishnan, Prakash Raj, Sharada",https://images.unsplash.com/photo-1489599849927-2ee91cede3ba?w=600&auto=format&fit=crop&q=80
tt0415768,Dus,2005,2000s,"Action, Crime, Drama",157 min,157,"Courage, Heroism",Adrenaline Rush,Medium,Medium,7.1,A team of specialists must catch a terrorist before he carries out an attack.,Anubhav Sinha,"Sanjay Dutt, Suniel Shetty, Abhishek Bachchan, Zayed Khan",https://images.unsplash.com/photo-1489599849927-2ee91cede3ba?w=600&auto=format&fit=crop&q=80
tt0206921,Mann,1999,90s (1990-1999),"Drama, Romance",160 min,160,Romantic Love,Heartwarming,Medium,Low,6.9,"A young woman falls in love with a handsome playboy, while aboard a Singapore to India cruise. They make plans to meet again, but fate may have other plans...",Indra Kumar,"Aamir Khan, Manisha Koirala, Sharmila Tagore, Deepti Bhatnagar",https://images.unsplash.com/photo-1489599849927-2ee91cede3ba?w=600&auto=format&fit=crop&q=80
tt22461144,3rd October,2023,2010s-2023,Drama,136 min,136,"Human Conflict, Life Lessons",Deep & Emotional,Medium,Low,7.9,"Revolves around two lawyers with contrasting perspectives, each justified in their own right. The film sheds light on the role of the justice system and the media within our society.",Vineet Jha,"Moin Khan, Hiten Tejwani, Sneha Ullal, Kanchi Singh",https://images.unsplash.com/photo-1489599849927-2ee91cede3ba?w=600&auto=format&fit=crop&q=80
tt0419468,Baabul,2006,2000s,"Drama, Family, Romance",179 min,179,"Romantic Love, Family Ties",Heartwarming,Medium,Low,8.1,"When his only son dies in an accident, Balraaj urges his depressed daughter-in-law to marry a man who has long loved her in silence.",Ravi Chopra,"Amitabh Bachchan, Salman Khan, Hema Malini, John Abraham",https://images.unsplash.com/photo-1489599849927-2ee91cede3ba?w=600&auto=format&fit=crop&q=80
tt4552486,Dobaara: See Your Evil,2017,2010s-2023,"Horror, Mystery",152 min,152,"Fear of Unknown, Survival",Tense & Thrilling,High,High,7.1,Siblings Natasha and Kabir Merchant investigate an allegedly haunted mirror in their parents' home in this official adaption of 'Oculus'.,Prawaal Raman,"Adil Hussain, Huma Qureshi, Madalina Bellariu Ion, Lisa Ray",https://images.unsplash.com/photo-1489599849927-2ee91cede3ba?w=600&auto=format&fit=crop&q=80
tt0408837,Hawas,2004,2000s,"Drama, Romance, Thriller",164 min,164,Revenge,Tense & Thrilling,High,Medium,8.2,"Complications arise when a bored young wife embarks on an extra-marital affair with a stranger, leading to emotional turmoil and eventually, murder.",Karan Razdan,"Shawar Ali, Meghna Naidu, Tarun Arora, Mukesh Tiwari",https://images.unsplash.com/photo-1489599849927-2ee91cede3ba?w=600&auto=format&fit=crop&q=80
tt0314938,Zakhmi Sipahi,1995,90s (1990-1999),Action,144 min,144,"Romantic Love, Family Ties, Crime & Justice",Deep & Emotional,High,Low,7.2,"Shakti is an honest police officer out to avenge the death of his father, Gautam Gorakhnath, and the trials and obstacles he faces while he goes through corruption, love, and usual Hindi film masala.",T.L.V. Prasad,"Vikas Anand, Mithun Chakraborty, Puneet Issar, Goga Kapoor",https://images.unsplash.com/photo-1489599849927-2ee91cede3ba?w=600&auto=format&fit=crop&q=80
tt3017412,Happy Ending,2014,2010s-2023,"Comedy, Romance",185 min,185,Romantic Love,Feel-good,Low,Low,7.9,A confused writer goes on the search of inspiration for his next story and falls in love with a best seller author who doesn't believe in love.,"Krishna D.K., Raj Nidimoru","Saif Ali Khan, Ileana D'Cruz, Kalki Koechlin, Ranvir Shorey",https://images.unsplash.com/photo-1489599849927-2ee91cede3ba?w=600&auto=format&fit=crop&q=80
tt23474462,Japan,2023,2010s-2023,"Action, Drama, Thriller",165 min,165,"Courage, Heroism",Tense & Thrilling,Medium,Medium,7.5,Plot under wraps.,Raju Murugan,"Sunil, Karthi, Anu Emmanuel, Rajesh Aggarwal",https://images.unsplash.com/photo-1489599849927-2ee91cede3ba?w=600&auto=format&fit=crop&q=80
tt0497915,Gunda,1998,90s (1990-1999),"Action, Comedy, Crime",145 min,145,"Revenge, Family Ties, Crime & Justice",Adrenaline Rush,High,Medium,6.8,"When a coolie's family is murdered by a group of gangsters and politicians, he swears revenge on them.",Kanti Shah,"Mithun Chakraborty, Mukesh Rishi, Mohan Joshi, Shakti Kapoor",https://images.unsplash.com/photo-1489599849927-2ee91cede3ba?w=600&auto=format&fit=crop&q=80
tt8011712,The Past,2018,2010s-2023,"Drama, Horror",150 min,150,"Human Conflict, Life Lessons",Tense & Thrilling,High,Low,8.1,"Two sisters Simran and Alia go on a vacation to Lonavala, where they experience paranormal activity at the bungalow that they're put up in, as an evil spirit takes over the place.",Gagan Puri,"Sonia Albizuri, Samiksha Bhatt, Navid Mirzaaghazadeh, Yuvraaj Parashar",https://images.unsplash.com/photo-1489599849927-2ee91cede3ba?w=600&auto=format&fit=crop&q=80
tt0115568,Army,1996,90s (1990-1999),"Action, Drama",168 min,168,"Revenge, Crime & Justice, Patriotism & Honor",Deep & Emotional,High,Low,7.5,"Arjun, a newlywed Army man, is brutally killed by a gangster, Nagraj. His young widow, determined to avenge her husband's death, raises an army of dedicated young men to kill the gangster.",Raam Shetty,"Sridevi, Shah Rukh Khan, Harish, Mohnish Behl",https://images.unsplash.com/photo-1489599849927-2ee91cede3ba?w=600&auto=format&fit=crop&q=80
tt29001753,Dvand: The Internal Conflict,2023,2010s-2023,Drama,151 min,151,"Human Conflict, Life Lessons",Deep & Emotional,Medium,Low,7.3,Add a Plot,Ishtiyak Khan,"Ishtiyak Khan, Istiyak Khan, Vikram Kochhar, Sanjay Mishra",https://images.unsplash.com/photo-1489599849927-2ee91cede3ba?w=600&auto=format&fit=crop&q=80
tt0210659,Dulhe Raja,1998,90s (1990-1999),Comedy,141 min,141,"Humor, Misunderstandings",Feel-good,Low,Low,7.8,"Poor Raja opens a fast food restaurant right opposite a five star hotel run by it's owner Singhania, earning his wrath. The wealthy hotel owner uses all his influence to remove Raja, but in...                See full summary »",Harmesh Malhotra,"Govinda, Raveena Tandon, Kader Khan, Prem Chopra",https://images.unsplash.com/photo-1489599849927-2ee91cede3ba?w=600&auto=format&fit=crop&q=80
tt6467738,Irada,2017,2010s-2023,"Drama, Mystery, Thriller",165 min,165,"Human Conflict, Life Lessons",Tense & Thrilling,Medium,High,8.1,An NIA officer tries to unravel the conspiracy that led to the bombing of a business tycoon's factory.,Aparnaa Singh,"Naseeruddin Shah, Arshad Warsi, Divya Dutta, Sharad Kelkar",https://images.unsplash.com/photo-1489599849927-2ee91cede3ba?w=600&auto=format&fit=crop&q=80
tt22478232,Jaggu Ki Lalten,2022,2010s-2023,Drama,149 min,149,"Human Conflict, Life Lessons",Deep & Emotional,Medium,Low,7.8,"""Jaggu ki Lalten"" is a comedy-drama musical film that explores the life of a scrap dealer cum businessman, Hari lal bhoot. A man with shrewd business tactics yet elated with generous and ...                See full summary »",Vipin Kapoor,"Rambir Aryam, Aakriti Bharti, Rajendra Bhatia, Biren Dang",https://images.unsplash.com/photo-1489599849927-2ee91cede3ba?w=600&auto=format&fit=crop&q=80
tt2675978,Dedh Ishqiya,2014,2010s-2023,"Comedy, Drama, Romance",171 min,171,Romantic Love,Feel-good,Medium,Low,7.3,Two lousy crooks find paradise in the seven stages of love.,Abhishek Chaubey,"Huma Qureshi, Madhuri Dixit, Naseeruddin Shah, Arshad Warsi",https://images.unsplash.com/photo-1489599849927-2ee91cede3ba?w=600&auto=format&fit=crop&q=80
tt27757805,VD18,2024,2024-Latest,"Action, Drama",137 min,137,Family Ties,Deep & Emotional,Medium,Low,7.9,Revolve around a DCP who transforms and travels to different place in order to safeguard his family.,Kalees,"Wamiqa Gabbi, Keerthy Suresh, Varun Dhawan",https://images.unsplash.com/photo-1489599849927-2ee91cede3ba?w=600&auto=format&fit=crop&q=80
tt0345177,Ek Doctor Ki Maut,1990,90s (1990-1999),"Biography, Drama",187 min,187,"Human Conflict, Life Lessons",Inspiring,Medium,Medium,7.8,"After years of painstaking research at the cost of his domestic pleasure, Dr. Dipankar Roy discovers a vaccine for leprosy. The news is flashed over television and overnight, an ...                See full summary »",Tapan Sinha,"Shabana Azmi, Pankaj Kapur, Irrfan Khan, Deepa Sahi",https://images.unsplash.com/photo-1489599849927-2ee91cede3ba?w=600&auto=format&fit=crop&q=80
tt0473310,Ram Gopal Varma Ki Aag,2007,2000s,"Action, Adventure, Comedy",159 min,159,Crime & Justice,Feel-good,Medium,Low,8.0,"A pair of bodyguards for a politician find their positions under threat when their employer is implicated in a scandal. Fleeing to Mumbai they find work with a gangster, but also find that the police are onto them.",Ram Gopal Varma,"Amitabh Bachchan, Mohanlal, Ajay Devgn, Vinod Jaywant",https://images.unsplash.com/photo-1489599849927-2ee91cede3ba?w=600&auto=format&fit=crop&q=80
tt10230436,Yeh Ballet,2020,2010s-2023,"Drama, Musical",148 min,148,Ambition & Triumph,Deep & Emotional,Medium,Low,7.4,"Discovered by an eccentric ballet master, two gifted but underprivileged Mumbai teens face bigotry and disapproval as they pursue their dancing dreams.",Sooni Taraporevala,"Julian Sands, Sarah Jane Dias, Jim Sarbh, Mihir Ahuja",https://images.unsplash.com/photo-1489599849927-2ee91cede3ba?w=600&auto=format&fit=crop&q=80
tt0833561,Woh Lamhe ...,2006,2000s,"Biography, Drama, Romance",154 min,154,Romantic Love,Inspiring,Medium,Medium,7.3,"Based upon the life of actress Parveen Babi, this film describes the life of schizophrenic actress Sana Azim and the love of her life: Aditya Garewal.",Mohit Suri,"Kangana Ranaut, Shiney Ahuja, Shaad Randhawa, Purab Kohli",https://images.unsplash.com/photo-1489599849927-2ee91cede3ba?w=600&auto=format&fit=crop&q=80
tt4023852,Welcome to Karachi,2015,2010s-2023,"Action, Comedy, War",161 min,161,"Courage, Heroism",Feel-good,Medium,Low,6.8,"Two men from India land in Karachi, Pakistan, without their passports. They get trapped by the Taliban and desperately try to find a way to get back to India.",Ashish R. Mohan,"Arshad Warsi, Jackky Bhagnani, Lauren Gottlieb, Dalip Tahil",https://images.unsplash.com/photo-1489599849927-2ee91cede3ba?w=600&auto=format&fit=crop&q=80
tt3996192,No Land's Man,2021,2010s-2023,Drama,154 min,154,"Human Conflict, Life Lessons",Deep & Emotional,Medium,Low,7.1,The predominantly English-language film will chronicle a tragic and strange funny journey of a South Asian man whose journey takes a layered and complicated shape when he meets an Australian girl in the US.,Mostofa Sarwar Farooki,"Nawazuddin Siddiqui, Eisha Chopra, Vikram Kochhar, Tahsan",https://images.unsplash.com/photo-1489599849927-2ee91cede3ba?w=600&auto=format&fit=crop&q=80
tt0983990,1971,2007,2000s,"Action, Drama, War",159 min,159,Patriotism & Honor,Deep & Emotional,High,Low,6.5,"Based on true facts, the film revolves around 6 brave soldiers who escape from the clutches of the Pakistan Army and risk death with honour and courage with sacrifice towards their journey home.",Amrit Sagar,"Manoj Bajpayee, Ravi Kishan, Deepak Dobriyal, Kumud Mishra",https://images.unsplash.com/photo-1489599849927-2ee91cede3ba?w=600&auto=format&fit=crop&q=80
tt7695014,Saheb Biwi Aur Gangster 3,2018,2010s-2023,"Action, Crime, Drama",145 min,145,Family Ties,Adrenaline Rush,Medium,Medium,7.6,"The royal saga of deceit, conspiracy, greed and lust continues in the third installment of the series, as the Saheb and Biwi are pitted against an enemy and everyone involved is scheming ruthlessly for their own personal gain.",Tigmanshu Dhulia,"Sanjay Dutt, Jimmy Shergill, Mahie Gill, Chitrangda Singh",https://images.unsplash.com/photo-1489599849927-2ee91cede3ba?w=600&auto=format&fit=crop&q=80
tt4338154,Hawaizaada,2015,2010s-2023,"Biography, Drama",181 min,181,"Human Conflict, Life Lessons",Inspiring,Medium,Medium,7.5,"The film which is based on the life on an Indian scientist Shivkar Bapuji Talpade, who is credited to have constructed India's first unmanned plane is the tale of the hardships that he went...                See full summary »",Vibhu Puri,"Naman Jain, Mithun Chakraborty, Samir Chandra, Kanishka Singh Deo",https://images.unsplash.com/photo-1489599849927-2ee91cede3ba?w=600&auto=format&fit=crop&q=80
tt6791730,Tumhari Sulu,2017,2010s-2023,"Comedy, Drama",148 min,148,Family Ties,Feel-good,Medium,Low,7.1,Sulu is an ambitious housewife with a loving husband and a happy family. Things start changing for her when she accidentally lands a job as a radio jockey and her show becomes an instant hit.,Suresh Triveni,"Vidya Balan, Manav Kaul, Neha Dhupia, Vijay Maurya",https://images.unsplash.com/photo-1489599849927-2ee91cede3ba?w=600&auto=format&fit=crop&q=80
tt0114175,Prem,1995,90s (1990-1999),"Action, Drama, Romance",140 min,140,Family Ties,Heartwarming,Medium,Low,8.2,"Sanjay Verma is an eligible young man, who has been having hallucinations of a past life as Shantanu. He travels to a small community and meets with Sonia Verma, and recognizes her as the ...                See full summary »",Satish Kaushik,"Sanjay Kapoor, Tabu, Deepak Tijori, Dalip Tahil",https://images.unsplash.com/photo-1489599849927-2ee91cede3ba?w=600&auto=format&fit=crop&q=80
tt1971365,Dangerous Ishhq,2012,2010s-2023,"Fantasy, Mystery, Romance",176 min,176,"Revenge, Romantic Love",Tense & Thrilling,Medium,High,7.8,Three doppelgangers(one girl+ two boys).Two of them loves each other and get together from many lives .And the third one(who can't be killed easily)also wants the girl and he tries to separate them through many lives.,Vikram Bhatt,"Karisma Kapoor, Rajneesh Duggal, Divya Dutta, Jimmy Shergill",https://images.unsplash.com/photo-1489599849927-2ee91cede3ba?w=600&auto=format&fit=crop&q=80
tt0267252,Ajay,1996,90s (1990-1999),"Action, Drama, Romance",157 min,157,Family Ties,Heartwarming,Medium,Low,7.5,"Raja Brijraj Singh and his younger brother Raja Ranbir Singh lives in a spacious bungalow and are wealthy landlords of a small Indian village name Kishengard. They would like there only, ...                See full summary »",Suneel Darshan,"Sunny Deol, Karisma Kapoor, Reena Roy, Kiran Kumar",https://images.unsplash.com/photo-1489599849927-2ee91cede3ba?w=600&auto=format&fit=crop&q=80
tt2988272,Shuddh Desi Romance,2013,2010s-2023,"Comedy, Drama, Romance",166 min,166,Romantic Love,Feel-good,Medium,Low,7.3,A romantic comedy which tells the journey of three restless young people who junk society's syllabus for finding love and decide to follow their heart.,Maneesh Sharma,"Sushant Singh Rajput, Parineeti Chopra, Rishi Kapoor, Vaani Kapoor",https://images.unsplash.com/photo-1489599849927-2ee91cede3ba?w=600&auto=format&fit=crop&q=80
tt6272828,Mubarakan,2017,2010s-2023,"Comedy, Romance",148 min,148,Family Ties,Feel-good,Low,Low,7.0,"Singleton Kartar Singh is left with the responsibility of raising his 2 orphaned nephews. He asks his brother to raise Charan and his sister in London to raise Karan. When the twins cross continents, they leave behind a trail of confusion.",Anees Bazmee,"Anil Kapoor, Arjun Kapoor, Ileana D'Cruz, Athiya Shetty",https://images.unsplash.com/photo-1489599849927-2ee91cede3ba?w=600&auto=format&fit=crop&q=80
tt0251346,Police Aur Mujrim,1992,90s (1990-1999),"Action, Musical, Romance",158 min,158,"Family Ties, Crime & Justice",Deep & Emotional,Medium,Low,8.0,"Bombay's Police Commissioner Veer Bahadur Singh, lives with his wife, Sharda, and daughter, Jyoti. When DSP Vishal Khanna arrests two notorious robbers and pimps, Shera and Jaaga, and holds...                See full summary »",K.C. Bokadia,"Raaj Kumar, Vinod Khanna, Meenakshi Sheshadri, Avinash Wadhawan",https://images.unsplash.com/photo-1489599849927-2ee91cede3ba?w=600&auto=format&fit=crop&q=80
tt4323504,Jazbaa,2015,2010s-2023,"Action, Crime, Drama",138 min,138,Family Ties,Adrenaline Rush,High,Medium,6.7,"Tensions arise when the daughter of nation's best lawyer is kidnapped. Now she'll have to save a rapist from death sentence, as ransom, within 4 days.",Sanjay Gupta,"Aishwarya Rai Bachchan, Irrfan Khan, Shabana Azmi, Jackie Shroff",https://images.unsplash.com/photo-1489599849927-2ee91cede3ba?w=600&auto=format&fit=crop&q=80
tt0449306,Lucky: No Time for Love,2005,2000s,"Musical, Drama, Romance",151 min,151,Family Ties,Heartwarming,Medium,Low,8.2,"In a chain of unfortunate events, a 17-year-old schoolgirl narrowly escapes a possible rapist, is caught up in a terror attack, and drinks contaminated water that poisons her.","Radhika Rao, Vinay Sapru","Salman Khan, Sneha Ullal, Mithun Chakraborty, Kader Khan",https://images.unsplash.com/photo-1489599849927-2ee91cede3ba?w=600&auto=format&fit=crop&q=80
tt2630076,Super Nani,2014,2010s-2023,"Comedy, Drama, Family",166 min,166,"Humor, Misunderstandings",Feel-good,Medium,Low,7.7,"The movie revolves around how an Indian woman, Bharti, who sacrifices her life for her children and husband, and yet they do not value her or her sacrifices, and they all maltreat her. Then...                See full summary »",Indra Kumar,"Rekha, Sharman Joshi, Randhir Kapoor, Anupam Kher",https://images.unsplash.com/photo-1489599849927-2ee91cede3ba?w=600&auto=format&fit=crop&q=80
tt1391544,Dhoondte Reh Jaoge,2009,2000s,"Comedy, Drama",150 min,150,"Humor, Misunderstandings",Feel-good,Medium,Low,7.8,A failed film producer and an unemployed Chartered Accountant decide to make a 'sure flop' movie,Umesh Shukla,"Paresh Rawal, Kunal Kemmu, Sonu Sood, Soha Ali Khan",https://images.unsplash.com/photo-1489599849927-2ee91cede3ba?w=600&auto=format&fit=crop&q=80
tt0423313,Tahalka,1992,90s (1990-1999),"Action, Adventure, Thriller",165 min,165,"Family Ties, Patriotism & Honor",Tense & Thrilling,Medium,Medium,8.0,"While on a yacht trip along with this daughter, Dolly, Indian army Major Krishna Rao, observes a girl in distress and goes to rescue her. He ends up rescuing dozens of girls, who have been ...                See full summary »",Anil Sharma,"Dharmendra, Naseeruddin Shah, Mukesh Khanna, Aditya Pancholi",https://images.unsplash.com/photo-1489599849927-2ee91cede3ba?w=600&auto=format&fit=crop&q=80
tt3075360,Googly,2013,2010s-2023,"Comedy, Romance",171 min,171,"Friendship, Romantic Love",Feel-good,Low,Low,7.0,"Sharath and Swath, who fall in love but get separated due to some misunderstandings. They reunite a few years later at a friend's wedding",Pawan Wadeyar,"Yash, Kriti Kharbanda, Anant Nag, Sadhu Kokila",https://images.unsplash.com/photo-1489599849927-2ee91cede3ba?w=600&auto=format&fit=crop&q=80
tt0173283,Swarg,1990,90s (1990-1999),Drama,145 min,145,"Human Conflict, Life Lessons",Deep & Emotional,Medium,Low,7.5,"Krishna is very loyal to his master and treats him like God. Unfortunately, he gets thrown out of the house and the master becomes a pauper. But loyal Krishna returns to change things for the master.",David Dhawan,"Rajesh Khanna, Govinda, Madhavi, Juhi Chawla",https://images.unsplash.com/photo-1489599849927-2ee91cede3ba?w=600&auto=format&fit=crop&q=80
tt0244528,Hadh Kar Di Aapne,2000,2000s,"Comedy, Romance",174 min,174,"Friendship, Romantic Love, Family Ties, Secrets & Deception",Feel-good,Low,Low,7.3,"Raj, a detective, goes on a Europe trip for his friend's case. During the trip, he falls in love with Anjali, who is impersonating her best friend. Their journey together ensues romance and comic confusion.",Manoj Agrawal,"Govinda, Rani Mukerji, Johny Lever, Paresh Rawal",https://images.unsplash.com/photo-1489599849927-2ee91cede3ba?w=600&auto=format&fit=crop&q=80
tt1170404,Mere Baap Pehle Aap,2008,2000s,"Comedy, Drama, Romance",184 min,184,"Romantic Love, Family Ties",Feel-good,Medium,Low,7.3,A son reunites his widowed father to the long lost lover of the latter and urges him to marry.,Priyadarshan,"Akshaye Khanna, Paresh Rawal, Genelia Deshmukh, Om Puri",https://images.unsplash.com/photo-1489599849927-2ee91cede3ba?w=600&auto=format&fit=crop&q=80
tt6514010,Long Live Brij Mohan,2017,2010s-2023,"Comedy, Crime, Drama",168 min,168,"Humor, Misunderstandings",Deep & Emotional,High,High,7.9,"A man fakes his own death. Unfortunately for him, starting a new life with a new identity will only bring him more problems.",Nikhil Nagesh Bhat,"Arjun Mathur, Nidhi Singh, Sheetal Thakur, Manav Vij",https://images.unsplash.com/photo-1489599849927-2ee91cede3ba?w=600&auto=format&fit=crop&q=80
tt12779208,Meel patthar,2020,2010s-2023,Drama,157 min,157,"Human Conflict, Life Lessons",Deep & Emotional,Medium,Low,7.6,"Recently marking 500,000 kilometers on the road, a newly bereaved trucker faces the threat of losing the job that has come to define him to a new intern.",Ivan Ayr,"Mohinder Gujral, Pavitra Mattoo, Lakshvir Saran, Suvinder Vicky",https://images.unsplash.com/photo-1489599849927-2ee91cede3ba?w=600&auto=format&fit=crop&q=80
tt7884228,NTR: Kathanayakudu,2019,2010s-2023,"Biography, Drama",186 min,186,"Human Conflict, Life Lessons",Inspiring,Medium,Medium,7.8,"Based on the journey of the legendary Telugu actor, filmmaker and ex-Chief Minister Late Taraka Rama Rao Nandamuri.",Radha Krishna Jagarlamudi,"Nandamuri Balakrishna, Vidya Balan, Kaikala Satyanarayana, Nandamuri Kalyan Ram",https://images.unsplash.com/photo-1489599849927-2ee91cede3ba?w=600&auto=format&fit=crop&q=80
tt0814014,Apne,2007,2000s,"Action, Drama, Sport",158 min,158,"Family Ties, Ambition & Triumph",Deep & Emotional,Medium,Low,7.1,"A disgraced ex-boxer attempts to make his two sons champion boxers in order to clear his name. One son agrees with this goal, but the other does not, causing family conflicts.",Anil Sharma,"Dharmendra, Sunny Deol, Bobby Deol, Shilpa Shetty Kundra",https://images.unsplash.com/photo-1489599849927-2ee91cede3ba?w=600&auto=format&fit=crop&q=80
tt0385351,Yeh Lamhe Judaai Ke,2004,2000s,"Drama, Mystery, Romance",165 min,165,"Friendship, Family Ties, Ambition & Triumph",Tense & Thrilling,Medium,High,8.2,"Dushyant and Jaya are childhood friends. In spite of his familys poverty, Dushyant has one great ambition in life: to become a successful singer. Will he achieve his ambition?","Pavan Kaul, Birendra Nath Tiwari","Shah Rukh Khan, Raveena Tandon, Navneet Nishan, Avtar Gill",https://images.unsplash.com/photo-1489599849927-2ee91cede3ba?w=600&auto=format&fit=crop&q=80
tt1431122,No Problem,2010,2010s-2023,"Action, Comedy, Crime",160 min,160,Crime & Justice,Adrenaline Rush,Medium,Medium,6.9,"Bank robbers, diamond thieves, a minister's homicide, and a hyper wife are just some of the challenges faced by a bumbling senior police officer.",Anees Bazmee,"Anil Kapoor, Sanjay Dutt, Akshaye Khanna, Suniel Shetty",https://images.unsplash.com/photo-1489599849927-2ee91cede3ba?w=600&auto=format&fit=crop&q=80
tt5785116,Begum Jaan,2017,2010s-2023,"Action, Drama, History",135 min,135,"Courage, Heroism",Inspiring,Medium,Low,7.0,The story of eleven prostitutes who refuse to part ways with their brothel and each other during the partition between India and Pakistan.,Srijit Mukherji,"Amitabh Bachchan, Pallavi Sharda, Vidya Balan, Naseeruddin Shah",https://images.unsplash.com/photo-1489599849927-2ee91cede3ba?w=600&auto=format&fit=crop&q=80
tt0435437,Taarzan: The Wonder Car,2004,2000s,"Action, Adventure, Drama",151 min,151,"Revenge, Family Ties",Deep & Emotional,Medium,Low,6.7,"Raj rebuilds his dead father's car and names it Taarzan, but the car comes to life in a miraculous way. Slowly, the car starts killing the killers of Raj's father.","Abbas Alibhai Burmawalla, Mastan Alibhai Burmawalla","Ajay Devgn, Vatsal Sheth, Ayesha Takia, Farida Jalal",https://images.unsplash.com/photo-1489599849927-2ee91cede3ba?w=600&auto=format&fit=crop&q=80
tt3382148,Yaariyan,2014,2010s-2023,"Drama, Romance",151 min,151,Friendship,Heartwarming,Medium,Low,7.7,A college student must win an inter college competition to save his college from being demolished by property builders.,Divya Khosla Kumar,"Himansh Kohli, Rakul Preet Singh, Nicole Faria, Shreyas Porus Pardiwalla",https://images.unsplash.com/photo-1489599849927-2ee91cede3ba?w=600&auto=format&fit=crop&q=80
tt0319736,The Legend of Bhagat Singh,2002,2000s,"Action, Biography, Drama",152 min,152,"Courage, Heroism",Inspiring,Medium,Medium,8.0,The story of a young revolutionary who raised an armed resistance against the British rule in India.,Rajkumar Santoshi,"Ajay Devgn, Sushant Singh, D. Santosh, Akhilendra Mishra",https://images.unsplash.com/photo-1489599849927-2ee91cede3ba?w=600&auto=format&fit=crop&q=80
tt3224288,Beyond the Clouds,2017,2010s-2023,"Drama, Family",154 min,154,"Human Conflict, Life Lessons",Deep & Emotional,Medium,Low,7.3,"A hedonistic teenager in Mumbai is busted for dealing drugs and goes to his estranged sister for help, but complications land her in jail.",Majid Majidi,"Ishaan Khattar, Malavika Mohanan, Goutam Ghose, Sharada",https://images.unsplash.com/photo-1489599849927-2ee91cede3ba?w=600&auto=format&fit=crop&q=80
tt0354786,Oops!,2003,2000s,"Comedy, Drama",128 min,128,Friendship,Feel-good,Medium,Low,7.4,"Dancer Jahaan (Kiran Janjani) has a group that includes his girlfriend Nikki (Adyasha), and bosom pal Akash Rai (Vikas Sethi). While Nikki and Akash are content to wait for their big-time, ...                See full summary »",Deepak Tijori,"Kiran Jhangiani, Vikas Sethi, Adyasha, Mink Singh",https://images.unsplash.com/photo-1489599849927-2ee91cede3ba?w=600&auto=format&fit=crop&q=80
tt3501994,Hawaa Hawaai,2014,2010s-2023,"Drama, Family, Sport",167 min,167,Ambition & Triumph,Deep & Emotional,Medium,Low,8.0,Arjun dreams of skating. Can Arjun follow his dream and be a champion?,Amole Gupte,"Makrand Deshpande, Partho A. Gupte, Devraya Gole, Neha Joshi",https://images.unsplash.com/photo-1489599849927-2ee91cede3ba?w=600&auto=format&fit=crop&q=80
tt12642180,Ram Singh Charlie,2020,2010s-2023,Drama,149 min,149,"Romantic Love, Family Ties",Deep & Emotional,Medium,Low,7.5,A Lovely Little Film About A Family Of Circus Artistes.,Nitin Kakkar,"Kumud Mishra, Divya Dutta, Salima Raza, Farrukh Seyer",https://images.unsplash.com/photo-1489599849927-2ee91cede3ba?w=600&auto=format&fit=crop&q=80
tt25134642,Main Atal Hoon,2023,2010s-2023,"Biography, Drama",183 min,183,"Human Conflict, Life Lessons",Inspiring,Medium,Medium,7.2,"The life of Atal Bihari Vajpayee, who served as the Prime Minister of India thrice during his tenure. The Bharat Ratna and Padma Vibhushan recipient was also one of the key senior leaders and co-founders of Bharatiya Janata Party (BJP)",Ravi Jadhav,"Pankaj Tripathi, Benedict Garrett, Harshad Kumar, Rajesh Dubeay",https://images.unsplash.com/photo-1489599849927-2ee91cede3ba?w=600&auto=format&fit=crop&q=80
tt6405126,Simran,2017,2010s-2023,"Crime, Drama, Thriller",164 min,164,"Human Conflict, Life Lessons",Tense & Thrilling,Medium,Medium,7.7,"A socially-criticized, financially-cornered girl becomes an outlaw to dodge the situation.",Hansal Mehta,"Kangana Ranaut, Sohum Shah, Esha Tewari, Jason Louder",https://images.unsplash.com/photo-1489599849927-2ee91cede3ba?w=600&auto=format&fit=crop&q=80
tt0247992,Dulhan Hum Le Jayenge,2000,2000s,"Comedy, Drama, Romance",173 min,173,"Humor, Misunderstandings",Feel-good,Medium,Low,7.9,"Sapna has lost her parents at an early age and lives with her three quirky uncles - Bhola Nath is a fitness freak, Prabhu Nath is a deeply religious fellow and Vicky Nath is a disco-savvy ...                See full summary »",David Dhawan,"Salman Khan, Karisma Kapoor, Om Puri, Paresh Rawal",https://images.unsplash.com/photo-1489599849927-2ee91cede3ba?w=600&auto=format&fit=crop&q=80
tt8061218,Indian Never Again Nirbhaya,2018,2010s-2023,Drama,158 min,158,"Human Conflict, Life Lessons",Deep & Emotional,Medium,Low,6.7,Based on the true event of Delhi bus gang rape in December 2012.,"Bidisha Adhikari, Kanchan Adhikari, Payal Kaashyap","Riecha Sharma, Dinesh Mehta, Gehana Vasisth, Bidisha Adhikari",https://images.unsplash.com/photo-1489599849927-2ee91cede3ba?w=600&auto=format&fit=crop&q=80
tt27626564,Chaar Lugaai,2023,2010s-2023,Mystery,159 min,159,"Self-Discovery, Destiny",Tense & Thrilling,Medium,High,7.2,"Women, who maintain every duty and responsibility of their married life, but while on that, they find themselves yearning for intimacy and affection. With their husbands staying afar, they ...                See full summary »",Prakash Saini,"Nidhi Uttam, Ayush Chaturvedi, Deepti Gautam, Mansi Jain",https://images.unsplash.com/photo-1489599849927-2ee91cede3ba?w=600&auto=format&fit=crop&q=80
tt0347779,Pinjar: Beyond Boundaries...,2003,2000s,Drama,143 min,143,"Romantic Love, Patriotism & Honor",Deep & Emotional,Medium,Low,7.0,"In the days leading up to Partition, a Hindu woman is abducted by a Muslim man. Soon, she finds herself not only forced into marriage, but living in a new country as the borders between India and Pakistan are drawn.",Chandra Prakash Dwivedi,"Urmila Matondkar, Manoj Bajpayee, Sanjay Suri, Sandali Sinha",https://images.unsplash.com/photo-1489599849927-2ee91cede3ba?w=600&auto=format&fit=crop&q=80
tt15145772,200: Halla Ho,2021,2010s-2023,"Crime, History, Thriller",168 min,168,Revenge,Tense & Thrilling,High,Medium,7.5,"Loosely based on a real incident, 200: Halla Ho is the story of women, terrorised by a mobster whose gang raped, robbed, terrorised and murdered 300 families for 15 years until he met his nemesis in a young Dalit girl.","Sarthak Dasgupta, Alok Batra","Dipti Avlani, Saloni Batra, Apurva Choudhari, Sushama Deshpande",https://images.unsplash.com/photo-1489599849927-2ee91cede3ba?w=600&auto=format&fit=crop&q=80
tt7892066,Ayalaan,2024,2024-Latest,"Action, Adventure, Sci-Fi",156 min,156,"Courage, Heroism",Mind-bending & Epic,Medium,High,8.3,"A lost alien seeks help to go back to his home, but everything gets harder after the alien returns to its home.",R. Ravikumar,"Sivakarthikeyan, Rakul Preet Singh, Karunakaran, Bhanupriya",https://images.unsplash.com/photo-1489599849927-2ee91cede3ba?w=600&auto=format&fit=crop&q=80
tt7639372,Total Dhamaal,2019,2010s-2023,"Action, Adventure, Comedy",142 min,142,"Courage, Heroism",Feel-good,Medium,Low,7.1,A group of people learn about a hidden treasure and then they race to find it and claim it.,Indra Kumar,"Ajay Devgn, Anil Kapoor, Madhuri Dixit, Riteish Deshmukh",https://images.unsplash.com/photo-1489599849927-2ee91cede3ba?w=600&auto=format&fit=crop&q=80
tt1512888,Aayirathil Oruvan,2010,2010s-2023,"Action, Adventure",154 min,154,"Courage, Heroism",Deep & Emotional,Medium,Low,7.2,"Anitha, a government official, embarks on a journey to find Chandramouli, an archaeologist, who went to Vietnam to search for any existence of the prince of the Chola dynasty.",K. Selvaraghavan,"Karthi, Reema Sen, Andrea Jeremiah, Parthiban Radhakrishnan",https://images.unsplash.com/photo-1489599849927-2ee91cede3ba?w=600&auto=format&fit=crop&q=80
tt0964516,Fashion,2008,2000s,"Drama, Romance",163 min,163,Ambition & Triumph,Heartwarming,Medium,Low,7.6,A small-town girl finally realizes her dream of becoming a famous supermodel but soon finds out that her glamorous new life has a price.,Madhur Bhandarkar,"Priyanka Chopra Jonas, Kangana Ranaut, Mugdha Godse, Arbaaz Khan",https://images.unsplash.com/photo-1489599849927-2ee91cede3ba?w=600&auto=format&fit=crop&q=80
tt12887178,14 Phere,2021,2010s-2023,"Comedy, Romance",147 min,147,"Romantic Love, Ambition & Triumph",Feel-good,Low,Low,7.2,"Sanjay, a Rajput from Jahanabad, is in love with Aditi, a Jat from Jaipur. They want to get married, but don't want to hurt their families. So they plan to get married by arranging a fake set of parents. Will they succeed?",Devanshu Singh,"Kriti Kharbanda, Vikrant Massey, Gauahar Khan, Vineet Kumar",https://images.unsplash.com/photo-1489599849927-2ee91cede3ba?w=600&auto=format&fit=crop&q=80
tt19550082,Yellow Bus,2023,2010s-2023,Drama,132 min,132,Family Ties,Deep & Emotional,Medium,Low,7.1,"After discovering that her daughter was abandoned to perish in the blistering desert heat on a school bus, an Indian woman residing in the Arabian Gulf sets out on a quest for the truth and justice.",Wendy Bednarz,"Sam Akel, Mansoor Al-Fili, Kinda Alloush, Francesca Bizzarri",https://images.unsplash.com/photo-1489599849927-2ee91cede3ba?w=600&auto=format&fit=crop&q=80
tt0104854,Mere Sajana Saath Nibhana,1992,90s (1990-1999),"Drama, Musical",148 min,148,"Romantic Love, Family Ties",Deep & Emotional,Medium,Low,7.3,"Kanhaiya lives with his mother in a small rural town in India, and makes a living singing and dancing at wedding, birthdays, and other important ceremonies in the community along with Bhola...                See full summary »",Rajesh Vakil,"Mithun Chakraborty, Juhi Chawla, Shanti Priya, Prem Chopra",https://images.unsplash.com/photo-1489599849927-2ee91cede3ba?w=600&auto=format&fit=crop&q=80
tt7805960,Torbaaz,2020,2010s-2023,"Action, Drama, Sport",169 min,169,Family Ties,Deep & Emotional,High,Low,6.8,"A man rises from personal tragedy to lead a group of children from a refugee camp to victory, transforming their lives through the game of cricket.",Girish Malik,"Sanjay Dutt, Nargis Fakhri, Rahul Dev, Kuwaarjeet Chopraa",https://images.unsplash.com/photo-1489599849927-2ee91cede3ba?w=600&auto=format&fit=crop&q=80
tt0362771,Ishq Vishk,2003,2000s,"Comedy, Romance",156 min,156,"Friendship, Romantic Love",Feel-good,Low,Low,7.5,"A collegian (Shahid Kapoor) woos a beautiful girl, then falls in love with his childhood friend (Amrita Rao).",Ken Ghosh,"Shahid Kapoor, Amrita Rao, Shenaz Treasury, Vishal Malhotra",https://images.unsplash.com/photo-1489599849927-2ee91cede3ba?w=600&auto=format&fit=crop&q=80
tt2292625,Chakravyuh,2012,2010s-2023,"Action, Drama, Thriller",164 min,164,Friendship,Tense & Thrilling,Medium,Medium,7.6,"On the request of his friend Kabir, SP Adil Sends him to the Naxal group as an informer. When Kabir finds the truth he becomes one of their gang leader.",Prakash Jha,"Manoj Bajpayee, Kabir Bedi, Om Puri, Arjun Rampal",https://images.unsplash.com/photo-1489599849927-2ee91cede3ba?w=600&auto=format&fit=crop&q=80
tt0488287,Darwaza,2002,2000s,Horror,137 min,137,"Fear of Unknown, Survival",Tense & Thrilling,High,Low,6.6,Add a Plot,Kanti Shah,"Arun Mathur, Anil Nagrath, Amit Pachori, Sapna Sappu",https://images.unsplash.com/photo-1489599849927-2ee91cede3ba?w=600&auto=format&fit=crop&q=80
tt12505468,Kadakh,2019,2010s-2023,"Comedy, Drama, Thriller",168 min,168,"Humor, Misunderstandings",Feel-good,Medium,Medium,7.4,"Sunil is home alone when the doorbell rings. The stranger at the door is the husband of Chhaya, a woman that Sunil is having an affair with. The man asks many uncomfortable questions about their affair, becoming more and more intrusive.",Rajat Kapoor,"Ranvir Shorey, Mansi Multani, Palomi Ghosh, Rajat Kapoor",https://images.unsplash.com/photo-1489599849927-2ee91cede3ba?w=600&auto=format&fit=crop&q=80
tt13759622,Scorned,2020,2010s-2023,Thriller,151 min,151,Friendship,Tense & Thrilling,Medium,Medium,7.9,Romantic weekend of Kajal and Akshay turns into horrific and sadistic when Kajal discovers her boyfriend akshya is having an affair with her best friend Yamini,Tanveer Hashmi,"Tanveer Hashmi, Pooja Joshi, Paras Randhawa, Shikha Sinha",https://images.unsplash.com/photo-1489599849927-2ee91cede3ba?w=600&auto=format&fit=crop&q=80
tt10930586,Shikara,2020,2010s-2023,"Drama, History, Romance",146 min,146,Romantic Love,Inspiring,Medium,Low,7.6,Shikara is the story of resilience in the face of insurmountable odds. It's also the story of a love that remains unextinguished through 30 years of exile. A timeless love story in the worst of times.,Vidhu Vinod Chopra,"Sadia Khateeb, Zain Khan Durrani, Priyanshu Chatterjee, Bhavna Chauhan",https://images.unsplash.com/photo-1489599849927-2ee91cede3ba?w=600&auto=format&fit=crop&q=80
tt5943306,Freaky Ali,2016,2010s-2023,"Comedy, Sport",144 min,144,"Humor, Misunderstandings",Feel-good,Low,Low,7.1,A debt collector becomes a golfing sensation.,Sohail Khan,"Nawazuddin Siddiqui, Arbaaz Khan, Amy Jackson, Asif Basra",https://images.unsplash.com/photo-1489599849927-2ee91cede3ba?w=600&auto=format&fit=crop&q=80
tt1708532,Ready,2011,2010s-2023,"Action, Comedy, Romance",153 min,153,"Romantic Love, Family Ties",Feel-good,Medium,High,7.6,"Set in Thailand and India, a case of mistaken identity leads to love, and a man and his family concoct a grand scheme to win over the hearts of a woman and her greedy, conniving uncles.",Anees Bazmee,"Salman Khan, Asin Thottumkal, Paresh Rawal, Mahesh Manjrekar",https://images.unsplash.com/photo-1489599849927-2ee91cede3ba?w=600&auto=format&fit=crop&q=80
tt0453729,Iqbal,2005,2000s,"Drama, Sport",141 min,141,"Romantic Love, Family Ties",Deep & Emotional,Medium,Low,7.6,"Iqbal, the deaf and mute son of a farmer, has a passion for the game of cricket and seeks the tutelage of a washed-up, alcoholic ex-player.",Nagesh Kukunoor,"Shreyas Talpade, Naseeruddin Shah, Shweta Basu Prasad, Yatin Karyekar",https://images.unsplash.com/photo-1489599849927-2ee91cede3ba?w=600&auto=format&fit=crop&q=80
tt2599878,Operation Fryday,2023,2010s-2023,"Action, Crime, Drama",135 min,135,"Courage, Heroism",Adrenaline Rush,Medium,Medium,7.1,A Muslim unwittingly gets involved in a terrorist bombing in Mumbai and decides to avenge the act.,Vishram Sawant,"Randeep Hooda, Suniel Shetty, Rukhsar Rehman, Nitu Chandra",https://images.unsplash.com/photo-1489599849927-2ee91cede3ba?w=600&auto=format&fit=crop&q=80
tt15716566,Dil Hai Gray,2023,2010s-2023,Crime,143 min,143,Crime & Justice,Deep & Emotional,Medium,Medium,7.2,A police inspector investigates a guy who traps innocent women on social media.,Susi Ganesan,"Akshay Oberoi, Rangaraj Pandey, Urvashi Rautela, Vineet Kumar Singh",https://images.unsplash.com/photo-1489599849927-2ee91cede3ba?w=600&auto=format&fit=crop&q=80
tt0268401,Kahin Pyaar Na Ho Jaaye,2000,2000s,"Comedy, Drama, Musical",145 min,145,"Romantic Love, Family Ties",Feel-good,Medium,Low,7.7,"Musician Prem Kapoor lives with his sister, Neelu, brother-in-law Vinod, his niece and a nephew. He has plans of getting married to his fiancee, Nisha; unfortunately on the wedding day ...                See full summary »",K. Muralimohana Rao,"Kashmira Shah, Salman Khan, Jackie Shroff, Rani Mukerji",https://images.unsplash.com/photo-1489599849927-2ee91cede3ba?w=600&auto=format&fit=crop&q=80
tt1083988,Journey Bombay to Goa: Laughter Unlimited,2007,2000s,"Action, Adventure, Comedy",139 min,139,Secrets & Deception,Feel-good,Medium,Low,7.4,"After learning a secret of a treasure from a runaway criminal, a group of tourists embarks on journey to find the hidden treasure from Bombay to Goa.",Raj Pendurkar,"Sunil Pal, Vijay Raaz, Raju Srivastava, Ehsaan Qureshi",https://images.unsplash.com/photo-1489599849927-2ee91cede3ba?w=600&auto=format&fit=crop&q=80
tt0100002,Lekin...,1990,90s (1990-1999),"Drama, Fantasy, Musical",176 min,176,"Human Conflict, Life Lessons",Mind-bending & Epic,Medium,Low,6.9,"Samir Niyogi lives in India and is assigned by the Government to travel to Rajasthan, evaluate a princely castle that once belonged to Raja Param Singh, take stock of all items, the ...                See full summary »",Gulzar,"Vinod Khanna, Dimple Kapadia, Amjad Khan, Alok Nath",https://images.unsplash.com/photo-1489599849927-2ee91cede3ba?w=600&auto=format&fit=crop&q=80
tt0347167,The Hero: Love Story of a Spy,2003,2000s,"Action, Adventure, Drama",141 min,141,Crime & Justice,Deep & Emotional,Medium,Low,7.9,Arun is an Indian undercover agent enlisted to stop ISI chief Ishaq Khan. The village girl Reshma helps him but endangers her own life.,Anil Sharma,"Sunny Deol, Preity G Zinta, Priyanka Chopra Jonas, Amrish Puri",https://images.unsplash.com/photo-1489599849927-2ee91cede3ba?w=600&auto=format&fit=crop&q=80
tt8304386,The Zoya Factor,2019,2010s-2023,"Comedy, Drama, Romance",161 min,161,Crime & Justice,Feel-good,Medium,Low,8.3,"Based on Anuja Chauhan's novel, Zoya Factor is a rom-com about Zoya, an advertising agent, and her relationship with the captain of Team India, Nikhil Khoda.","Abhishek Sharma, Mehmet Tutkun","Sonam Kapoor, Dulquer Salmaan, Sanjay Kapoor, Aasokaa",https://images.unsplash.com/photo-1489599849927-2ee91cede3ba?w=600&auto=format&fit=crop&q=80
tt0348662,Kucch To Hai,2003,2000s,"Horror, Mystery, Romance",146 min,146,"Friendship, Revenge",Tense & Thrilling,High,High,6.7,"Indian film-makers have now come up with their very own ""I Know What You Did Last Summer', a story centering around a College Professor, who kills his wife, and hides her body in the ...                See full summary »","Anurag Basu, Anil v Kumar","Tusshar Kapoor, Esha Deol, Ramesh Bhatkar, Ashay Chitre",https://images.unsplash.com/photo-1489599849927-2ee91cede3ba?w=600&auto=format&fit=crop&q=80
tt2392447,Ungli,2014,2010s-2023,"Crime, Drama, Thriller",141 min,141,Friendship,Tense & Thrilling,Medium,Medium,7.3,A gang of friends decide to take justice into their own hands.,Renzil D'Silva,"Sanjay Dutt, Emraan Hashmi, Kangana Ranaut, Randeep Hooda",https://images.unsplash.com/photo-1489599849927-2ee91cede3ba?w=600&auto=format&fit=crop&q=80
tt0102825,Saajan,1991,90s (1990-1999),"Drama, Musical, Romance",146 min,146,"Friendship, Romantic Love",Heartwarming,Medium,Low,8.3,A poet (Sanjay Dutt) and his best friend (Salman Khan) fall in love with the same woman (Madhuri Dixit).,Lawrence D'Souza,"Sanjay Dutt, Madhuri Dixit, Salman Khan, Ekta Sohini",https://images.unsplash.com/photo-1489599849927-2ee91cede3ba?w=600&auto=format&fit=crop&q=80
tt8706884,Prassthanam,2019,2010s-2023,"Action, Drama",169 min,169,Family Ties,Deep & Emotional,Medium,Low,7.9,A rural politician marries a widow with kids and gains a respectable position. He trusts his stepson more than his own in political matters; thus upsetting his son beyond limits.,Deva Katta,"Sanjay Dutt, Jackie Shroff, Ali Fazal, Manisha Koirala",https://images.unsplash.com/photo-1489599849927-2ee91cede3ba?w=600&auto=format&fit=crop&q=80
tt8476998,Bhonsle,2018,2010s-2023,Drama,162 min,162,Crime & Justice,Deep & Emotional,Medium,Low,6.6,"Bhonsle is a retired policeman and is living a non-interfering life in a colony dominated by locals, diagnosed with stage 4 brain tumor. When the migrant resident politics take a nasty turn, he chooses to take a stance and deal with it.",Devashish Makhija,"Manoj Bajpayee, Santosh Juvekar, Ipshita Chakraborty Singh, Aditya Agnihotri",https://images.unsplash.com/photo-1489599849927-2ee91cede3ba?w=600&auto=format&fit=crop&q=80
tt2229848,Chashme Baddoor,2013,2010s-2023,"Comedy, Drama",141 min,141,Romantic Love,Feel-good,Medium,Low,8.2,"When pretty new neighbor Seema falls for their shy roommate Sid, jealous womanizers Omi and Jai plot to break up the new lovebirds.",David Dhawan,"Ali Zafar, Siddharth, Divyendu Sharma, Taapsee Pannu",https://images.unsplash.com/photo-1489599849927-2ee91cede3ba?w=600&auto=format&fit=crop&q=80
tt0218533,Pukar,2000,2000s,"Action, Drama, Romance",145 min,145,"Romantic Love, Patriotism & Honor",Heartwarming,Medium,Low,7.0,A notorious terrorist manipulates an Indian army major's jilted lover into helping him obtain a classified military code.,Rajkumar Santoshi,"Anil Kapoor, Madhuri Dixit, Namrata Shirodkar, Om Puri",https://images.unsplash.com/photo-1489599849927-2ee91cede3ba?w=600&auto=format&fit=crop&q=80
tt3547616,All Is Well,2015,2010s-2023,"Comedy, Drama, Romance",179 min,179,Friendship,Feel-good,Medium,Low,6.7,A musician finds himself on the run from a group of thugs with his friend and his estranged parents.,Umesh Shukla,"Rishi Kapoor, Abhishek Bachchan, Asin Thottumkal, Supriya Pathak",https://images.unsplash.com/photo-1489599849927-2ee91cede3ba?w=600&auto=format&fit=crop&q=80
tt20421014,Ittu Si Baat,2022,2010s-2023,Drama,150 min,150,"Friendship, Romantic Love",Deep & Emotional,Medium,Low,8.1,"The film is set in the small town of Chunar, near Varanasi. Ittu Si Baat is a slice-of-life story of an up-and-coming cricketer who falls in love with his childhood friend. ""A modern take ...                See full summary »",Adnan Ali,"Aakash Ahuja, Gayatri Bhardwaj, Ravi Chauhan, Dheerendra Gautam",https://images.unsplash.com/photo-1489599849927-2ee91cede3ba?w=600&auto=format&fit=crop&q=80
tt0102258,Lamhe,1991,90s (1990-1999),"Drama, Musical, Romance",183 min,183,Romantic Love,Heartwarming,Medium,Low,7.2,"Yash Chopra's most cherished film with soul stirring music is a story of moments - moments of passion, of ecstasy and of life changing love.",Yash Chopra,"Anil Kapoor, Sridevi, Anupam Kher, Waheeda Rehman",https://images.unsplash.com/photo-1489599849927-2ee91cede3ba?w=600&auto=format&fit=crop&q=80
tt10569922,Bunty Aur Babli 2,2021,2010s-2023,"Comedy, Romance",166 min,166,"Humor, Misunderstandings",Feel-good,Low,Low,6.7,Bunty and Babli are forced out of retirement after a spate of robberies with their trademark sigil start appearing across India.,Varun V. Sharma,"Saif Ali Khan, Rani Mukerji, Siddhant Chaturvedi, Sharvari Wagh",https://images.unsplash.com/photo-1489599849927-2ee91cede3ba?w=600&auto=format&fit=crop&q=80
tt9108892,Harami,2020,2010s-2023,"Crime, Drama, Romance",143 min,143,Family Ties,Heartwarming,Medium,Medium,7.3,"An orphan teenage pickpocket working in the trains of Mumbai along with his gang, embarks on a life-altering journey when faced by the daughter of one of his victims who's committed suicide after being robbed.",Shyam Madiraju,"Emraan Hashmi, Rizwan Shaikh, Dhanshree Patil, Harsh Rajendra Rane",https://images.unsplash.com/photo-1489599849927-2ee91cede3ba?w=600&auto=format&fit=crop&q=80
tt0396690,Kisna: The Warrior Poet,2005,2000s,"Drama, Musical, Romance",180 min,180,Friendship,Heartwarming,Medium,Low,7.0,"A man befriends and protects a British girl from a group of nationalists that want England to hand India back to them. They fall for each other, but the man is due to marry.",Subhash Ghai,"Vivek Oberoi, Isha Sharvani, Antonia Bernath, Sushmita Sen",https://images.unsplash.com/photo-1489599849927-2ee91cede3ba?w=600&auto=format&fit=crop&q=80
tt2708550,Jal,2013,2010s-2023,Drama,156 min,156,"Human Conflict, Life Lessons",Deep & Emotional,Medium,Low,7.1,A gifted young man from a drought-stricken village helps a group of ecologists find water for migrating flamingoes.,Girish Malik,"Purab Kohli, Tannishtha Chatterjee, Kirti Kulhari, Mukul Dev",https://images.unsplash.com/photo-1489599849927-2ee91cede3ba?w=600&auto=format&fit=crop&q=80
tt10263986,Ek Gulelbaaz the Catapult,2019,2010s-2023,"Drama, Family",180 min,180,"Human Conflict, Life Lessons",Deep & Emotional,Medium,Low,6.9,Add a Plot,Manoj Kumar,"Gauri Shankar, Aishwarya Arora, Hemant Pandey, Manoj Kumar",https://images.unsplash.com/photo-1489599849927-2ee91cede3ba?w=600&auto=format&fit=crop&q=80
tt5013008,Fraud Saiyyan,2019,2010s-2023,"Comedy, Drama",128 min,128,"Humor, Misunderstandings",Feel-good,Medium,Low,7.4,Fraud Saiyyan is the story of a con artist in North India who convinces women to marry him just so he can live off their money.,Sourabh Shrivastava,"Arshad Warsi, Saurabh Shukla, Flora Saini, Sara Loren",https://images.unsplash.com/photo-1489599849927-2ee91cede3ba?w=600&auto=format&fit=crop&q=80
tt10671436,Barot House,2019,2010s-2023,"Mystery, Thriller",144 min,144,"Revenge, Family Ties",Tense & Thrilling,Medium,High,7.6,A series of inexplicable and gruesome killings tear the Barot family apart and destroy the close relationship between father and son. Who could be behind this mindless slaughter? When the ...                See full summary »,Bugs Bhargava Krishna,"Amit Sadh, Manjari Fadnnis, Aaryan Menghji, Kishaa Arora",https://images.unsplash.com/photo-1489599849927-2ee91cede3ba?w=600&auto=format&fit=crop&q=80
tt2635622,The Attacks of 26/11,2013,2010s-2023,"Action, Crime, Drama",157 min,157,Patriotism & Honor,Adrenaline Rush,Medium,Medium,7.0,"The real story of ten terrorists, who sail to Mumbai and wage war on the populace for the next 72 hours.",Ram Gopal Varma,"Nana Patekar, Atul Kulkarni, Sanjeev Jaiswal, Rahaao",https://images.unsplash.com/photo-1489599849927-2ee91cede3ba?w=600&auto=format&fit=crop&q=80
tt2178508,Son of Sardaar,2012,2010s-2023,"Action, Comedy, Romance",155 min,155,Revenge,Feel-good,Medium,Low,8.2,"A guest tries to stay inside the house of a man who can't kill him unless he's outside, because of believing guest to be equal to God.","Ashwani Dhir, Anil Devgan","Ajay Devgn, Sanjay Dutt, Sonakshi Sinha, Juhi Chawla",https://images.unsplash.com/photo-1489599849927-2ee91cede3ba?w=600&auto=format&fit=crop&q=80
tt2663796,Mere Aagosh Mein,2000,2000s,Thriller,150 min,150,"Friendship, Family Ties",Tense & Thrilling,Medium,Medium,8.0,"A woman who dumps her boyfriend for a rich, older man regrets that choice when her ex takes up with her new stepdaughter.",B. Prasad,"Rana Jung Bahadur, Kanchan, Kirti Shetty, Balli Grover",https://images.unsplash.com/photo-1489599849927-2ee91cede3ba?w=600&auto=format&fit=crop&q=80
tt0102513,Narasimha,1991,90s (1990-1999),"Action, Drama",147 min,147,"Courage, Heroism",Deep & Emotional,Medium,Low,7.9,"With the help of his strongest henchman; Narasimha, Baapji eliminates his enemies from the city. But what happens when the sleeping morals of your toughest ally awaken, and he not only opposes you, but aligns with your enemy?",N. Chandra,"Sunny Deol, Dimple Kapadia, Urmila Matondkar, Ravi Behl",https://images.unsplash.com/photo-1489599849927-2ee91cede3ba?w=600&auto=format&fit=crop&q=80
tt5212160,Chhota Bheem Himalayan Adventure,2016,2010s-2023,Animation,151 min,151,"Self-Discovery, Destiny",Deep & Emotional,Medium,Low,7.0,"When Hidimbak attacks manali Bheem has to stop that strong man,",Rosauro Adorable,"Jigna Bhardwaj, Rupa Bhimani, Sonal Kaushal, Ketan Kava",https://images.unsplash.com/photo-1489599849927-2ee91cede3ba?w=600&auto=format&fit=crop&q=80
tt1027813,Free Entry,2006,2000s,"Drama, Romance",178 min,178,"Human Conflict, Life Lessons",Heartwarming,Medium,Low,7.1,"The movie is a story of twin sisters coveting the same man. Bobby is a working girl in Bangkok while her twin sister, Julie, is interested in only having a good time. Bobby meets Rocky at ...                See full synopsis »",Kanti Shah,"Anil Nagrath, Amit Pachori, Sapna Sappu",https://images.unsplash.com/photo-1489599849927-2ee91cede3ba?w=600&auto=format&fit=crop&q=80
tt1600439,Shaapit: The Cursed,2010,2010s-2023,"Adventure, Horror, Romance",160 min,160,Family Ties,Tense & Thrilling,High,Low,7.0,"In order to wed his sweetheart, a male must reverse a 350-year old curse on her family.",Vikram Bhatt,"Aditya Narayan, Shweta Agarwal, Rahul Dev, Shubh Joshi",https://images.unsplash.com/photo-1489599849927-2ee91cede3ba?w=600&auto=format&fit=crop&q=80
tt0233856,Hello Brother,1999,90s (1990-1999),"Action, Comedy, Fantasy",143 min,143,"Revenge, Crime & Justice",Feel-good,High,Low,8.1,A police officer receives a heart transplant from a murdered man whose ghost then follows him around insisting that he solve and avenge his murder.,Sohail Khan,"Salman Khan, Rani Mukerji, Arbaaz Khan, Johny Lever",https://images.unsplash.com/photo-1489599849927-2ee91cede3ba?w=600&auto=format&fit=crop&q=80
tt0116407,Ghatak: Lethal,1996,90s (1990-1999),"Action, Drama",166 min,166,Crime & Justice,Deep & Emotional,High,Low,7.6,"Unable to witness the injustice and brutality inflict on the residents by a tyrannical gangster, Katya, in a small Indian village in India; Kashinath alias Kashi decides to single-handily ...                See full summary »",Rajkumar Santoshi,"Sunny Deol, Meenakshi Sheshadri, Danny Denzongpa, Amrish Puri",https://images.unsplash.com/photo-1489599849927-2ee91cede3ba?w=600&auto=format&fit=crop&q=80
tt10196464,Ramprasad Ki Tehrvi,2019,2010s-2023,"Comedy, Drama",125 min,125,Family Ties,Feel-good,Medium,Low,7.4,"Bauji's entire family comes under one roof for 13 days after he passes away. We get a glimpse of their dynamics, politics and insecurities as each one of them is on their journey to discover their own selves and truth.",Seema Pahwa,"Supriya Pathak, Konkona Sen Sharma, Parambrata Chattopadhyay, Vikrant Massey",https://images.unsplash.com/photo-1489599849927-2ee91cede3ba?w=600&auto=format&fit=crop&q=80
tt22245482,Backfire,2022,2010s-2023,Mystery,143 min,143,"Self-Discovery, Destiny",Tense & Thrilling,Medium,High,7.6,Add a Plot,Ashok K Mishra,"Sandeepa Dhar, Karan Singh Grover, Kay Kay Menon, Neil Nitin Mukesh",https://images.unsplash.com/photo-1489599849927-2ee91cede3ba?w=600&auto=format&fit=crop&q=80
tt0265148,Main Prem Ki Diwani Hoon,2003,2000s,"Comedy, Drama, Musical",170 min,170,"Romantic Love, Family Ties",Feel-good,Medium,Low,7.5,"This is the story of Sanjana, a girl of today's generation full of life and vibrant ecstasy. She lives life on her own terms and gets very upset when her mother Susheela, arranges for her to see a boy leading to a marriage prospect.",Sooraj R. Barjatya,"Hrithik Roshan, Kareena Kapoor, Abhishek Bachchan, Johny Lever",https://images.unsplash.com/photo-1489599849927-2ee91cede3ba?w=600&auto=format&fit=crop&q=80
tt4990516,Tu Hai Mera Sunday,2016,2010s-2023,"Comedy, Drama",144 min,144,Friendship,Feel-good,Medium,Low,6.8,"When their Sunday soccer game on the beach is canceled, five friends set out to find another place to play in the noisy, crowded city of Mumbai.",Milind Dhaimade,"Barun Sobti, Shahana Goswami, Avinash Tiwary, Nakul Bhalla",https://images.unsplash.com/photo-1489599849927-2ee91cede3ba?w=600&auto=format&fit=crop&q=80
tt0135621,Rakshak,1996,90s (1990-1999),"Action, Thriller",169 min,169,"Courage, Heroism",Tense & Thrilling,Medium,Medium,7.7,ASP Raj Sinha is assign with the task of bringing to justice the people who are responsible for printing and circulating fake currency notes. Raj is shocked when he learn that the leader ...                See full summary »,Ashok Honda,"Suniel Shetty, Karisma Kapoor, Sonali Bendre, Raghuvaran",https://images.unsplash.com/photo-1489599849927-2ee91cede3ba?w=600&auto=format&fit=crop&q=80
tt14767926,#Homecoming,2022,2010s-2023,"Drama, Musical",152 min,152,Friendship,Deep & Emotional,Medium,Low,8.1,"A group of ""friends"" and ""misfits"", who had formed a popular yet short-lived youth theatre group, reunite for the first time after seven years on an eventful Durga Pujo night at their old ...                See full summary »",Soumyajit Majumdar,"Sayani Gupta, Tushar Pandey, Hussain Dalal, Soham Majumdar",https://images.unsplash.com/photo-1489599849927-2ee91cede3ba?w=600&auto=format&fit=crop&q=80
tt0272607,Farz,2001,2000s,"Action, Thriller",150 min,150,"Family Ties, Crime & Justice",Tense & Thrilling,High,Medium,7.6,"ACP Arjun Singh and his brother-in-law, Tayaji are with the police force but when Tayaji is assassinated on duty Arjun's family feels devastated by his death. Soon, Gawa Firozi and his brother Sikander start to terrorize the city.",Raj Kanwar,"Sunny Deol, Preity G Zinta, Jackie Shroff, Om Puri",https://images.unsplash.com/photo-1489599849927-2ee91cede3ba?w=600&auto=format&fit=crop&q=80
tt4600778,Chalk N Duster,2016,2010s-2023,Drama,165 min,165,Romantic Love,Deep & Emotional,Medium,Low,6.7,"CHALK N DUSTER is an emotional journey of two teachers Vidya ( Shabana Azmi) & Jyoti ( Juhi Chawla) , serving at a Mumbai - based High School. Their passion and love for teaching, bonds ...                See full summary »",Jayant Gilatar,"Richa Chadha, Shabana Azmi, Arya Babbar, Gavie Chahal",https://images.unsplash.com/photo-1489599849927-2ee91cede3ba?w=600&auto=format&fit=crop&q=80
tt1039995,U Me Aur Hum,2008,2000s,"Drama, Romance",145 min,145,"Human Conflict, Life Lessons",Heartwarming,Medium,Low,6.9,"Ajay's life turns upside down when he learns that his wife Piya has Alzheimer and he has no option, but to leave his wife in a mental hospital.",Ajay Devgn,"Ajay Devgn, Kajol, Sumeet Raghavan, Divya Dutta",https://images.unsplash.com/photo-1489599849927-2ee91cede3ba?w=600&auto=format&fit=crop&q=80
tt0476888,"Tom, Dick, and Harry",2006,2000s,"Action, Comedy, Romance",145 min,145,Friendship,Feel-good,Medium,Low,7.7,"Three disabled friends - deaf Tom, blind Dick and dumb Harry - get caught up in a whirlwind adventure involving two beautiful girls, a kidnapping and a ton of cash.",Deepak Tijori,"Rakesh Bedi, Bobby Darling, Avtar Gill, Ramesh Goyal",https://images.unsplash.com/photo-1489599849927-2ee91cede3ba?w=600&auto=format&fit=crop&q=80
tt9367742,Tryst with Destiny,2021,2010s-2023,Drama,150 min,150,Crime & Justice,Deep & Emotional,Medium,Low,7.2,"A billionaire learns there is something money can't buy, a lower-caste couple attempts to build a new life, and a corrupt city cop finds himself far outside of the law in Nair's slyly biting triptych on class in contemporary India.",Prashant Nair,"Suhasini, Vineet Kumar Singh, Jaideep Ahlawat, Kani Kusruti",https://images.unsplash.com/photo-1489599849927-2ee91cede3ba?w=600&auto=format&fit=crop&q=80
tt5997928,Mukti Bhawan,2016,2010s-2023,"Comedy, Drama",153 min,153,Family Ties,Feel-good,Medium,Low,6.8,"Faced with his father's untimely and bizarre demand to go and die in the holy city of Varanasi and attain Salvation, a son is left with no choice but to embark on this journey.",Shubhashish Bhutiani,"Adil Hussain, Lalit Behl, Geetanjali Kulkarni, Palomi Ghosh",https://images.unsplash.com/photo-1489599849927-2ee91cede3ba?w=600&auto=format&fit=crop&q=80
tt0119285,Hero No. 1,1997,90s (1990-1999),"Comedy, Drama, Musical",172 min,172,"Romantic Love, Family Ties",Feel-good,Medium,Low,7.4,"Timid Rajesh Malhotra escapes his tyrant father and meets Meena in a foreign land. The two lovers decide to marry, but when Meena's parents object, Rajesh decides to win them over in the quirkiest way.",David Dhawan,"Govinda, Karisma Kapoor, Kader Khan, Paresh Rawal",https://images.unsplash.com/photo-1489599849927-2ee91cede3ba?w=600&auto=format&fit=crop&q=80
tt1252596,Ajab Prem Ki Ghazab Kahani,2009,2000s,"Action, Comedy, Musical",135 min,135,"Romantic Love, Ambition & Triumph",Feel-good,Medium,Low,6.7,"The wacky adventures of a young man who is willing to sacrifice his own love to insure the happiness of others, even trying to get the girl of his dreams married to the guy of her dreams.",Rajkumar Santoshi,"Ranbir Kapoor, Katrina Kaif, Darshan Jariwala, Smita Jaykar",https://images.unsplash.com/photo-1489599849927-2ee91cede3ba?w=600&auto=format&fit=crop&q=80
tt0255111,Dhadkan,2000,2000s,"Drama, Romance",170 min,170,"Romantic Love, Family Ties",Heartwarming,Medium,Low,7.9,"Anjali and Dev are in love and plan to marry, but her family gets her married to Ram. Years later, Dev shows up to reunite with Anjali, who has managed to fall in love with her husband.",Dharmesh Darshan,"Akshay Kumar, Shilpa Shetty Kundra, Suniel Shetty, Mahima Chaudhry",https://images.unsplash.com/photo-1489599849927-2ee91cede3ba?w=600&auto=format&fit=crop&q=80
tt27930156,I Love You,2023,2010s-2023,"Drama, Romance, Thriller",143 min,143,Patriotism & Honor,Tense & Thrilling,Medium,Medium,6.7,"Sathya is a highly successful corporate executive who look forward to a bright future with her fiance,Vishal.One night ,when she is about to board a fight to Delhi, Satya finds herself trapped within the office .What danger awaits her?",Nikhil Mahajan,"Rakul Preet Singh, Pavail Gulati, Akshay Oberoi, Kiran Kumar",https://images.unsplash.com/photo-1489599849927-2ee91cede3ba?w=600&auto=format&fit=crop&q=80
tt1183946,The Stoneman Murders,2009,2000s,"Crime, Drama, Mystery",143 min,143,"Revenge, Crime & Justice",Tense & Thrilling,Medium,High,6.8,"In 1980s Bombay, a serial killer starts targeting homeless street dwellers, whilst a suspended police officer attempts to solve the case.",Manish Gupta,"Kay Kay Menon, Arbaaz Khan, Rukhsar Rehman, Veerendra Saxena",https://images.unsplash.com/photo-1489599849927-2ee91cede3ba?w=600&auto=format&fit=crop&q=80
tt9325680,Lomad,2023,2010s-2023,"Crime, Drama, Thriller",151 min,151,"Human Conflict, Life Lessons",Tense & Thrilling,Medium,Medium,7.7,This SINGLE SHOT film describes that there is a stranger within all of us that comes out at an unknown place and in an unusual time.,Hemwant Tiwari,"Hemwant Tiwari, Auroshikha Dey, Parimal Aloke, Tirrtha Murbaadkar",https://images.unsplash.com/photo-1489599849927-2ee91cede3ba?w=600&auto=format&fit=crop&q=80
tt10062556,Bhuj: The Pride of India,2021,2010s-2023,"Action, Drama, History",142 min,142,Patriotism & Honor,Inspiring,Medium,Low,7.0,"During the Indo-Pakistani War of 1971, the Bhuj airbase is attacked and a race against time begins to rebuild the damaged airstrip.",Abhishek Dudhaiya,"Ajay Devgn, Sanjay Dutt, Sonakshi Sinha, Sharad Kelkar",https://images.unsplash.com/photo-1489599849927-2ee91cede3ba?w=600&auto=format&fit=crop&q=80
tt11102314,Tribhanga,2021,2010s-2023,"Drama, Family",178 min,178,Family Ties,Deep & Emotional,Medium,Low,7.8,The lives of three women spanning the late 1980s to present day and underscores the value of family in everyday life.,Renuka Shahane,"Kajol, Tanvi Azmi, Mithila Palkar, Kunaal Roy Kapur",https://images.unsplash.com/photo-1489599849927-2ee91cede3ba?w=600&auto=format&fit=crop&q=80
tt8491220,Kuch Pal Pyar Ke,2018,2010s-2023,Drama,141 min,141,"Human Conflict, Life Lessons",Deep & Emotional,Medium,Low,6.8,"Kuch Pal Pyar Ke is a 2018 Indian Hindi film, directed by V.H. Kumar. The film stars Aamir and Zoya in lead roles. The film has musical score by Aniket Trivedi.",Viral H. Patel,"Aamir, Tejas Gadhvi, Aamir Ghani, Zoya Rathore",https://images.unsplash.com/photo-1489599849927-2ee91cede3ba?w=600&auto=format&fit=crop&q=80
tt0824316,Dor,2006,2000s,Drama,160 min,160,Friendship,Deep & Emotional,High,Low,7.3,"Two woman --different backgrounds, miles apart, and strangers to each other-- are linked by tragedy. Their new-found friendship is tested as one holds the fate of the other's husband in her hands.",Nagesh Kukunoor,"Ayesha Takia, Shreyas Talpade, Gul Panag, Girish Karnad",https://images.unsplash.com/photo-1489599849927-2ee91cede3ba?w=600&auto=format&fit=crop&q=80
tt0098976,Aaj Ka Arjun,1990,90s (1990-1999),"Action, Crime, Drama",158 min,158,Family Ties,Adrenaline Rush,Medium,Medium,7.8,"Bhim Singh is an orphan who lives a poor life-style in a small community. He is the guardian to his only sister, Laxmi, who he has educated in the city, she meets Ajit Singh the son of ...                See full summary »",K.C. Bokadia,"Amitabh Bachchan, Jaya Prada, Radhika Sarathkumar, Suresh Oberoi",https://images.unsplash.com/photo-1489599849927-2ee91cede3ba?w=600&auto=format&fit=crop&q=80
tt1343362,Do Knot Disturb,2009,2000s,"Comedy, Drama",143 min,143,Romantic Love,Feel-good,Medium,Low,7.9,A man and a woman have to pretend to be a couple in order to salvage a CEO's marriage.,David Dhawan,"Govinda, Sushmita Sen, Riteish Deshmukh, Lara Dutta",https://images.unsplash.com/photo-1489599849927-2ee91cede3ba?w=600&auto=format&fit=crop&q=80
tt8698956,Lupt,2018,2010s-2023,"Horror, Thriller",151 min,151,Family Ties,Tense & Thrilling,High,Medium,8.1,"Haunted by disturbing visions, a workaholic takes a vacation with his family, but a detour leads them to an unsettling stranger and chilling events.",Prabhuraj,"Jaaved Jaaferi, Niki Walia, Vijay Raaz, Rishab Chadha",https://images.unsplash.com/photo-1489599849927-2ee91cede3ba?w=600&auto=format&fit=crop&q=80
tt8992946,Cargo,2019,2010s-2023,"Drama, Fantasy, Sci-Fi",136 min,136,Ambition & Triumph,Mind-bending & Epic,Medium,High,8.1,"A young female astronaut, who joins a reclusive astronaut aboard a spaceship, struggles with her job as she interacts with mysterious Cargos that appear on the ship.",Arati Kadav,"Vikrant Massey, Shweta Tripathi, Nandu Madhav, Konkona Sen Sharma",https://images.unsplash.com/photo-1489599849927-2ee91cede3ba?w=600&auto=format&fit=crop&q=80
tt0976026,Cheeni Kum,2007,2000s,"Comedy, Drama, Romance",167 min,167,"Humor, Misunderstandings",Feel-good,Medium,Low,7.1,An egotistical 64-year-old chef and confirmed bachelor falls for a woman 30 years his junior.,R. Balki,"Amitabh Bachchan, Tabu, Paresh Rawal, Zohra Sehgal",https://images.unsplash.com/photo-1489599849927-2ee91cede3ba?w=600&auto=format&fit=crop&q=80
tt2798620,Chhota Bheem and the Curse of Damyaan,2012,2010s-2023,"Animation, Adventure, Fantasy",146 min,146,"Friendship, Family Ties",Mind-bending & Epic,Medium,Low,7.3,Bheem and his friend should destroy damyaan along with (the book of magi) to free them from his prison and to save their city,Rajiv Chilaka,"Jigna Bhardwaj, Chutki, Kaustav Ghosh, Rajesh Kava",https://images.unsplash.com/photo-1489599849927-2ee91cede3ba?w=600&auto=format&fit=crop&q=80
tt1185412,Veer,2010,2010s-2023,"Action, Adventure, Drama",166 min,166,"Revenge, Romantic Love, Family Ties",Deep & Emotional,Medium,Low,6.7,Prithvi seeks revenge on Gyanendra Singh and the British. He sends his son Veer to Britain to study their plans. Veer kills Gyanendra's son but ends up falling in love with his daughter.,Anil Sharma,"Salman Khan, Jackie Shroff, Mithun Chakraborty, Zareen Khan",https://images.unsplash.com/photo-1489599849927-2ee91cede3ba?w=600&auto=format&fit=crop&q=80
tt0106655,Damini,1993,90s (1990-1999),"Crime, Drama",143 min,143,"Human Conflict, Life Lessons",Deep & Emotional,Medium,Medium,7.3,"After witnessing a rape in her own household, Damini fights for justice for the deceased victim. However, she faces a bunch of challenges until she meets a disgraced lawyer who decides to fight the case and bring the culprits to justice.",Rajkumar Santoshi,"Meenakshi Sheshadri, Rishi Kapoor, Sunny Deol, Amrish Puri",https://images.unsplash.com/photo-1489599849927-2ee91cede3ba?w=600&auto=format&fit=crop&q=80
tt26744890,Khichdi 2,2023,2010s-2023,,149 min,149,"Self-Discovery, Destiny",Deep & Emotional,Medium,Low,6.5,Add a Plot,Aatish Kapadia,"Pratik Gandhi, Kirti Kulhari, Farah Khan, Anant Vidhaat",https://images.unsplash.com/photo-1489599849927-2ee91cede3ba?w=600&auto=format&fit=crop&q=80
tt0193449,Rang,1993,90s (1990-1999),"Drama, Romance",184 min,184,"Human Conflict, Life Lessons",Heartwarming,Medium,Low,8.2,Although Suchitra has been marry to Madhav Singh for years she has always been conscious about maintaining a slim figure which in her believe will make her look young. She watched ...                See full summary »,Talat Jani,"Jeetendra, Amrita Singh, Kamal Sadanah, Ayesha Jhulka",https://images.unsplash.com/photo-1489599849927-2ee91cede3ba?w=600&auto=format&fit=crop&q=80
tt3429798,Jungle Ki Hasina,1990,90s (1990-1999),"Action, Adventure",153 min,153,"Courage, Heroism",Deep & Emotional,Medium,Low,7.2,Add a Plot,K.S. Gopalakrishnan,"Babloo, Narendran, Shankar Sugandhi, Disco Shanti",https://images.unsplash.com/photo-1489599849927-2ee91cede3ba?w=600&auto=format&fit=crop&q=80
tt0430202,Sandwich,2006,2000s,"Comedy, Thriller",143 min,143,"Romantic Love, Family Ties",Feel-good,Medium,Medium,7.6,"Sher Singh lives with his mother and handicapped sister in Punjab but moves to Mumbai, changes his name to Shekhar, meets Nisha and falls in love. When his mother asks him to return, he ...                See full summary »",Anees Bazmee,"Govinda, Raveena Tandon, Mahima Chaudhry, Mohnish Behl",https://images.unsplash.com/photo-1489599849927-2ee91cede3ba?w=600&auto=format&fit=crop&q=80
tt1039989,Sunday,2008,2000s,"Action, Comedy, Mystery",160 min,160,Crime & Justice,Feel-good,Medium,High,6.7,"An amnesiac woman fears a missing day in her life may connect her to a crime, and tries to retrace her steps between Saturday evening and Monday morning.",Rohit Shetty,"Ajay Devgn, Ayesha Takia, Arshad Warsi, Irrfan Khan",https://images.unsplash.com/photo-1489599849927-2ee91cede3ba?w=600&auto=format&fit=crop&q=80
tt1667076,F.A.L.T.U,2011,2010s-2023,"Comedy, Drama",154 min,154,Friendship,Feel-good,Medium,Low,7.0,"Unable to get accepted, four academically-challenged students decide to open their own college.",Remo D'Souza,"Arshad Warsi, Riteish Deshmukh, Jackky Bhagnani, Puja Gupta",https://images.unsplash.com/photo-1489599849927-2ee91cede3ba?w=600&auto=format&fit=crop&q=80
tt11565160,The Y,2023,2010s-2023,"Horror, Mystery, Thriller",144 min,144,Romantic Love,Tense & Thrilling,High,High,7.7,The Female Protagonist is a Mute. After her marriage the couple enters a new chapter of their life but face another dilemma which they least expect. They experience paranormal incidents and their daily life turns into a mysterious tale.,Girideva Raaj,"Yuvan Hariharan, Leonilla, Apsara, Chethan A",https://images.unsplash.com/photo-1489599849927-2ee91cede3ba?w=600&auto=format&fit=crop&q=80
tt0118654,Aunty No. 1,1998,90s (1990-1999),"Action, Comedy, Drama",149 min,149,Ambition & Triumph,Feel-good,Medium,Low,7.9,"Sandhya (Raveena Tandon) has always dreamt of meeting her prince charming, a wealthy man, handsome, debonair, and dashing. She meets with Gopi (Govinda), who likes her instantly, and ...                See full summary »",Kirti Kumar,"Govinda, Raveena Tandon, Harish, Rohit Kumar Sharma",https://images.unsplash.com/photo-1489599849927-2ee91cede3ba?w=600&auto=format&fit=crop&q=80
tt0409527,Shabd,2005,2000s,"Drama, Thriller",168 min,168,"Human Conflict, Life Lessons",Tense & Thrilling,Medium,Medium,7.6,"When a novelist seeks inspiration by urging his wife to have an affair, the line between his story and reality is blurred.",Leena Yadav,"Sanjay Dutt, Aishwarya Rai Bachchan, Zayed Khan, Aakash Pandey",https://images.unsplash.com/photo-1489599849927-2ee91cede3ba?w=600&auto=format&fit=crop&q=80
tt0232079,Mela,2000,2000s,"Action, Adventure, Comedy",168 min,168,"Revenge, Family Ties",Feel-good,Medium,Low,8.1,"When a village belle's brother is killed by a bandit, she vows revenge and enlists the help of two truckers-come-theatre artists in her mission.",Dharmesh Darshan,"Aamir Khan, Twinkle Khanna, Faisal Khan, Johny Lever",https://images.unsplash.com/photo-1489599849927-2ee91cede3ba?w=600&auto=format&fit=crop&q=80
tt4020624,Lingaa,2014,2010s-2023,"Action, Comedy, Drama",160 min,160,Family Ties,Feel-good,Medium,Low,7.0,A small-time thief reforms after learning about the role played by his grandfather in building a dam.,K.S. Ravikumar,"Rajinikanth, Anushka Shetty, Sonakshi Sinha, Jagapathi Babu",https://images.unsplash.com/photo-1489599849927-2ee91cede3ba?w=600&auto=format&fit=crop&q=80
tt1263679,Firaaq,2008,2000s,"Drama, History, Thriller",160 min,160,"Human Conflict, Life Lessons",Tense & Thrilling,Medium,Medium,6.8,Chronicles the devastating impact on vulnerable Muslims in Gujarat after riots.,Nandita Das,"Inaamulhaq, Nassar, Shahana Goswami, Nawazuddin Siddiqui",https://images.unsplash.com/photo-1489599849927-2ee91cede3ba?w=600&auto=format&fit=crop&q=80
tt0284083,Ek Rishtaa: The Bond of Love,2001,2000s,Drama,145 min,145,"Family Ties, Ambition & Triumph",Deep & Emotional,Medium,Low,7.4,"Vijay Kapoor, a wealthy businessman and his family are deceived by Rajesh, Vijay Kapoor's employee and son in law. A struggle begins by both father-son duos to regain their business and position.",Suneel Darshan,"Amitabh Bachchan, Rakhee Gulzar, Akshay Kumar, Karisma Kapoor",https://images.unsplash.com/photo-1489599849927-2ee91cede3ba?w=600&auto=format&fit=crop&q=80
tt0449159,15 Park Avenue,2005,2000s,Drama,144 min,144,Family Ties,Deep & Emotional,Medium,Low,6.7,"An exploration of the impact of schizophrenia on a young woman and her family in today's Calcutta. The narrative pivots around the relationship of two sisters, older sister Anjali is a ...                See full summary »",Aparna Sen,"Shabana Azmi, Konkona Sen Sharma, Rahul Bose, Dhritiman Chatterjee",https://images.unsplash.com/photo-1489599849927-2ee91cede3ba?w=600&auto=format&fit=crop&q=80
tt1027800,Angoor,2005,2000s,Drama,146 min,146,"Human Conflict, Life Lessons",Deep & Emotional,Medium,Low,6.9,"A girl with mental problems gets break in C grade movie and try to woo the producer to increase her payment. In between, it turn out that producer is homosexual, and likes the male lead of ...                See full summary »",Kanti Shah,"Sapna Sappu, Rajesh Sabharwal, Amit Pachori, Anil Nagrath",https://images.unsplash.com/photo-1489599849927-2ee91cede3ba?w=600&auto=format&fit=crop&q=80
tt0106986,Gardish,1993,90s (1990-1999),"Action, Crime, Drama",151 min,151,"Family Ties, Crime & Justice",Adrenaline Rush,Medium,Medium,7.7,A soon-to-be police officer takes a path of crime after his father gets attacked by hoodlums.,Priyadarshan,"Jackie Shroff, Amrish Puri, Dimple Kapadia, Farida Jalal",https://images.unsplash.com/photo-1489599849927-2ee91cede3ba?w=600&auto=format&fit=crop&q=80
tt3380264,Kill Dil,2014,2010s-2023,"Action, Comedy, Drama",169 min,169,Romantic Love,Feel-good,Medium,Low,7.7,"Abandoned when young, Bhaiyaji gives shelter to Dev and Tutu. A game of defiance, deception and love follows when free-spirited Disha enters their life.",Shaad Ali,"Ranveer Singh, Ali Zafar, Parineeti Chopra, Govinda",https://images.unsplash.com/photo-1489599849927-2ee91cede3ba?w=600&auto=format&fit=crop&q=80
tt0149573,Aashiqui,1990,90s (1990-1999),"Musical, Drama, Romance",181 min,181,Romantic Love,Heartwarming,Medium,Low,7.7,"Rahul and Anu fall in love with each other, but before they unite, they have their own problems to deal with.",Mahesh Bhatt,"Rahul Roy, Anu Agarwal, Avtar Gill, Tom Alter",https://images.unsplash.com/photo-1489599849927-2ee91cede3ba?w=600&auto=format&fit=crop&q=80
tt7972000,Junko,2017,2010s-2023,Crime,163 min,163,"Self-Discovery, Destiny",Deep & Emotional,Medium,Medium,6.6,Add a Plot,Abhinav Thakur,"Neelam Deysarkar, Aayush Thakur, Aarav Mavi, Aashif Eqbal",https://images.unsplash.com/photo-1489599849927-2ee91cede3ba?w=600&auto=format&fit=crop&q=80
tt0121989,Baazi,1995,90s (1990-1999),"Action, Thriller, Crime",158 min,158,"Crime & Justice, Patriotism & Honor",Tense & Thrilling,Medium,Medium,7.1,A tough and honest police officer wages a one-man war against terrorists and a corrupt politician who have planned to assassinate the chief minister of the state.,Ashutosh Gowariker,"Aamir Khan, Mamta Kulkarni, Paresh Rawal, Avtar Gill",https://images.unsplash.com/photo-1489599849927-2ee91cede3ba?w=600&auto=format&fit=crop&q=80
tt2912578,Ankur Arora Murder Case,2013,2010s-2023,"Drama, Thriller",135 min,135,"Family Ties, Ambition & Triumph",Tense & Thrilling,Medium,Medium,7.0,"A highly reputed doctor makes a small mistake, which costs the life of a kid Ankur Arora. Will he succeed in hiding his mistake or will the mother of the kid get Justice.",Sohail Tatari,"Kay Kay Menon, Visshesh Tiwari, Tisca Chopra, Arjun Mathur",https://images.unsplash.com/photo-1489599849927-2ee91cede3ba?w=600&auto=format&fit=crop&q=80
tt0220594,Kartoos,1999,90s (1990-1999),"Action, Thriller",147 min,147,"Romantic Love, Crime & Justice",Tense & Thrilling,Medium,Medium,7.8,A cop trains a criminal Raja to end the reign of a deadly underworld don. But the mission falters when Raja falls in love and puts everyone's life and the mission at risk.,Mahesh Bhatt,"Sanjay Dutt, Jackie Shroff, Manisha Koirala, Gulshan Grover",https://images.unsplash.com/photo-1489599849927-2ee91cede3ba?w=600&auto=format&fit=crop&q=80
tt0121395,Imtihaan,1994,90s (1990-1999),"Action, Drama, Romance",140 min,140,Romantic Love,Heartwarming,Medium,Low,6.8,A woman's tragic past threatens to break up her marriage.,Harry Baweja,"Sunny Deol, Saif Ali Khan, Raveena Tandon, Govardhan Asrani",https://images.unsplash.com/photo-1489599849927-2ee91cede3ba?w=600&auto=format&fit=crop&q=80
tt8472964,Chintu Ka Birthday,2020,2010s-2023,"Comedy, Drama, War",133 min,133,Family Ties,Feel-good,Medium,Low,8.0,"During US invasion of Iraq some illegal migrants are waiting to get back home to India. As one such family prepares to celebrate the 6th birthday of their youngest member Chintu, their kind-hearted Iraqi landlord lends them a helping hand.","Devanshu Singh, Satyanshu Singh","Vinay Pathak, Tillotama Shome, Seema Pahwa, Khaled Masso",https://images.unsplash.com/photo-1489599849927-2ee91cede3ba?w=600&auto=format&fit=crop&q=80
tt8396186,Amavas,2019,2010s-2023,"Horror, Thriller",147 min,147,"Fear of Unknown, Survival",Tense & Thrilling,High,Medium,7.7,"The lives of a couple turn into a nightmare, as dark forces lie in wait beneath the shadows of the haunted bungalow in which they have decided to stay.",Bhushan Patel,"Ali Asgar, Ali Asgar, Vivan Bhatena, Sabina Chema",https://images.unsplash.com/photo-1489599849927-2ee91cede3ba?w=600&auto=format&fit=crop&q=80
tt1667823,Bhindi Baazaar,2011,2010s-2023,"Crime, Drama, Thriller",170 min,170,Ambition & Triumph,Tense & Thrilling,High,Medium,8.0,Power struggles ensue in a gang after the sudden death of their leader.,Ankush Bhatt,"Kay Kay Menon, Prashant Narayanan, Pawan Malhotra, Adil Feroz Khan",https://images.unsplash.com/photo-1489599849927-2ee91cede3ba?w=600&auto=format&fit=crop&q=80
tt6689882,Rangeela Raja,2019,2010s-2023,Comedy,141 min,141,"Family Ties, Ambition & Triumph",Feel-good,Low,Low,8.0,A strong career woman changes the life of a business tycoon and upsets his family. His brother attempts to set everything back to normal. Will he succeed?,Sikander Bharti,"Govinda, Mishika Chourasia, Karan Aanand, Anupama Agnihotri",https://images.unsplash.com/photo-1489599849927-2ee91cede3ba?w=600&auto=format&fit=crop&q=80
tt9343754,Eeb Allay Ooo!,2019,2010s-2023,"Comedy, Drama",151 min,151,"Humor, Misunderstandings",Feel-good,Medium,Low,8.2,A young migrant battles hordes of monkeys in the heart of New Delhi as a contractual monkey repeller.,Prateek Vats,"Shardul Bharadwaj, Mahender Nath, Nutan Sinha, Shashi Bhushan",https://images.unsplash.com/photo-1489599849927-2ee91cede3ba?w=600&auto=format&fit=crop&q=80
tt0267548,Haseena Maan Jaayegi,1999,90s (1990-1999),"Action, Comedy, Romance",148 min,148,"Family Ties, Ambition & Triumph",Feel-good,Medium,Low,7.9,"Separated from their wealthy father and each other, two brothers (Sanjay Dutt, Govinda) try to win the hearts of their dream girls.",David Dhawan,"Sanjay Dutt, Govinda, Karisma Kapoor, Pooja Batra",https://images.unsplash.com/photo-1489599849927-2ee91cede3ba?w=600&auto=format&fit=crop&q=80
tt1883121,404: Error Not Found,2011,2010s-2023,"Drama, Mystery, Thriller",158 min,158,"Human Conflict, Life Lessons",Tense & Thrilling,Medium,High,7.2,A brilliant student starts hallucinating after moving into a room that was occupied by another who committed suicide.,Prawaal Raman,"Rajvvir Aroraa, Imaaduddin Shah, Nishikant Kamat, Ruchir Raj",https://images.unsplash.com/photo-1489599849927-2ee91cede3ba?w=600&auto=format&fit=crop&q=80
tt13245502,DJ Tillu,2022,2010s-2023,"Action, Comedy, Crime",145 min,145,"Courage, Heroism",Adrenaline Rush,Medium,Medium,8.0,"A lazy young man spends his time chasing girls, until an incident changes his life forever.",Vimal Krishna,"Neha Shetty, Sidhu Jonnalagadda, Pragathi, Brahmaji",https://images.unsplash.com/photo-1489599849927-2ee91cede3ba?w=600&auto=format&fit=crop&q=80
tt7722258,Genius,2018,2010s-2023,"Action, Thriller",167 min,167,"Revenge, Romantic Love",Tense & Thrilling,High,Medium,8.1,"An orphan, with a brilliant mind, joins RAW and is burdened by the killing of his entire team. Until he doesn't avenge their death, he can't live in peace with his love. So, he hatches a genius plan.",Anil Sharma,"Utkarsh Sharma, Ishita Chauhan, Mithun Chakraborty, Ayesha Jhulka",https://images.unsplash.com/photo-1489599849927-2ee91cede3ba?w=600&auto=format&fit=crop&q=80
tt10731264,Suraj Pe Mangal Bhari,2020,2010s-2023,Comedy,133 min,133,"Romantic Love, Family Ties, Secrets & Deception",Feel-good,Low,Low,7.0,"In the 1990s, a wedding detective has to perform background checks on prospective grooms. In the time before social media and mobile phones, everything has to be done in person.",Abhishek Sharma,"Manoj Bajpayee, Karishma Tanna, Fatima Sana Shaikh, Abhishek Banerjee",https://images.unsplash.com/photo-1489599849927-2ee91cede3ba?w=600&auto=format&fit=crop&q=80
tt7340684,The Final Exit,2017,2010s-2023,Horror,143 min,143,"Fear of Unknown, Survival",Tense & Thrilling,High,Low,7.7,"Caught in a surreal maze, a man tries to decode the mysterious hallucinations he's experiencing.",Dhwanil Mehta,"Kunaal Roy Kapur, Mukesh Hariawala, Elena Kazan, Reyhna Malhotra",https://images.unsplash.com/photo-1489599849927-2ee91cede3ba?w=600&auto=format&fit=crop&q=80
tt21627952,Dec-24,2023,2010s-2023,"Horror, Thriller",156 min,156,"Fear of Unknown, Survival",Tense & Thrilling,High,Medium,6.9,Finding Medicine for Breathing issues that newborn baby's facing in some parts of the state of karnataka due to some environmental problems.,Nagaraj 'MG' Gowda,"Appu Badiger, Rakesh Bhoumik, Jagadeesha H G Doddi, Ravi K R Pete",https://images.unsplash.com/photo-1489599849927-2ee91cede3ba?w=600&auto=format&fit=crop&q=80
tt5219770,Dev Bhoomi,2016,2010s-2023,Drama,135 min,135,"Human Conflict, Life Lessons",Deep & Emotional,Medium,Low,6.6,"After a long exile, Rahul returns to his village in the Himalayas. It causes commotion amongst the villagers, who have never forgiven him for his sins in the past.",Goran Paskaljevic,"Victor Banerjee, Geetanjali Thapa, Uttara Baokar, Raj Zutshi",https://images.unsplash.com/photo-1489599849927-2ee91cede3ba?w=600&auto=format&fit=crop&q=80
tt15731658,Bull,2023,2010s-2023,"Action, Drama",137 min,137,Patriotism & Honor,Deep & Emotional,Medium,Low,6.8,Inspired by the real-life events of Brigadier Bulsara of Indian Army.,Sangeeth Sivan,"Shahid Kapoor, Parth Siddhpura",https://images.unsplash.com/photo-1489599849927-2ee91cede3ba?w=600&auto=format&fit=crop&q=80
tt9179426,Satellite Shankar,2019,2010s-2023,"Action, Drama",140 min,140,Patriotism & Honor,Deep & Emotional,Medium,Low,8.0,The extraordinary journey of a soldier that brought a nation together. It stars Sooraj Pancholi and Megha Akash in the lead roles and is directed by Irfan Kamal.,Irfan Kamal,"Sooraj Pancholi, Anil Reji, Saurabh Agnihotri, Megha Akash",https://images.unsplash.com/photo-1489599849927-2ee91cede3ba?w=600&auto=format&fit=crop&q=80
tt1034449,Kidnap,2008,2000s,"Action, Crime, Drama",137 min,137,Family Ties,Adrenaline Rush,Medium,Medium,7.1,A kidnapper has to settle a personal score with an influential businessman whose daughter he has kidnapped.,Sanjay Gadhvi,"Sanjay Dutt, Imran Khan, Minissha Lamba, Vidya Malvade",https://images.unsplash.com/photo-1489599849927-2ee91cede3ba?w=600&auto=format&fit=crop&q=80
tt0338477,Talaash: The Hunt Begins...,2003,2000s,"Action, Crime, Drama",153 min,153,"Courage, Heroism",Adrenaline Rush,Medium,Medium,7.3,#NAME?,Suneel Darshan,"Rakhee Gulzar, Akshay Kumar, Kareena Kapoor, Pooja Batra",https://images.unsplash.com/photo-1489599849927-2ee91cede3ba?w=600&auto=format&fit=crop&q=80
tt1785333,Chittagong,2012,2010s-2023,"Action, Drama, War",159 min,159,"Courage, Heroism",Deep & Emotional,Medium,Low,7.7,"School kids organize an armed revolt in the 1930s in British occupied Chittagong. There are casualties on both sides. Later, one of those kids successfully leads the peasants to regain their food-grains earlier commandeered by the British.",Bedabrata Pain,"Manoj Bajpayee, Barry John, Delzad Hiwale, Vega Tamotia",https://images.unsplash.com/photo-1489599849927-2ee91cede3ba?w=600&auto=format&fit=crop&q=80
tt7720922,Batti Gul Meter Chalu,2018,2010s-2023,Drama,163 min,163,Friendship,Deep & Emotional,Medium,Low,6.6,"The life of three friends takes a tragic turn due to an inflated electricity bill, which leads to a courtroom drama and social awakening.",Shree Narayan Singh,"Shahid Kapoor, Shraddha Kapoor, Divyendu Sharma, Yami Gautam",https://images.unsplash.com/photo-1489599849927-2ee91cede3ba?w=600&auto=format&fit=crop&q=80
tt27447678,Genie,2023,2010s-2023,"Action, Fantasy",142 min,142,"Courage, Heroism",Mind-bending & Epic,Medium,Low,7.4,Add a Plot,Bhuvanesh Arjunan,"Wamiqa Gabbi, Jayam Ravi, Krithi Shetty, Kalyani Priyadarshan",https://images.unsplash.com/photo-1489599849927-2ee91cede3ba?w=600&auto=format&fit=crop&q=80
tt2571140,Boss,2013,2010s-2023,"Action, Comedy, Crime",141 min,141,"Family Ties, Crime & Justice",Adrenaline Rush,Medium,Medium,8.0,"After his younger son falls prey to a corrupt police officer, an honest old man summons his estranged elder son to save the day.",Anthony D'Souza,"Akshay Kumar, Shiv Panditt, Mithun Chakraborty, Ronit Roy",https://images.unsplash.com/photo-1489599849927-2ee91cede3ba?w=600&auto=format&fit=crop&q=80
tt3949638,Power,2014,2010s-2023,"Action, Comedy, Crime",169 min,169,Crime & Justice,Adrenaline Rush,Medium,Medium,8.3,A young man desperate to become a police officer ends up getting embroiled in a plot to pose as his lookalike in order to re-capture an infamous criminal.,K.S. Ravindra,"Ravi Teja, Hansika Motwani, Regina Cassandra, Brahmanandam",https://images.unsplash.com/photo-1489599849927-2ee91cede3ba?w=600&auto=format&fit=crop&q=80
tt0420304,Viruddh... Family Comes First,2005,2000s,"Drama, Family",174 min,174,"Family Ties, Patriotism & Honor, Ambition & Triumph",Deep & Emotional,High,Low,6.6,An ordinary 60 plus couple - Vidhyadhar Patwardhan and his wife are forced to search for their faith in human values and society after the death of their only son Amar. In the process they undergo the most testing struggle of their lives.,Mahesh Manjrekar,"Amitabh Bachchan, Sharmila Tagore, John Abraham, Sanjay Dutt",https://images.unsplash.com/photo-1489599849927-2ee91cede3ba?w=600&auto=format&fit=crop&q=80
tt0444913,Tango Charlie,2005,2000s,"Action, Adventure, Drama",155 min,155,Patriotism & Honor,Deep & Emotional,Medium,Low,7.0,"Tarun Chauhan, a rookie army officer undergoes ups and downs in his mission and learns the true meaning of 'war' to overcome his weaknesses.",Mani Shankar,"Ajay Devgn, Bobby Deol, Sanjay Dutt, Suniel Shetty",https://images.unsplash.com/photo-1489599849927-2ee91cede3ba?w=600&auto=format&fit=crop&q=80
tt3611266,Bank Chor,2017,2010s-2023,"Action, Comedy, Crime",158 min,158,"Courage, Heroism",Adrenaline Rush,Medium,Medium,7.3,"A comic-caper, that tells the story of 3 morons trying to rob a bank who pick the worst day possible when everything that can go wrong, goes wrong and how they're inadvertently caught in the crossfire.",Bumpy,"Riteish Deshmukh, Vivek Oberoi, Rhea Chakraborty, Sahil Vaid",https://images.unsplash.com/photo-1489599849927-2ee91cede3ba?w=600&auto=format&fit=crop&q=80
tt2341766,Nautanki Saala!,2013,2010s-2023,"Comedy, Drama, Romance",145 min,145,"Humor, Misunderstandings",Feel-good,Medium,Low,7.6,"Ram, a successful theatre artist, saves Mandar from committing suicide. He then ends up developing a special bond with Mandar and even helps solve his problems.",Rohan Sippy,"Ayushmann Khurrana, Kunaal Roy Kapur, Pooja Salvi, Gaelyn Mendonca",https://images.unsplash.com/photo-1489599849927-2ee91cede3ba?w=600&auto=format&fit=crop&q=80
tt2186933,Luv Shuv Tey Chicken Khurana,2012,2010s-2023,Comedy,126 min,126,Family Ties,Feel-good,Low,Low,8.0,A fugitive frantically looks for a much-coveted chicken curry recipe with which his family can reclaim their pride and wealth.,Sameer Sharma,"Kunal Kapoor, Huma Qureshi, Vinod Nagpal, Rajesh Sharma",https://images.unsplash.com/photo-1489599849927-2ee91cede3ba?w=600&auto=format&fit=crop&q=80
tt1736647,Sakthi,2011,2010s-2023,"Action, Adventure, Fantasy",149 min,149,Family Ties,Mind-bending & Epic,Medium,Low,6.9,"While on a trip, a guide starts protecting the central minister's daughter from some Egyptians who want her and a holy diamond in their custody.",Meher Ramesh,"N.T. Rama Rao Jr., Ileana D'Cruz, Pooja Bedi, Sonu Sood",https://images.unsplash.com/photo-1489599849927-2ee91cede3ba?w=600&auto=format&fit=crop&q=80
tt0368811,Jajantaram Mamantaram,2003,2000s,"Action, Adventure, Comedy",157 min,157,"Courage, Heroism",Feel-good,Medium,Low,6.9,"A young man lands in the land of little people, who ask him to save them from their enemies.",Soumitra Ranade,"Jaaved Jaaferi, Gulshan Grover, Manav Kaul, Joy Fernandes",https://images.unsplash.com/photo-1489599849927-2ee91cede3ba?w=600&auto=format&fit=crop&q=80
tt2094854,Inkaar,2013,2010s-2023,"Drama, Romance, Thriller",141 min,141,"Human Conflict, Life Lessons",Tense & Thrilling,Medium,Medium,7.7,"At a leading ad agency, the battle for the top job between Rahul Verma, the advertising CEO, and Maya Luthra, his ambitious protégée, takes an ugly turn when Maya files a sexual harassment complaint against Rahul.","Sudhir Mishra, Jay Dev Banerjee","Arjun Rampal, Chitrangda Singh, Vipin Sharma, Mithun Rodwittiya",https://images.unsplash.com/photo-1489599849927-2ee91cede3ba?w=600&auto=format&fit=crop&q=80
tt0115042,Zamaana Deewana,1995,90s (1990-1999),"Action, Comedy, Drama",148 min,148,"Crime & Justice, Patriotism & Honor",Feel-good,Medium,Low,7.4,A police commissioner enlists the aid of an eccentric inspector to end a gang war between bitter enemies.,Ramesh Sippy,"Jeetendra, Shatrughan Sinha, Shah Rukh Khan, Raveena Tandon",https://images.unsplash.com/photo-1489599849927-2ee91cede3ba?w=600&auto=format&fit=crop&q=80
tt0203289,American Desi,2001,2000s,"Comedy, Drama, Romance",148 min,148,"Friendship, Patriotism & Honor",Feel-good,Medium,Low,8.3,"College freshman Krishna Reddy, who has never cared for his Indian-American cultural heritage, looks forward to a new life on campus but is surprised to find that he has been assigned ...                See full summary »",Piyush Dinker Pandya,"Deep Katdare, Ronobir Lahiri, Purva Bedi, Rizwan Manji",https://images.unsplash.com/photo-1489599849927-2ee91cede3ba?w=600&auto=format&fit=crop&q=80
tt9817760,Jai Mummy Di,2020,2010s-2023,"Comedy, Drama, Romance",174 min,174,Family Ties,Feel-good,Medium,Low,7.6,Jai Mummy Di is a light-hearted family comedy that portrays the trials and tribulations a couple has to undergo due to the dynamics between their respective mothers.,Navjot Gulati,"Poonam Dhillon, Supriya Pathak, Sunny Singh, Sonnalli Seygall",https://images.unsplash.com/photo-1489599849927-2ee91cede3ba?w=600&auto=format&fit=crop&q=80
tt12631534,Rosie: The Saffron Chapter,2022,2010s-2023,"Horror, Mystery, Thriller",135 min,135,"Fear of Unknown, Survival",Tense & Thrilling,High,High,6.7,A film based on true events in Gurugram.,Vishal Mishra,"Arbaaz Khan, Tanishaa Mukerji, Shivin Narang, Vivek Oberoi",https://images.unsplash.com/photo-1489599849927-2ee91cede3ba?w=600&auto=format&fit=crop&q=80
tt27510174,Stree 2,2024,2024-Latest,"Comedy, Horror",128 min,128,"Humor, Misunderstandings",Feel-good,High,Low,8.2,Add a Plot,Amar Kaushik,"Shraddha Kapoor, Rajkummar Rao, Pankaj Tripathi, Varun Dhawan",https://images.unsplash.com/photo-1489599849927-2ee91cede3ba?w=600&auto=format&fit=crop&q=80
tt0214178,Sooryavansham,1999,90s (1990-1999),"Action, Drama",139 min,139,"Family Ties, Ambition & Triumph",Deep & Emotional,Medium,Low,7.6,"Heera fails to live up to expectations of his father Thakur Bhanupratap Singh, a powerful and respected man of his community. Despite all odds Heera struggles to keep his father's pride.","E.V.V. Satyanarayana, Pranavanand","Amitabh Bachchan, Soundarya, Jayasudha, Mukesh Rishi",https://images.unsplash.com/photo-1489599849927-2ee91cede3ba?w=600&auto=format&fit=crop&q=80
tt8130558,One Day: Justice Delivered,2019,2010s-2023,"Action, Crime, Thriller",160 min,160,"Crime & Justice, Secrets & Deception",Tense & Thrilling,Medium,Medium,6.6,A Crime Branch Special Officer Investigates the Serial disappearance of high profile individuals in a state capital.,Ashok Nanda,"Anupam Kher, Kumud Mishra, Esha Gupta, Zakir Hussain",https://images.unsplash.com/photo-1489599849927-2ee91cede3ba?w=600&auto=format&fit=crop&q=80
tt0248216,Na Tum Jaano Na Hum,2002,2000s,"Comedy, Drama, Musical",159 min,159,"Humor, Misunderstandings",Feel-good,Medium,Low,6.7,A romantically inclined couple decide to get to know each other through letters without disclosing their identities.,Arjun Sablok,"Hrithik Roshan, Saif Ali Khan, Esha Deol, Alok Nath",https://images.unsplash.com/photo-1489599849927-2ee91cede3ba?w=600&auto=format&fit=crop&q=80
tt4949324,Mohalla Assi,2015,2010s-2023,"Comedy, Drama",126 min,126,"Humor, Misunderstandings",Feel-good,Medium,Low,7.5,A Sanskrit priest decides to take matters in n his hand when the locals of holy town Banaras stars to lure foreign tourists with fake spiritual gurus.,Chandra Prakash Dwivedi,"Sunny Deol, Sakshi Tanwar, Ravi Kishan, Saurabh Shukla",https://images.unsplash.com/photo-1489599849927-2ee91cede3ba?w=600&auto=format&fit=crop&q=80
tt5207116,X: Past Is Present,2015,2010s-2023,"Drama, Mystery, Romance",159 min,159,"Human Conflict, Life Lessons",Tense & Thrilling,Medium,High,6.7,A filmmaker with a mid-life crisis meets a mysterious young girl who reminds of every woman in his past.,"Hemant Gaba, Pratim D. Gupta, Sudhish Kamath, Nalan Kumarasamy, Anu Menon, Sandeep Mohan, Qaushiq Mukherjee, Rajshree Ojha, Raja Sen, Abhinav Shiv Tiwari, Suparn Varma","Rajat Kapoor, Radhika Apte, Bidita Bag, Piaa Bajpai",https://images.unsplash.com/photo-1489599849927-2ee91cede3ba?w=600&auto=format&fit=crop&q=80
tt15260176,Despatch,2023,2010s-2023,Drama,132 min,132,"Family Ties, Crime & Justice",Deep & Emotional,Medium,Low,7.2,"News has turned digital, leaving veteran crime journalist Joy at the cusp of irrelevance. Determined to break the next big story and refashion his complicated personal life, Joy embarks on ...                See full summary »",Kanu Behl,"Manoj Bajpayee, Shahana Goswami, Nikhil Vijay, Ajay Purkar",https://images.unsplash.com/photo-1489599849927-2ee91cede3ba?w=600&auto=format&fit=crop&q=80
tt1273218,Kuselan,2008,2000s,"Comedy, Drama, Family",179 min,179,"Friendship, Family Ties",Feel-good,Medium,Low,6.8,"Story related to old friends ,after one being a popular actor and other being a barber and managing family.",P. Vasu,"Rajinikanth, Pasupathy, Meena, Nayanthara",https://images.unsplash.com/photo-1489599849927-2ee91cede3ba?w=600&auto=format&fit=crop&q=80
tt0437407,Parineeta,2005,2000s,"Drama, Musical, Romance",167 min,167,Romantic Love,Heartwarming,Medium,Low,7.1,The lifelong romance between Lolita (Balan) and Shekar (Khan) is upset by the arrival of another man.,Pradeep Sarkar,"Vidya Balan, Saif Ali Khan, Sanjay Dutt, Dia Mirza",https://images.unsplash.com/photo-1489599849927-2ee91cede3ba?w=600&auto=format&fit=crop&q=80
tt1188982,Jai Ho,2014,2010s-2023,"Action, Drama",166 min,166,"Family Ties, Patriotism & Honor",Deep & Emotional,Medium,Low,7.9,"An upright ex-army man, Jai fights a solitary war against corruption and injustice. With a simple mantra to pay forward, he starts off by helping one person and forms an ever growing circle of people helping each other.",Sohail Khan,"Salman Khan, Daisy Shah, Tabu, Danny Denzongpa",https://images.unsplash.com/photo-1489599849927-2ee91cede3ba?w=600&auto=format&fit=crop&q=80
tt2140465,Tanu Weds Manu Returns,2015,2010s-2023,"Comedy, Drama, Romance",154 min,154,Romantic Love,Feel-good,Medium,Low,6.8,Tanu and Manu's marriage collapses. What happens when Manu meets Tanu's lookalike Kusum - and when Tanu returns?,Aanand L. Rai,"Kangana Ranaut, Madhavan, Jimmy Shergill, Deepak Dobriyal",https://images.unsplash.com/photo-1489599849927-2ee91cede3ba?w=600&auto=format&fit=crop&q=80
tt1694542,Tanu Weds Manu,2011,2010s-2023,"Comedy, Drama, Romance",160 min,160,"Humor, Misunderstandings",Feel-good,Medium,Low,8.3,"Manu comes to India to find a bride and falls for Tanu at first sight, but free-spirited Tanu has no plan to marry him.",Aanand L. Rai,"Madhavan, Kangana Ranaut, Jimmy Shergill, Deepak Dobriyal",https://images.unsplash.com/photo-1489599849927-2ee91cede3ba?w=600&auto=format&fit=crop&q=80
tt14083776,Karma Strikes,2023,2010s-2023,"Drama, Romance, Thriller",135 min,135,Romantic Love,Tense & Thrilling,Medium,Medium,6.7,Every Love Story faces its Karma; so did theirs.,Kartik Swaminathan Venkatraman,"Johnny Serret, Yuvradnyee, Michael Stephen Walls, Sagar Sharma",https://images.unsplash.com/photo-1489599849927-2ee91cede3ba?w=600&auto=format&fit=crop&q=80
tt0104645,Kshatriya,1993,90s (1990-1999),"Action, Drama, War",135 min,135,Patriotism & Honor,Deep & Emotional,Medium,Low,7.1,"In order to get rain for the arid region in Rajasthan, India, two royal families, from Mirtagarh and Surjangarh, have come together with their warriors, and fought with each other annually,...                See full summary »",J.P. Dutta,"Sunil Dutt, Dharmendra, Vinod Khanna, Rakhee Gulzar",https://images.unsplash.com/photo-1489599849927-2ee91cede3ba?w=600&auto=format&fit=crop&q=80
tt29169633,Tamso,2023,2010s-2023,"Drama, Horror, Thriller",150 min,150,"Human Conflict, Life Lessons",Tense & Thrilling,High,Medium,7.5,Add a Plot,Stephen Alexander,"Rashmi Somvanshi, Ritika Gupta, Vaishnavi Singh, Ansh Pandey",https://images.unsplash.com/photo-1489599849927-2ee91cede3ba?w=600&auto=format&fit=crop&q=80
tt0286672,Haqeeqat,1995,90s (1990-1999),"Action, Drama, Romance",164 min,164,"Revenge, Family Ties",Heartwarming,Medium,Low,8.1,"After her husband, Ravi Malhotra, is killed, Sudha lives the life of a widow with her brother, Mahesh, and Bhabhi, Kamini. A new tenant, Ajay, comes to her rescue when she is molested by ...                See full summary »",Kuku Kohli,"Ajay Devgn, Tabu, Aruna Irani, Mohan Joshi",https://images.unsplash.com/photo-1489599849927-2ee91cede3ba?w=600&auto=format&fit=crop&q=80
tt0476819,Nehlle Pe Dehlla,2007,2000s,"Action, Comedy, Crime",168 min,168,Revenge,Adrenaline Rush,High,Medium,6.8,Two crooks attempts to blackmail a rich hotelier in order to get a huge sum of money. The plan goes horribly wrong as the hotelier is murdered and they have no choice except keeping his body to show him alive in order to be safe from law.,Ajay Chandhok,"Sanjay Dutt, Bipasha Basu, Saif Ali Khan, Kim Sharma",https://images.unsplash.com/photo-1489599849927-2ee91cede3ba?w=600&auto=format&fit=crop&q=80
tt0250122,Yeshwant,1997,90s (1990-1999),"Action, Crime, Drama",160 min,160,Crime & Justice,Adrenaline Rush,Medium,Medium,7.8,"Tough policier about a straight, but maverick cop who does not believe in bending over, no matter what. He encourages his wife to become a top government officer and tutors her at home, ...                See full summary »",Anil Mattoo,"Nana Patekar, Madhoo, Atul Agnihotri, Mohan Joshi",https://images.unsplash.com/photo-1489599849927-2ee91cede3ba?w=600&auto=format&fit=crop&q=80
tt12845296,The Hidden Strike,2020,2010s-2023,War,137 min,137,Patriotism & Honor,Deep & Emotional,Medium,Low,6.8,The Hidden Strike is a fictional movie about a ground mission where a team of thirteen Indian Army officers and soldiers went across POK and destroyed the terrorist camp with a planned sub ...                See full summary »,Suzad Iqbal Khan,"Deepraj Rana, Mir Sarwar, Jimmy Sharma, Lakhwinder",https://images.unsplash.com/photo-1489599849927-2ee91cede3ba?w=600&auto=format&fit=crop&q=80
tt14103312,Woh Ladki Hai Kahaan,2023,2010s-2023,"Comedy, Drama",130 min,130,Crime & Justice,Feel-good,Medium,Low,8.1,An investigative comedy where a lady cop and a groom starts looking for the bride.,Arshad Syed,"Taapsee Pannu, Pratik Gandhi, Prateik Patil Babbar, Mahadev Singh Lakhawat",https://images.unsplash.com/photo-1489599849927-2ee91cede3ba?w=600&auto=format&fit=crop&q=80
tt13751982,Amar Prem,2020,2010s-2023,Drama,161 min,161,"Revenge, Romantic Love",Deep & Emotional,Medium,Low,7.0,Widow marriage is still considered a sin in progressive society of india even today. Film Amar prem raise questions on mentality of indian society and cover issues like widow marriage and honor killings.,Tanveer Hashmi,"Kundan Bhardwaj, Chandrima Banerjee, Kajal Chauhan, Ranjeet Jha",https://images.unsplash.com/photo-1489599849927-2ee91cede3ba?w=600&auto=format&fit=crop&q=80
tt2199330,Thadaiyara Thaakka,2012,2010s-2023,"Action, Crime, Drama",146 min,146,"Revenge, Romantic Love, Ambition & Triumph",Adrenaline Rush,High,Medium,8.0,"A young man dreams of making a fortune in Chennai. He owns a travel agency and is all set to marry his lover. After he crosses paths with a loan shark, The Latter is Murdered, the young man runs for cover and plans to find the murderer.",Magizh Thirumeni,"Arun Vijay, Mamta Mohandas, Rakul Preet Singh, Vamsi Krishna",https://images.unsplash.com/photo-1489599849927-2ee91cede3ba?w=600&auto=format&fit=crop&q=80
tt1169841,Return of Hanuman,2007,2000s,"Animation, Action, Adventure",163 min,163,Friendship,Deep & Emotional,Medium,Low,7.6,"A young boy, Minku, ridiculed by his friends, begs the gods to send him down to Earth, and his wish is granted.",Anurag Kashyap,"Kathleen Barr, Lillian Carlson, Raj Singh Jhinjar, Irfan Khan",https://images.unsplash.com/photo-1489599849927-2ee91cede3ba?w=600&auto=format&fit=crop&q=80
tt1239276,Rang Rasiya,2008,2000s,"Biography, Drama, Romance",173 min,173,"Human Conflict, Life Lessons",Inspiring,Medium,Medium,6.8,A look into the life of 19th century Indian painter Raja Ravi Varma.,Ketan Mehta,"Randeep Hooda, Nandana Sen, Paresh Rawal, Ashish Vidyarthi",https://images.unsplash.com/photo-1489599849927-2ee91cede3ba?w=600&auto=format&fit=crop&q=80
tt0476805,Malamaal Weekly,2006,2000s,"Comedy, Drama, Romance",150 min,150,"Humor, Misunderstandings",Feel-good,Medium,Low,7.9,"Lilaram sells lottery tickets and one customer has hit the jackpot but dies of shock upon finding out that he has won. Now, Lilaram wants all the money, and so does everyone around him.",Priyadarshan,"Paresh Rawal, Om Puri, Riteish Deshmukh, Reema Sen",https://images.unsplash.com/photo-1489599849927-2ee91cede3ba?w=600&auto=format&fit=crop&q=80
tt19284176,Ticket ek Sangharsh,2023,2010s-2023,"Drama, Thriller",170 min,170,"Human Conflict, Life Lessons",Tense & Thrilling,Medium,Medium,7.1,"In Rudranagar, the ticket is not just integral but also has multiple and divergent connotations. Although meanings would not be consensually agreed upon, but the desire to get one ticket at all costs unifies them all.",Mahi Dubey,"Mahi Dubey, Nirmal Soni, Sanjay Dubey, Neha Sharma",https://images.unsplash.com/photo-1489599849927-2ee91cede3ba?w=600&auto=format&fit=crop&q=80
tt27216785,Angithee 2,2023,2010s-2023,Drama,161 min,161,"Human Conflict, Life Lessons",Deep & Emotional,Medium,Low,7.2,"Kavya, a married woman, lives a dull life with her husband Rajeev in a small town of Jammu. Sick of the monotonous routine, she seeks happiness and excitement. This is when a young boy enters her life and makes her feel liberated.",Shoib Nikash Shah,"Rishi Bhutani, Fezan Khan, Shafaq Naaz",https://images.unsplash.com/photo-1489599849927-2ee91cede3ba?w=600&auto=format&fit=crop&q=80
tt28396066,Jaane Do,2023,2010s-2023,Romance,165 min,165,"Love, Heartbreak",Deep & Emotional,Medium,Low,7.8,A blind couple embark on a road trip only to break up from a relationship that they never entered.,Jugal Raja,"Pragati Anand, Abhishek Panwar",https://images.unsplash.com/photo-1489599849927-2ee91cede3ba?w=600&auto=format&fit=crop&q=80
tt7179784,Irumbu Thirai,2018,2010s-2023,"Action, Crime, Thriller",158 min,158,Patriotism & Honor,Tense & Thrilling,Medium,Medium,7.9,A soldier takes on a gang of cyber criminals when money goes missing from his account.,P.S. Mithran,"Vishal, Samantha Ruth Prabhu, Arjun Sarja, Delhi Ganesh",https://images.unsplash.com/photo-1489599849927-2ee91cede3ba?w=600&auto=format&fit=crop&q=80
tt1887763,Haunted - 3D,2011,2010s-2023,"Action, Fantasy, Horror",157 min,157,"Courage, Heroism",Tense & Thrilling,High,Low,7.5,A realtor finds himself accompanied by two ghostly entities inside a mansion. He learns of a violent event that took place years ago and is sent back in time to prevent it from happening.,Vikram Bhatt,"Mimoh Chakraborty, Tia Bajpai, Achint Kaur, Mohan Kapur",https://images.unsplash.com/photo-1489599849927-2ee91cede3ba?w=600&auto=format&fit=crop&q=80
tt1191138,Thoda Pyaar Thoda Magic,2008,2000s,"Comedy, Drama, Family",147 min,147,Romantic Love,Feel-good,Medium,Low,6.8,"An angel, a man and 4 orphans come together to bring you a story filled with fun, excitement, tears, love and magic.",Kunal Kohli,"Saif Ali Khan, Rani Mukerji, Rishi Kapoor, Akshat Chopra",https://images.unsplash.com/photo-1489599849927-2ee91cede3ba?w=600&auto=format&fit=crop&q=80
tt0331639,Shakthi: The Power,2002,2000s,"Action, Drama, Thriller",157 min,157,Family Ties,Tense & Thrilling,Medium,Medium,7.5,A couple visits the husband's family in India and finds itself in the middle of a fratricidal battle.,Krishna Vamsi,"Karisma Kapoor, Nana Patekar, Sanjay Kapoor, Jai Gidwani",https://images.unsplash.com/photo-1489599849927-2ee91cede3ba?w=600&auto=format&fit=crop&q=80
tt3142688,Finding Fanny,2014,2010s-2023,"Adventure, Comedy, Drama",148 min,148,Romantic Love,Feel-good,Medium,Low,7.4,A man embarks on a road trip to find his lost love.,Homi Adajania,"Deepika Padukone, Arjun Kapoor, Naseeruddin Shah, Dimple Kapadia",https://images.unsplash.com/photo-1489599849927-2ee91cede3ba?w=600&auto=format&fit=crop&q=80
tt0107777,Parampara,1993,90s (1990-1999),"Action, Drama, Romance",168 min,168,"Courage, Heroism",Heartwarming,Medium,Low,7.4,"The grandchildren of two sworn enemies want to put the bitterness between the families behind them, but will the bloodthirsty traditions compel them to do otherwise?",Yash Chopra,"Sunil Dutt, Vinod Khanna, Aamir Khan, Ashwini Bhave",https://images.unsplash.com/photo-1489599849927-2ee91cede3ba?w=600&auto=format&fit=crop&q=80
tt2354407,Teri Meri Kahaani,2012,2010s-2023,"Comedy, Drama, Romance",183 min,183,Romantic Love,Feel-good,Medium,Low,6.6,"The true love between a couple in 1910, 1960 and 2012. Their love is so strong that even destiny wants to bring them together.",Kunal Kohli,"Shahid Kapoor, Priyanka Chopra Jonas, Prachi Desai, Neha Sharma",https://images.unsplash.com/photo-1489599849927-2ee91cede3ba?w=600&auto=format&fit=crop&q=80
tt3531852,Bhoothnath Returns,2014,2010s-2023,"Comedy, Drama, Fantasy",149 min,149,Patriotism & Honor,Feel-good,Medium,Low,7.9,"A ghost returns back from his world to prove something. But on earth, he has something more to do for his country.",Nitesh Tiwari,"Amitabh Bachchan, Boman Irani, Parth Bhalerao, Sanjay Mishra",https://images.unsplash.com/photo-1489599849927-2ee91cede3ba?w=600&auto=format&fit=crop&q=80
tt7881524,Arjun Patiala,2019,2010s-2023,"Action, Comedy",152 min,152,Crime & Justice,Feel-good,Medium,Low,7.5,"This spoof comedy narrates the story of a cop Arjun Patiala (Diljit Dosanjh) and his sidekick Onidda Singh (Varun Sharma). Together, will they be able to accomplish their mission of a crime-free town with their goofy style of policing?",Rohit Jugraj,"Diljit Dosanjh, Kriti Sanon, Varun Sharma, Abhimanue Kamboj",https://images.unsplash.com/photo-1489599849927-2ee91cede3ba?w=600&auto=format&fit=crop&q=80
tt10852008,Balakot: the true story,2020,2010s-2023,Action,136 min,136,"Courage, Heroism",Deep & Emotional,Medium,Low,7.9,Film on Balakot air strikes 2019.,Omung Kumar,Vivek Oberoi,https://images.unsplash.com/photo-1489599849927-2ee91cede3ba?w=600&auto=format&fit=crop&q=80
tt0107986,Roop Ki Rani Choron Ka Raja,1993,90s (1990-1999),"Action, Drama, Musical",157 min,157,Revenge,Deep & Emotional,Medium,Low,8.0,"Custom Officer Verma red-handily catches Jagmohan Lal, alias Jugran, smuggling priceless diamonds through India's airport. Jugran kills Verma before Verma can arrest Jugran; Jugran goes on ...                See full summary »",Satish Kaushik,"Anil Kapoor, Sridevi, Anupam Kher, Paresh Rawal",https://images.unsplash.com/photo-1489599849927-2ee91cede3ba?w=600&auto=format&fit=crop&q=80
tt0363413,Agni Pankh,2004,2000s,"Action, Drama, Romance",141 min,141,Family Ties,Heartwarming,Medium,Low,6.5,"Based on the true story of Air Force personnel in Srinagar, Kashmir.",Sanjeev Puri,"Jimmy Shergill, Sameer Dharmadhikari, Rahul Dev, Shamita Shetty",https://images.unsplash.com/photo-1489599849927-2ee91cede3ba?w=600&auto=format&fit=crop&q=80
tt6747420,Rajma Chawal,2018,2010s-2023,"Comedy, Drama, Family",162 min,162,Family Ties,Feel-good,Medium,Low,7.1,An internet-rookie father attempts to use social media to enhance his faltering relationship with his millennial son.,Leena Yadav,"Amyra Dastur, Mukesh Chhabra, Rishi Kapoor, Sheeba Chaddha",https://images.unsplash.com/photo-1489599849927-2ee91cede3ba?w=600&auto=format&fit=crop&q=80
tt0135161,Bhai,1997,90s (1990-1999),"Action, Drama",142 min,142,"Revenge, Family Ties, Crime & Justice",Deep & Emotional,Medium,Low,7.8,A simpleton turns into a gangster after his younger brother is killed and sets out for revenge on the perpetrators who destroyed his life.,Deepak S. Shivdasani,"Suniel Shetty, Pooja Batra, Sonali Bendre, Shakti Kapoor",https://images.unsplash.com/photo-1489599849927-2ee91cede3ba?w=600&auto=format&fit=crop&q=80
tt0172519,Guddu,1995,90s (1990-1999),"Drama, Romance",154 min,154,"Human Conflict, Life Lessons",Heartwarming,Medium,Low,7.0,"When Guddu and Salina end up in a car accident, Salina loses her sight. Guddu soon finds out that he has a brain tumour, and decides to donate his eyes to Salina.",Prem Lalwani,"Deepti Naval, Mukesh Khanna, Manisha Koirala, Shah Rukh Khan",https://images.unsplash.com/photo-1489599849927-2ee91cede3ba?w=600&auto=format&fit=crop&q=80
tt0476762,Big Brother,2007,2000s,"Action, Crime, Drama",159 min,159,"Revenge, Family Ties, Crime & Justice",Adrenaline Rush,Medium,Medium,7.7,A docile man gets enraged when a politician's son throws acid on her face and later kills the miscreant. He is then hunted by the police and politicians who wants him dead.,Guddu Dhanoa,"Sunny Deol, Priyanka Chopra Jonas, Vikas Anand, Ashok Kumar Beniwal",https://images.unsplash.com/photo-1489599849927-2ee91cede3ba?w=600&auto=format&fit=crop&q=80
tt27411485,Minus 31: The Nagpur Files,2023,2010s-2023,"Crime, Mystery",139 min,139,"Revenge, Crime & Justice",Tense & Thrilling,High,High,8.1,"A murder has happened at the time of COVID, and the female cop is on duty to find the murderer.",Pratik Moitro,"Raghubir Yadav, Rucha Inamdar, Rajesh Sharma, Kaam Bhaari",https://images.unsplash.com/photo-1489599849927-2ee91cede3ba?w=600&auto=format&fit=crop&q=80
tt0451833,No Entry,2005,2000s,"Comedy, Drama, Musical",178 min,178,Friendship,Feel-good,Medium,Low,6.7,"Kishan and Sunny's life are troubled after their womanizing friend Prem sets them up with a hooker named Bobby, leading to web of lies and confusions.",Anees Bazmee,"Salman Khan, Anil Kapoor, Fardeen Khan, Bipasha Basu",https://images.unsplash.com/photo-1489599849927-2ee91cede3ba?w=600&auto=format&fit=crop&q=80
tt0348843,Jism,2003,2000s,"Drama, Romance, Thriller",150 min,150,"Human Conflict, Life Lessons",Tense & Thrilling,Medium,Medium,7.6,When an unemployed man falls for a wealthy woman and he is willing to do whatever he must to get her away from her abusive husband.,Amit Saxena,"Bipasha Basu, John Abraham, Gulshan Grover, Vinay Pathak",https://images.unsplash.com/photo-1489599849927-2ee91cede3ba?w=600&auto=format&fit=crop&q=80
tt0118660,Auzaar,1997,90s (1990-1999),"Action, Drama, Musical",149 min,149,Friendship,Deep & Emotional,Medium,Low,6.9,Two college friends find themselves on the opposite side of the law when they reunite.,Sohail Khan,"Salman Khan, Sanjay Kapoor, Shilpa Shetty Kundra, Nirmal Pandey",https://images.unsplash.com/photo-1489599849927-2ee91cede3ba?w=600&auto=format&fit=crop&q=80
tt6494052,Nenu Local,2017,2010s-2023,"Action, Comedy, Romance",147 min,147,"Romantic Love, Family Ties",Feel-good,Medium,Low,7.5,"A happy-go-lucky man accidentally falls in love with a woman whose father despises him. To further complicate matters, his lover has another suitor, who is deemed more worthy of her.",Trinadha Rao Nakkina,"Nani, Keerthy Suresh, Naveen Chandra, Sachin Khedekar",https://images.unsplash.com/photo-1489599849927-2ee91cede3ba?w=600&auto=format&fit=crop&q=80
tt8107464,Amar Akbar Anthony,2018,2010s-2023,"Action, Comedy, Crime",166 min,166,"Revenge, Romantic Love, Family Ties",Adrenaline Rush,High,High,7.0,A man suffering from Dissociative Identity Disorder has to take revenge against four businessmen for the murder of his family while his past confronts him in the form of his childhood love.,Sreenu Vaitla,"Ravi Teja, Ileana D'Cruz, Vikramjeet Virk, Abhimanyu Singh",https://images.unsplash.com/photo-1489599849927-2ee91cede3ba?w=600&auto=format&fit=crop&q=80
tt0405024,Hum Kaun Hai?,2004,2000s,"Horror, Drama, Mystery",141 min,141,Patriotism & Honor,Tense & Thrilling,High,High,7.0,Sandra Williams lives in an isolated house with her kids Sarah and David.While her husband Frank being a army man is away from the house in the war zone. Sandra writes a letter to ...                See full summary »,Ravi Sharma Shankar,"Amitabh Bachchan, Dimple Kapadia, Dharmendra, Moushumi Chatterjee",https://images.unsplash.com/photo-1489599849927-2ee91cede3ba?w=600&auto=format&fit=crop&q=80
tt5313980,Tere Bin Laden: Dead or Alive,2016,2010s-2023,Comedy,138 min,138,Crime & Justice,Feel-good,High,Low,7.8,A Bollywood director is hired by an American talent agent to make a film on Osama bin Laden. The plan to use an Osama doppelganger in order to prove his death boomerangs when a Taliban arms dealer hijacks their idea to prove he's alive.,"Abhishek Sharma, Deepak Chandra","Maniesh Paul, Pradhuman Singh, Sikandar Kher, Parthaa Akerkar",https://images.unsplash.com/photo-1489599849927-2ee91cede3ba?w=600&auto=format&fit=crop&q=80
tt0118957,Deewana Mastana,1997,90s (1990-1999),"Comedy, Romance",145 min,145,"Humor, Misunderstandings",Feel-good,Low,Low,7.3,Chaos ensues when a small time crook and a mental patient tries to win heart of a beautiful woman with comical outcomes.,David Dhawan,"Anil Kapoor, Govinda, Juhi Chawla, Johny Lever",https://images.unsplash.com/photo-1489599849927-2ee91cede3ba?w=600&auto=format&fit=crop&q=80
tt24216816,Shadyantra,2022,2010s-2023,Thriller,146 min,146,"Revenge, Ambition & Triumph",Tense & Thrilling,Medium,Medium,6.8,"It's a story about greed, ambition, self-preservation, and revenge, and it stars Chandan Roy Sanyal and Kunaal Roy Kapur in key roles.",Ganesh Yadav,"Hina Khan, Chandan Roy Sanyal, Kunaal Roy Kapur, Shruti Bapna",https://images.unsplash.com/photo-1489599849927-2ee91cede3ba?w=600&auto=format&fit=crop&q=80
tt9735672,Eiga Doraemon: Nobita no getsumen tansaki,2019,2010s-2023,"Animation, Action, Adventure",139 min,139,"Courage, Heroism",Deep & Emotional,Medium,Low,7.1,"Nobita saw a moon turned yellow last night and told his class about it but they think it's funny. Doraemon gives him the ""History Explorers Club Badge"" and discovers there's life on the moon. Until a new student changed him forever.","Jeong-beom Lee, Shinnosuke Yakuwa","Wasabi Mizuta, Megumi Ohara, Yumi Kakazu, Subaru Kimura",https://images.unsplash.com/photo-1489599849927-2ee91cede3ba?w=600&auto=format&fit=crop&q=80
tt7613166,Dhh,2017,2010s-2023,"Drama, Family",168 min,168,"Friendship, Patriotism & Honor",Deep & Emotional,Medium,Low,6.6,"Dhh is a heartwarming story of 3 friends (Gungun, Bajrang and Vakil) who think they are failure until The Magician comes in. All Three believe that only This Magician can help them out.",Manish Saini,"Naseeruddin Shah, Kahaan, Karan Patel, Kuldeep Sodha",https://images.unsplash.com/photo-1489599849927-2ee91cede3ba?w=600&auto=format&fit=crop&q=80
tt0255112,Dhaai Akshar Prem Ke,2000,2000s,"Drama, Romance",160 min,160,Romantic Love,Heartwarming,Medium,Low,8.2,"Karan Khanna is an orphan and a captain in the Rajputana Armed Forces. He's madly in love with beautiful model Nisha, with whom he plans to tie the knot during his next leave. On the way to...                See full summary »",Raj Kanwar,"Abhishek Bachchan, Aishwarya Rai Bachchan, Amrish Puri, Anupam Kher",https://images.unsplash.com/photo-1489599849927-2ee91cede3ba?w=600&auto=format&fit=crop&q=80
tt0497573,Sandai Kozhi,2005,2000s,Action,160 min,160,"Friendship, Revenge, Family Ties",Deep & Emotional,Medium,Low,6.8,"Balu, on a visit to his friend's hometown, falls for the latter's sister, Hema. When he learns that this area is ruled by a local goon, Kaasi, Balu teaches him a lesson. Now, Kaasi is seeking revenge.",N. Linguswamy,"Vishal, Meera Jasmine, Raj Kiran, Lal",https://images.unsplash.com/photo-1489599849927-2ee91cede3ba?w=600&auto=format&fit=crop&q=80
tt26787644,Maama Mascheendra,2023,2010s-2023,"Action, Drama",150 min,150,"Courage, Heroism",Deep & Emotional,Medium,Low,8.3,Add a Plot,Harsha Vardhan,"Eesha Rebba, Ajay, Sudheer Babu Posani, Mirnalini Ravi",https://images.unsplash.com/photo-1489599849927-2ee91cede3ba?w=600&auto=format&fit=crop&q=80
tt7559180,99 Songs,2019,2010s-2023,"Musical, Romance",174 min,174,"Romantic Love, Family Ties",Deep & Emotional,Medium,Low,6.7,"Challenged to compose 100 songs before he can marry the girl he loves, a tortured but passionate singer-songwriter embarks on a poignant musical journey.",Vishwesh Krishnamoorthy,"Ehan Bhat, Edilsy Vargas, Tenzing Dalha, Lisa Ray",https://images.unsplash.com/photo-1489599849927-2ee91cede3ba?w=600&auto=format&fit=crop&q=80
tt0444767,A Sublime Love Story: Barsaat,2005,2000s,"Drama, Romance",150 min,150,Ambition & Triumph,Heartwarming,Medium,Low,8.2,"Arav is an ambitious young Indian whose dream is to design cars. He travels to the United States seeking greener pastures, where he meets the beautiful Anna. Anna instantly goes head over ...                See full summary »",Suneel Darshan,"Bobby Deol, Priyanka Chopra Jonas, Bipasha Basu, Mahesh Thakur",https://images.unsplash.com/photo-1489599849927-2ee91cede3ba?w=600&auto=format&fit=crop&q=80
tt9390222,72 Hours: Martyr Who Never Died,2019,2010s-2023,"Action, Biography, Drama",170 min,170,Patriotism & Honor,Inspiring,Medium,Medium,7.5,"The story is based on the life of Rifleman Jaswant Singh Rawat. 55 years ago during 1962 Indo-China war , when the destiny of war was pre decided, there stood a brave soldier from 4th ...                See full summary »",Avinash Dhyani,"Avinash Dhyani, Prashil Rawat, Mukesh Tiwari, Yeshi Dema",https://images.unsplash.com/photo-1489599849927-2ee91cede3ba?w=600&auto=format&fit=crop&q=80
tt0112876,Diya Aur Toofan,1995,90s (1990-1999),"Action, Drama, Thriller",168 min,168,Crime & Justice,Tense & Thrilling,High,Medium,6.9,Dr. Vijay performs a ground breaking surgical operation when he transplants the brain of a slain police officer on the brain-dead body of his to-be bride in order to avenge the death of the police officer.,K. Bapaiah,"Mithun Chakraborty, Madhoo, Maya Alagh, Vijay Arora",https://images.unsplash.com/photo-1489599849927-2ee91cede3ba?w=600&auto=format&fit=crop&q=80
tt17507072,Silsila Sidnaaz Ka,2021,2010s-2023,Romance,163 min,163,"Friendship, Romantic Love",Deep & Emotional,Medium,Low,7.9,"Will have unseen footage from the Bigg Boss house that will be all about friendship, love and romance. It will narrate the good and bad times of Shehnaz and Sidharth as a couple.",K. Bapaiah,"Mithun Chakraborty, Madhoo, Maya Alagh, Vijay Arora",https://images.unsplash.com/photo-1489599849927-2ee91cede3ba?w=600&auto=format&fit=crop&q=80
tt2882200,Sheela Meri Jaan,1990,90s (1990-1999),Thriller,141 min,141,"Self-Discovery, Destiny",Tense & Thrilling,Medium,Medium,7.1,Add a Plot,K. Bapaiah,"Mithun Chakraborty, Madhoo, Maya Alagh, Vijay Arora",https://images.unsplash.com/photo-1489599849927-2ee91cede3ba?w=600&auto=format&fit=crop&q=80
tt2215163,Issaq,2013,2010s-2023,"Drama, Romance",146 min,146,Romantic Love,Heartwarming,Medium,Low,6.9,"A contemporary adaptation of Romeo and Juliet set in the backdrop of Varanasi in the UP heartland, complete with naxalism, sand mining mafia and of course the timeless love story.",Manish Tiwary,"Prateik Patil Babbar, Amyra Dastur, Ravi Kishan, Prashant Narayanan",https://images.unsplash.com/photo-1489599849927-2ee91cede3ba?w=600&auto=format&fit=crop&q=80
tt1105709,8 x 10 Tasveer,2009,2000s,"Action, Crime, Drama",160 min,160,"Family Ties, Secrets & Deception",Adrenaline Rush,High,Medium,6.9,A forest ranger with the ability to visit the past by looking at photographs attempts to solve the mystery behind his father's sudden death.,Nagesh Kukunoor,"Akshay Kumar, Ayesha Takia, Jaaved Jaaferi, Girish Karnad",https://images.unsplash.com/photo-1489599849927-2ee91cede3ba?w=600&auto=format&fit=crop&q=80
tt0306855,Style,2001,2000s,"Comedy, Musical, Mystery",154 min,154,Revenge,Feel-good,High,High,7.8,"In an attempt to woo the rich women, two prankster-loving men becomes prime suspects of a murder of a woman.",N. Chandra,"Sharman Joshi, Sahil Khan, Riya Sen, Shilpi Sharma",https://images.unsplash.com/photo-1489599849927-2ee91cede3ba?w=600&auto=format&fit=crop&q=80
tt0295682,The Warrior,2001,2000s,"Adventure, Drama",142 min,142,"Revenge, Patriotism & Honor",Deep & Emotional,High,Low,6.8,"In feudal India, a warrior (Khan) who renounces his role as the longitme enforcer to a local lord becomes the prey in a murderous hunt through the Himalayan mountains.",Asif Kapadia,"Irrfan Khan, Puru Chibber, Aino Annuddin, Manoj Mishra",https://images.unsplash.com/photo-1489599849927-2ee91cede3ba?w=600&auto=format&fit=crop&q=80
tt1020978,Naqaab,2007,2000s,"Crime, Drama, Romance",168 min,168,Romantic Love,Heartwarming,Medium,Medium,7.4,"Sophia is engaged to millionaire Karan, who is completely in love with her. She, however, finds true love in Vicky and gets into a relationship that causes problems between her and Karan.","Abbas Alibhai Burmawalla, Mastan Alibhai Burmawalla","Bobby Deol, Akshaye Khanna, Urvashi Sharma, Vikas Kalantri",https://images.unsplash.com/photo-1489599849927-2ee91cede3ba?w=600&auto=format&fit=crop&q=80
tt5742874,Sarkar 3,2017,2010s-2023,"Action, Crime, Drama",156 min,156,"Courage, Heroism",Adrenaline Rush,Medium,Medium,8.3,"The third film in Ram Gopal Varma's Sarkar trilogy, which chronicles the exploits of a powerful political figure.",Ram Gopal Varma,"Amitabh Bachchan, Yami Gautam, Manoj Bajpayee, Abhishek Bachchan",https://images.unsplash.com/photo-1489599849927-2ee91cede3ba?w=600&auto=format&fit=crop&q=80
tt0322653,Mere Yaar Ki Shaadi Hai,2002,2000s,"Comedy, Drama, Romance",185 min,185,"Friendship, Romantic Love",Feel-good,Medium,Low,6.9,Sanjay wakes up to the truth that he loves his best friend Sanjana reluctantly but surely and sets off on a noble mission - to break her wedding.,Sanjay Gadhvi,"Uday Chopra, Jimmy Shergill, Bipasha Basu, Tanaaz Currim Irani",https://images.unsplash.com/photo-1489599849927-2ee91cede3ba?w=600&auto=format&fit=crop&q=80
tt28549549,Pyaar Hai Toh Hai,2023,2010s-2023,,147 min,147,"Self-Discovery, Destiny",Deep & Emotional,Medium,Low,6.7,Add a Plot,"Pradeep R.K. Chaudhary, Pradeep R.K. Chaudhary","Karan Hariharan, Paanie Kashyap, Rohit Choudhury, Shiv Prateek",https://images.unsplash.com/photo-1489599849927-2ee91cede3ba?w=600&auto=format&fit=crop&q=80
tt8060624,Nawabzaade,2018,2010s-2023,"Comedy, Romance",167 min,167,"Friendship, Romantic Love",Feel-good,Low,Low,6.6,"Three best friends fall in love with a simple, stay-at-home girl from their neighbourhood. As they all go out of their way to win her love, they are pitted against each other in their efforts.",Jayesh Pradhan,"Dharmesh Yelande, Punit Pathak, Raghav Juyal, Isha Rikhi",https://images.unsplash.com/photo-1489599849927-2ee91cede3ba?w=600&auto=format&fit=crop&q=80
tt4807830,Lipstick Under My Burkha,2016,2010s-2023,"Comedy, Drama",142 min,142,Patriotism & Honor,Feel-good,Medium,Low,6.6,"In order to be independent and break free from the conservative society, four women sets on a journey to discover freedom and happiness.",Alankrita Shrivastava,"Aahana Kumra, Ratna Pathak Shah, Konkona Sen Sharma, Plabita Borthakur",https://images.unsplash.com/photo-1489599849927-2ee91cede3ba?w=600&auto=format&fit=crop&q=80
tt2246724,Ghanchakkar,2013,2010s-2023,"Comedy, Crime, Thriller",143 min,143,"Humor, Misunderstandings",Tense & Thrilling,Medium,Medium,7.3,A safe cracker claims he has lost his memory when two criminals come calling for their cut of the bank heist loot.,Raj Kumar Gupta,"Emraan Hashmi, Vidya Balan, Namit Das, Rajesh Sharma",https://images.unsplash.com/photo-1489599849927-2ee91cede3ba?w=600&auto=format&fit=crop&q=80
tt0442855,Vaada,2005,2000s,"Crime, Drama, Mystery",161 min,161,"Revenge, Romantic Love",Tense & Thrilling,High,High,8.1,A blind husband. An obsessed lover. And the missing body of a murdered wife...?,Satish Kaushik,"Arjun Rampal, Zayed Khan, Ameesha Patel, Alok Nath",https://images.unsplash.com/photo-1489599849927-2ee91cede3ba?w=600&auto=format&fit=crop&q=80
tt11203296,Khiladi 1080,2025,2024-Latest,Action,143 min,143,"Romantic Love, Family Ties",Deep & Emotional,Medium,Low,6.7,"Four identical brothers Raghupati, Raghav, Raja, and Ram, all embark on an action adventure as they unwittingly get entangled in a dangerous criminal conspiracy that puts their lives and their loved ones at stake.with no regard.",Kabir Sadanand,"Rakul Preet Singh, Sonakshi Sinha, Huma Qureshi, Shehnaaz Gill",https://images.unsplash.com/photo-1489599849927-2ee91cede3ba?w=600&auto=format&fit=crop&q=80
tt0392360,Love,1991,90s (1990-1999),"Drama, Musical, Romance",171 min,171,"Romantic Love, Family Ties",Heartwarming,Medium,Low,8.2,"Prithvi and Maggie fall in love and decide to get married, but Maggie's mother objects looking at Prithvi's past.",Suresh Krishna,"Salman Khan, Arun Bakshi, Rita Bhaduri, Sunil Dhawan",https://images.unsplash.com/photo-1489599849927-2ee91cede3ba?w=600&auto=format&fit=crop&q=80
tt0437182,Family: Ties of Blood,2006,2000s,"Action, Crime, Drama",169 min,169,"Family Ties, Crime & Justice",Adrenaline Rush,High,Medium,7.1,A slacker abducts the family of a crime kingpin to avenge the death of his brother.,Rajkumar Santoshi,"Amitabh Bachchan, Akshay Kumar, Bhoomika Chawla, Aryeman Ramsay",https://images.unsplash.com/photo-1489599849927-2ee91cede3ba?w=600&auto=format&fit=crop&q=80
tt0486615,London Dreams,2009,2000s,"Drama, Music",157 min,157,"Friendship, Family Ties",Deep & Emotional,Medium,Low,6.9,"The story revolves around two childhood friends Arjun and Munnu who find a way to get from a small village in India to Wembley as Rock stars, having overcome their personalities.",Vipul Amrutlal Shah,"Salman Khan, Ajay Devgn, Om Puri, Aditya Roy Kapoor",https://images.unsplash.com/photo-1489599849927-2ee91cede3ba?w=600&auto=format&fit=crop&q=80
tt0488976,C U at 9,2005,2000s,"Drama, Horror, Mystery",153 min,153,Romantic Love,Tense & Thrilling,High,High,7.4,A film producer named Romeo falls in love with a mysterious woman named Juliet.,Marion Rodrigues,"Isaiah, Malavika Nair, Kanksha, Marion Rodrigues",https://images.unsplash.com/photo-1489599849927-2ee91cede3ba?w=600&auto=format&fit=crop&q=80
tt0103763,Balwaan,1992,90s (1990-1999),"Action, Adventure",165 min,165,"Family Ties, Crime & Justice",Deep & Emotional,Medium,Low,8.0,Arjun Singh lives with his mother and sister; he takes it upon himself to fight injustice. This gets notice by the police commissioner who decides to enlist Arjun into the police force and ...                See full summary »,Deepak Anand,"Suniel Shetty, Divya Bharti, Danny Denzongpa, Avtar Gill",https://images.unsplash.com/photo-1489599849927-2ee91cede3ba?w=600&auto=format&fit=crop&q=80
tt0395802,Veergati,1995,90s (1990-1999),"Action, Drama",156 min,156,"Revenge, Family Ties, Crime & Justice",Deep & Emotional,High,Low,7.6,"A gangster and his flunkies abduct and kill a man's daughter. Soon, the man's adopted son sets out to avenge her death.",K.K. Singh,"Salman Khan, Atul Agnihotri, Sudesh Berry, Pooja Dadwal",https://images.unsplash.com/photo-1489599849927-2ee91cede3ba?w=600&auto=format&fit=crop&q=80
tt12788586,Perversion,2020,2010s-2023,Drama,152 min,152,Family Ties,Deep & Emotional,Medium,Low,7.8,Perversion is story of Family where every member has different perversions.,Sandeep Patra,"Adiya, Natasha, Sneha, Tanisha",https://images.unsplash.com/photo-1489599849927-2ee91cede3ba?w=600&auto=format&fit=crop&q=80
tt0459605,Eklavya,2007,2000s,"Action, Drama, Mystery",150 min,150,"Family Ties, Secrets & Deception",Tense & Thrilling,Medium,High,7.7,"As the kingdom of Devigarh comes apart at the seams, an aging bodyguard attempts to protect the Royal Family, as well as keep its darkest secrets from ever coming to light.",Vidhu Vinod Chopra,"Amitabh Bachchan, Saif Ali Khan, Sanjay Dutt, Vidya Balan",https://images.unsplash.com/photo-1489599849927-2ee91cede3ba?w=600&auto=format&fit=crop&q=80
tt2726810,Junglee Tarzan,2001,2000s,Action,151 min,151,Crime & Justice,Deep & Emotional,Medium,Low,8.3,A group of hunters come into a dense forest to recover a hidden treasure. Dacoit Aiappan captures this forest and is also searching for those valuable treasures. A jungle lady Bela confronts and restrains them from doing further wrong.,Kishan Shah,"Vijay Saxena, Nisha Kamat, Joginder Shelly, Jr. Shah Rukh Khan",https://images.unsplash.com/photo-1489599849927-2ee91cede3ba?w=600&auto=format&fit=crop&q=80
tt8175968,High Jack,2018,2010s-2023,Comedy,150 min,150,Revenge,Feel-good,Low,Low,7.6,Four angry employees hijack a Goa to Delhi plane to settle their dues and take revenge against their employer. Things take a turn when the passengers accidentally consume drinks laced with drugs.,Akarsh Khurana,"Sumeet Vyas, Mantra Mugdh, Sonnalli Seygall, Boloram Das",https://images.unsplash.com/photo-1489599849927-2ee91cede3ba?w=600&auto=format&fit=crop&q=80
tt0099080,Baaghi: A Rebel for Love,1990,90s (1990-1999),"Action, Drama, Romance",170 min,170,"Romantic Love, Family Ties",Heartwarming,Medium,Low,7.2,"A saga of love as a man turns rebellious and goes against his family and society to protect his love, a prostitute from evil.",Deepak S. Shivdasani,"Salman Khan, Nagma, Shakti Kapoor, Kiran Kumar",https://images.unsplash.com/photo-1489599849927-2ee91cede3ba?w=600&auto=format&fit=crop&q=80
tt3398048,Tevar,2015,2010s-2023,"Action, Drama, Romance",157 min,157,Romantic Love,Heartwarming,Medium,Low,6.7,"Caught in the middle of a lethal unrequited love, an athlete protects a young woman from an unwanted marriage.",Amit Ravindernath Sharma,"Arjun Kapoor, Sonakshi Sinha, Manoj Bajpayee, Deepti Naval",https://images.unsplash.com/photo-1489599849927-2ee91cede3ba?w=600&auto=format&fit=crop&q=80
tt9176102,Tuesdays and Fridays,2021,2010s-2023,"Comedy, Musical, Romance",148 min,148,"Humor, Misunderstandings",Feel-good,Low,Low,7.6,"To avoid the burden of commitment, a young lawyer and a writer agree to be romantic partners only two days a week. That won't get complicated - right?",Taranveer Singh,"Anmol Dhillon, Jhataleka Malhotra, Niki Walia, Zoa Morani",https://images.unsplash.com/photo-1489599849927-2ee91cede3ba?w=600&auto=format&fit=crop&q=80
tt0307116,Maa Tujhhe Salaam,2002,2000s,"Action, Drama",158 min,158,Patriotism & Honor,Deep & Emotional,Medium,Low,7.8,Major Pratab Singh works in the Indian army and he and his battalion has been assigned duty near the Indo-Pakistan border. There duty mainly consists of eliminating any terrorists trying to...                See full summary »,Tinnu Verma,"Sunny Deol, Tabu, Arbaaz Khan, Tinnu Verma",https://images.unsplash.com/photo-1489599849927-2ee91cede3ba?w=600&auto=format&fit=crop&q=80
tt4971258,Bombairiya,2019,2010s-2023,"Comedy, Crime, Drama",166 min,166,Crime & Justice,Deep & Emotional,Medium,Medium,7.8,"A PR agent trying to find her stolen phone, a politician in trouble and a fading celebrity find their lives intertwined in unexpected, messy ways.",Pia Sukanya,"Radhika Apte, Akshay Oberoi, Siddhant Kapoor, Ravi Kishan",https://images.unsplash.com/photo-1489599849927-2ee91cede3ba?w=600&auto=format&fit=crop&q=80
tt7628180,Chitrakut,2022,2010s-2023,Drama,164 min,164,Family Ties,Deep & Emotional,Medium,Low,6.9,"Set against a lush Western Indian landscape during the monsoon season, CHITRAKUT delicately sets the tone, interweaving the lives of Saloni, Shaan, Debu, Alisha and Kim - all converging at ...                See full summary »",Himanshu Malik,"Auritra Ghosh, Vibhore Mayank, Naina Trivedi, Shruti Bapna",https://images.unsplash.com/photo-1489599849927-2ee91cede3ba?w=600&auto=format&fit=crop&q=80
tt0443708,Page 3,2005,2000s,Drama,147 min,147,"Human Conflict, Life Lessons",Deep & Emotional,Medium,Low,6.8,A look at Mumbai's socialite party circle world through the eyes of a Page 3 journalist.,"Madhur Bhandarkar, Jay Dev Banerjee","Konkona Sen Sharma, Atul Kulkarni, Sandhya Mridul, Tara Sharma",https://images.unsplash.com/photo-1489599849927-2ee91cede3ba?w=600&auto=format&fit=crop&q=80
tt0406977,Masti,2004,2000s,"Comedy, Crime, Mystery",170 min,170,"Friendship, Revenge",Tense & Thrilling,High,High,7.0,"Bored of their wives, best friends, Meet, Prem and Amar, reunite after three years and decide to have an affair - but instead become the prime suspects in a murder investigation.",Indra Kumar,"Ajay Devgn, Vivek Oberoi, Aftab Shivdasani, Riteish Deshmukh",https://images.unsplash.com/photo-1489599849927-2ee91cede3ba?w=600&auto=format&fit=crop&q=80
tt7853242,Love Per Square Foot,2018,2010s-2023,"Comedy, Romance",184 min,184,Romantic Love,Feel-good,Low,Low,8.0,"Individually, Sanjay and Karina don't earn enough to be able to buy a home, so they enter into a marriage of convenience.",Anand Tiwari,"Vicky Kaushal, Angira Dhar, Alankrita Sahai, Raghubir Yadav",https://images.unsplash.com/photo-1489599849927-2ee91cede3ba?w=600&auto=format&fit=crop&q=80
tt0306434,Aankhen,2002,2000s,"Crime, Drama, Thriller",165 min,165,Revenge,Tense & Thrilling,Medium,Medium,8.0,"After a temperamental man is unceremoniously stripped of his duties as a bank manager, he decides to seek revenge by robbing the bank. He trains three blind men to do this risky task for him.",Vipul Amrutlal Shah,"Amitabh Bachchan, Akshay Kumar, Sushmita Sen, Arjun Rampal",https://images.unsplash.com/photo-1489599849927-2ee91cede3ba?w=600&auto=format&fit=crop&q=80
tt0118931,Daud: Fun on the Run,1997,90s (1990-1999),"Action, Adventure, Comedy",135 min,135,Crime & Justice,Feel-good,Medium,Low,7.8,"Nandu, a small-time thief, is assigned to smuggle an unknown packet for a petty amount. With the police pursuing him, Nandu has to elude them and deliver the packet on time.",Ram Gopal Varma,"Sanjay Dutt, Urmila Matondkar, Paresh Rawal, Neeraj Vora",https://images.unsplash.com/photo-1489599849927-2ee91cede3ba?w=600&auto=format&fit=crop&q=80
tt9176260,Bypass Road,2019,2010s-2023,"Drama, Mystery, Thriller",152 min,152,Revenge,Tense & Thrilling,High,High,7.0,The Story revolves around a young man Vikram (Neil Nitin Mukesh) who is a fashion prodigy. The story is layered with a murder in town.,Naman Nitin Mukesh,"Neil Nitin Mukesh, Adah Sharma, Gul Panag, Taher Shabbir",https://images.unsplash.com/photo-1489599849927-2ee91cede3ba?w=600&auto=format&fit=crop&q=80
tt11229134,Durgamati: The Myth,2020,2010s-2023,"Horror, Thriller",158 min,158,Family Ties,Tense & Thrilling,High,Medium,8.2,"A bureaucrat is imprisoned in a haunted house for interrogation. However, things take an unexpected turn when she gets possessed by a spirit.",Ashok G.,"Bhumi Pednekar, Mahie Gill, Arshad Warsi, Jisshu Sengupta",https://images.unsplash.com/photo-1489599849927-2ee91cede3ba?w=600&auto=format&fit=crop&q=80
tt14160620,Penthouse,2023,2010s-2023,"Crime, Mystery, Thriller",161 min,161,Friendship,Tense & Thrilling,Medium,High,7.3,A debauchery-filled gathering for five friends turns into a test of friendship and a web of suspicion when a dead body is found in their rented home.,"Abbas Alibhai Burmawalla, Mastan Alibhai Burmawalla","Manjari Fadnnis, Mouni Roy, Bobby Deol, Arjun Rampal",https://images.unsplash.com/photo-1489599849927-2ee91cede3ba?w=600&auto=format&fit=crop&q=80
tt13782010,Dus,1997,90s (1990-1999),Action,157 min,157,Patriotism & Honor,Deep & Emotional,Medium,Low,7.1,Terrorist Mast Gul blows up Kashmir's Charar E Shariff mosque; Indian Army General sends undercover Captains Raja Sethi and Jeet Sharma to capture him and aide Nasheman from Afghanistan.,Mukul Anand,"Rahul Dev, Sanjay Dutt, Salman Khan, Vinod Khanna",https://images.unsplash.com/photo-1489599849927-2ee91cede3ba?w=600&auto=format&fit=crop&q=80
tt0290326,Tum Bin...: Love Will Find a Way,2001,2000s,"Drama, Romance",151 min,151,"Friendship, Revenge, Romantic Love, Family Ties",Heartwarming,Medium,Low,6.8,"Shekhar accidentally kills his associate Amar, and decides to watch over Amar's company and take care of his family and friends. However, he falls in love with Amar's fiancé Piya.",Anubhav Sinha,"Priyanshu Chatterjee, Himanshu Malik, Sandali Sinha, Raqesh Bapat",https://images.unsplash.com/photo-1489599849927-2ee91cede3ba?w=600&auto=format&fit=crop&q=80
tt13801462,Gandhi Godse Ek Yudh,2023,2010s-2023,"Drama, History",182 min,182,Family Ties,Inspiring,Medium,Low,8.2,The fictional world where Mahatma Gandhi survives the attack on him and later meets Nathuram Godse in prison. Their conversation leads to a fiery debate between them.,Rajkumar Santoshi,"Deepak Antani, Chinmay Mandlekar, Tanisha Santoshi, Anuj Saini",https://images.unsplash.com/photo-1489599849927-2ee91cede3ba?w=600&auto=format&fit=crop&q=80
tt3771536,Shivaay,2016,2010s-2023,"Action, Adventure, Crime",140 min,140,"Revenge, Family Ties",Adrenaline Rush,Medium,Medium,7.4,A skilled mountaineer races against time to rescue his mute daughter from the clutches of human traffickers in Bulgaria.,Ajay Devgn,"Ajay Devgn, Abigail Eames, Erika Kaar, Sayyeshaa Saigal",https://images.unsplash.com/photo-1489599849927-2ee91cede3ba?w=600&auto=format&fit=crop&q=80
tt0101283,Ajooba,1991,90s (1990-1999),"Action, Adventure, Comedy",160 min,160,"Revenge, Family Ties",Feel-good,Medium,Low,7.0,"The evil Vizier of Baharistan kills the royal family and takes power himself but the real crown prince, who has survived his machinations, returns to his homeland to avenge his parents as a masked vigilante 'Ajooba'.","Shashi Kapoor, Gennadiy Vasilev","Amitabh Bachchan, Dimple Kapadia, Rishi Kapoor, Sonam",https://images.unsplash.com/photo-1489599849927-2ee91cede3ba?w=600&auto=format&fit=crop&q=80
tt0113913,Naajayaz,1995,90s (1990-1999),"Action, Drama",135 min,135,"Romantic Love, Crime & Justice",Deep & Emotional,Medium,Low,7.0,"Inspector Jai is an upright and fearless cop who is given the job to take down the criminal empire of Raj Solanki. Jai and his accomplice Inspector Sandhya, who also happens to be his love, start taking down Raj's empire with gusto.",Mahesh Bhatt,"Naseeruddin Shah, Ajay Devgn, Juhi Chawla, Deepak Tijori",https://images.unsplash.com/photo-1489599849927-2ee91cede3ba?w=600&auto=format&fit=crop&q=80
tt14253784,Junglemahal: The Awakening,2023,2010s-2023,Horror,133 min,133,"Fear of Unknown, Survival",Tense & Thrilling,High,Low,7.1,Loosely based on real incidents in the monsoon of mid 80s during the uprising of naxalites in eastern ghat range a group of travellers travels through the deep forests to reach the rescue ...                See full summary »,Arunava Chowdhury,"Masoomeh Ab, Aditya Baliyan, Farhad Khairy, Suraiya Parvin",https://images.unsplash.com/photo-1489599849927-2ee91cede3ba?w=600&auto=format&fit=crop&q=80
tt27688444,Apno Se Bewafai,2023,2010s-2023,Drama,161 min,161,Ambition & Triumph,Deep & Emotional,Medium,Low,7.1,"""Vishal (played by Irfan Khan) arrives in Mumbai with dreams of becoming an actor but finds limited success, only landing small roles that barely sustain him. Desperate and lacking money, ...                See full summary »",Prakash Bhalekar,"Sonam Arora, Soni Bhoir, Mahima Chaudhry, Irrfan Khan",https://images.unsplash.com/photo-1489599849927-2ee91cede3ba?w=600&auto=format&fit=crop&q=80
tt0116391,Gang,2000,2000s,"Action, Crime, Drama",165 min,165,"Friendship, Family Ties",Adrenaline Rush,Medium,Medium,7.3,"After falling prey to underworld, four friends jeopardize their personal lives with point of no return.",Mazhar Khan,"Jackie Shroff, Nana Patekar, Kumar Gaurav, Jaaved Jaaferi",https://images.unsplash.com/photo-1489599849927-2ee91cede3ba?w=600&auto=format&fit=crop&q=80
tt15302628,Tapa Tap,2021,2010s-2023,Romance,177 min,177,"Love, Heartbreak",Deep & Emotional,Medium,Low,6.6,Add a Plot,Mazhar Khan,"Jackie Shroff, Nana Patekar, Kumar Gaurav, Jaaved Jaaferi",https://images.unsplash.com/photo-1489599849927-2ee91cede3ba?w=600&auto=format&fit=crop&q=80
tt1706317,Tezz,2012,2010s-2023,"Action, Crime, Drama",142 min,142,"Courage, Heroism",Adrenaline Rush,Medium,Medium,8.2,"To avenge his past, Aakash Rana plants a bomb in a train endangering the lives of 500 passengers.",Priyadarshan,"Anil Kapoor, Ajay Devgn, Mohanlal, Kangana Ranaut",https://images.unsplash.com/photo-1489599849927-2ee91cede3ba?w=600&auto=format&fit=crop&q=80
tt2884574,Pyasa Darinda,1990,90s (1990-1999),Horror,150 min,150,"Fear of Unknown, Survival",Tense & Thrilling,High,Low,7.0,Add a Plot,Priyadarshan,"Anil Kapoor, Ajay Devgn, Mohanlal, Kangana Ranaut",https://images.unsplash.com/photo-1489599849927-2ee91cede3ba?w=600&auto=format&fit=crop&q=80
tt5805252,Budhia Singh: Born to Run,2016,2010s-2023,"Biography, Drama, Sport",161 min,161,"Human Conflict, Life Lessons",Inspiring,Medium,Medium,7.0,"A biopic about Budhia Singh, the world's youngest marathon runner whose story garnered controversy and inspiration around the world.",Soumendra Padhi,"Manoj Bajpayee, Mayur Mahendra Patole, Gajraj Rao, Tillotama Shome",https://images.unsplash.com/photo-1489599849927-2ee91cede3ba?w=600&auto=format&fit=crop&q=80
tt0379818,I - Proud to Be an Indian,2004,2000s,"Action, Crime, Drama",157 min,157,"Romantic Love, Family Ties",Adrenaline Rush,Medium,Medium,8.0,I is an Indian. He travels to London for a family wedding and finds his family live in fear of the terrorism by National Front Skinheads and finds he has to become involved which escalates the situation.,Puneet Sira,"Sohail Khan, Tim Lawrence, Mona Ambegaonkar, Scott Hinds",https://images.unsplash.com/photo-1489599849927-2ee91cede3ba?w=600&auto=format&fit=crop&q=80
tt0112738,Criminal,1994,90s (1990-1999),"Action, Romance, Thriller",135 min,135,"Courage, Heroism",Tense & Thrilling,High,Medium,7.0,"After witnessing the sudden death of a woman, who was unable to afford hospital treatment, Dr. Ajay Kumar cancels his immigration to America and instead sets out to build a hospital that ...                See full summary »",Mahesh Bhatt,"Nagarjuna Akkineni, Manisha Koirala, Ramya Krishnan, Laxmikant Berde",https://images.unsplash.com/photo-1489599849927-2ee91cede3ba?w=600&auto=format&fit=crop&q=80
tt1992138,Force,2011,2010s-2023,"Action, Crime, Drama",145 min,145,Crime & Justice,Adrenaline Rush,Medium,Medium,6.8,A vengeful gangster targets and terrorizes an entire police unit and their families.,Nishikant Kamat,"John Abraham, Genelia Deshmukh, Vidyut Jammwal, Raj Babbar",https://images.unsplash.com/photo-1489599849927-2ee91cede3ba?w=600&auto=format&fit=crop&q=80
tt0119427,Judaai,1997,90s (1990-1999),"Comedy, Drama, Romance",146 min,146,"Humor, Misunderstandings",Feel-good,Medium,Low,8.3,"In order to attain wealth and a luxurious life, a greedy wife sells her husband to a rich woman. However she realizes that with a luxurious life, she has to pay a heavy price for this decision.",Raj Kanwar,"Anil Kapoor, Sridevi, Urmila Matondkar, Paresh Rawal",https://images.unsplash.com/photo-1489599849927-2ee91cede3ba?w=600&auto=format&fit=crop&q=80
tt6009232,Tom Dick and Harry Returns,2021,2010s-2023,Comedy,132 min,132,"Friendship, Crime & Justice",Feel-good,Low,Low,6.7,"Three struggling friends hit upon new means to live a happy life, by imposing as COPS. v Wearing the uniform makes them an overnight neighborhood sensation. v Life changes when these Fake ...                See full summary »",Deepak Tijori,"Jimmy Shergill, Pooja Chopra, Sanjay Dutt, Nazia Hussain",https://images.unsplash.com/photo-1489599849927-2ee91cede3ba?w=600&auto=format&fit=crop&q=80
tt0457875,Ek Ajnabee,2005,2000s,"Action, Crime, Drama",147 min,147,"Revenge, Patriotism & Honor",Adrenaline Rush,Medium,Medium,7.4,"Suryaveer, an ex-army officer, is assigned the task of protecting a young girl, Anamika. When Anamika gets kidnapped, he decides to use all his skills to rescue her.",Apoorva Lakhia,"Amitabh Bachchan, Arjun Rampal, Perizaad Zorabian, Rucha Vaidya",https://images.unsplash.com/photo-1489599849927-2ee91cede3ba?w=600&auto=format&fit=crop&q=80
tt6180274,Poorna,2017,2010s-2023,"Action, Adventure, Biography",137 min,137,"Courage, Heroism",Inspiring,Medium,Medium,7.2,An Adivasi 13-year-old from Telangana becomes the youngest girl in history to climb Mount Everest.,"Rahul Bose, Prashant Pandey","Aditi Inamdar, Rahul Bose, Heeba Shah, Arif Zakaria",https://images.unsplash.com/photo-1489599849927-2ee91cede3ba?w=600&auto=format&fit=crop&q=80
tt15378284,Am I Next,2023,2010s-2023,Crime,151 min,151,Family Ties,Deep & Emotional,Medium,Medium,7.9,"A sudden shock grabs the family of 14-year old Honey, when they get to know that their teenage daughter is pregnant. She was raped and now there is a long court battle to seek her right to terminate the pregnancy.",Rahhat Shah Kazmi,"Anushka Sen, Neelu Dogra, Tariq Khan, Ahmer Haider",https://images.unsplash.com/photo-1489599849927-2ee91cede3ba?w=600&auto=format&fit=crop&q=80
tt1869296,Bhuddah Hoga Tera Baap,2011,2010s-2023,"Action, Comedy, Crime",144 min,144,"Courage, Heroism",Adrenaline Rush,Medium,Medium,7.7,"A quick-tempered, flamboyantly-dressed, retired hit-man returns to India for one last job. Just don't call him ""Buddah""",Puri Jagannadh,"Amitabh Bachchan, Hema Malini, Sonu Sood, Sonal Chauhan",https://images.unsplash.com/photo-1489599849927-2ee91cede3ba?w=600&auto=format&fit=crop&q=80
tt1047519,Red Swastik,2007,2000s,"Crime, Drama, Thriller",170 min,170,"Revenge, Romantic Love, Crime & Justice",Tense & Thrilling,High,Medium,7.5,"The police hunt a femme fatale who, after intercourse, brutally murders her lovers and leaves behind a swastika calling card.",Vinod Pande,"Sherlyn Chopra, Harsh Chhaya, Deepshikha Nagpal, Deepraj Rana",https://images.unsplash.com/photo-1489599849927-2ee91cede3ba?w=600&auto=format&fit=crop&q=80
tt7549484,Firangi,2017,2010s-2023,"Comedy, Drama",151 min,151,Romantic Love,Feel-good,Medium,Low,7.6,"When there are disputes in life, love overcomes all challenges and truth prevails. Set in the colonial era, Firangi is the story of a mutiny staged by the villagers against the Britishers.","Rajiv Dhingra, Rizwan Mohammad","Kapil Sharma, Ishita Dutta, Monica Gill, Edward Sonnenblick",https://images.unsplash.com/photo-1489599849927-2ee91cede3ba?w=600&auto=format&fit=crop&q=80
tt7274806,Kaashi in Search of Ganga,2018,2010s-2023,Thriller,146 min,146,"Self-Discovery, Destiny",Tense & Thrilling,Medium,Medium,7.1,"The movie is about two siblings, Kashi (Sharman Joshi) and his sister Ganga. The film is set in the Indian city of Benaras, also known as Kashi.[9] Kashi is a man who belongs to a community who are involved in performing cremation rituals.",Dhiraj Kumar,"Prince Adhikari, Aishwarya Devan, Sukriti Gupta, Kranti Prakash Jha",https://images.unsplash.com/photo-1489599849927-2ee91cede3ba?w=600&auto=format&fit=crop&q=80
tt0845529,Risk,2007,2000s,"Action, Crime, Drama",168 min,168,Crime & Justice,Adrenaline Rush,Medium,Medium,7.5,"Modern day Bombay is ruled by Bangkok-based underworld don, Khalid Bin Jamal, who has the Home Minister, A.R. Sarang, as well as the Police Commissioner on his payroll. Khalid would like to...                See full summary »",Vishram Sawant,"Vinod Khanna, Randeep Hooda, Tanushree Dutta, Madhuri Bhagwat",https://images.unsplash.com/photo-1489599849927-2ee91cede3ba?w=600&auto=format&fit=crop&q=80
tt0266875,Raat,1992,90s (1990-1999),Horror,159 min,159,"Fear of Unknown, Survival",Tense & Thrilling,High,Low,7.3,"Mini shifts to her new house along with her parents Mr. and Mrs. Shrma, as well as, nephew Bunty. Bunty finds a cat in the backyard of the house and gets attracted to it but the cat soon ...                See full summary »",Ram Gopal Varma,"Revathi, Rohini Hattangadi, Om Puri, Akash Khurana",https://images.unsplash.com/photo-1489599849927-2ee91cede3ba?w=600&auto=format&fit=crop&q=80
tt2369154,R... Rajkumar,2013,2010s-2023,"Action, Comedy, Crime",165 min,165,Revenge,Adrenaline Rush,Medium,Medium,7.9,An aimless youth starts working for a drug baron and his mission is to kill the rival.,Prabhu Deva,"Shahid Kapoor, Sonakshi Sinha, Sonu Sood, Ashish Vidyarthi",https://images.unsplash.com/photo-1489599849927-2ee91cede3ba?w=600&auto=format&fit=crop&q=80
tt26733635,Sulaikha Manzil,2023,2010s-2023,"Comedy, Drama, Family",148 min,148,Romantic Love,Feel-good,Medium,Low,8.0,"When the marriage between Haala and Ameen gets decided in a short span of time with very little time for preparations, it leads dramatic ride between the families.",Ashraf Hamza,"Noushad Ali, Lukman Avaran, Shebin Benson, Jolly Chirayath",https://images.unsplash.com/photo-1489599849927-2ee91cede3ba?w=600&auto=format&fit=crop&q=80
tt10741542,Sherni,2021,2010s-2023,"Action, Adventure, Drama",165 min,165,"Courage, Heroism",Deep & Emotional,Medium,Low,7.3,An upright Forest Officer who strives for balance in a world of man-animal conflict while she also seeks her true calling in a hostile environment.,Amit Masurkar,"Vidya Balan, Vijay Raaz, Neeraj Kabi, Mukesh Khanna",https://images.unsplash.com/photo-1489599849927-2ee91cede3ba?w=600&auto=format&fit=crop&q=80
tt5638500,1920 London,2016,2010s-2023,"Horror, Mystery",152 min,152,Romantic Love,Tense & Thrilling,High,High,7.1,"After her husband is possessed by an evil spirit, a woman turns to her former lover to perform an exorcism.",Tinu Suresh Desai,"Sharman Joshi, Meera Chopra, Vishal Karwal, Surendra Pal",https://images.unsplash.com/photo-1489599849927-2ee91cede3ba?w=600&auto=format&fit=crop&q=80
tt2344678,Himmatwala,2013,2010s-2023,"Action, Comedy, Drama",154 min,154,Family Ties,Feel-good,Medium,Low,7.8,"When a temple priest commits suicide after being dishonored by an evil landlord, his son returns to his native village on a mission of vengeance.",Sajid Khan,"Ajay Devgn, Tamannaah Bhatia, Mahesh Manjrekar, Paresh Rawal",https://images.unsplash.com/photo-1489599849927-2ee91cede3ba?w=600&auto=format&fit=crop&q=80
tt0256692,Chori Chori Chupke Chupke,2001,2000s,"Comedy, Drama, Musical",157 min,157,"Humor, Misunderstandings",Feel-good,Medium,Low,6.5,A prostitute agrees to get impregnated and then give the baby to a couple (Raj and Priya) in exchange for a million rupees. Everything changes when she develops feelings for the baby and Raj.,"Abbas Alibhai Burmawalla, Mastan Alibhai Burmawalla","Salman Khan, Rani Mukerji, Preity G Zinta, Amrish Puri",https://images.unsplash.com/photo-1489599849927-2ee91cede3ba?w=600&auto=format&fit=crop&q=80
tt0196635,International Khiladi,1999,90s (1990-1999),"Action, Crime, Drama",138 min,138,"Revenge, Family Ties, Crime & Justice",Adrenaline Rush,High,Medium,7.0,A crime boss is accused by a reporter of murdering her brother and raping her. He investigates the frame-up.,Umesh Mehra,"Akshay Kumar, Twinkle Khanna, Rajat Bedi, Vivek Shauq",https://images.unsplash.com/photo-1489599849927-2ee91cede3ba?w=600&auto=format&fit=crop&q=80
tt3672698,Play Girls,1995,90s (1990-1999),Thriller,146 min,146,"Self-Discovery, Destiny",Tense & Thrilling,Medium,Medium,7.0,Add a Plot,Umesh Mehra,"Akshay Kumar, Twinkle Khanna, Rajat Bedi, Vivek Shauq",https://images.unsplash.com/photo-1489599849927-2ee91cede3ba?w=600&auto=format&fit=crop&q=80
tt0477857,Sehar,2005,2000s,"Action, Crime, Drama",142 min,142,Crime & Justice,Adrenaline Rush,Medium,Medium,6.8,"Ajay Kumar the newly appointed, honest SSP of Lucknow police cracks down on the nefarious cop-mafia nexus in Uttar Pradesh, but finds a cunning and ruthless adversary in Gajraj.",Kabeer Kaushik,"Arshad Warsi, Pankaj Kapur, Mahima Chaudhry, Sushant Singh",https://images.unsplash.com/photo-1489599849927-2ee91cede3ba?w=600&auto=format&fit=crop&q=80
tt15210862,Bade Achhe Lagte Hai,2017,2010s-2023,Crime,162 min,162,"Self-Discovery, Destiny",Deep & Emotional,Medium,Medium,6.8,19-year-old Moksha lives in his own world and does not listen to anyone. This habit takes him to such a turn that he did not even imagine.,Sunil Subramani,"Rohan Shah, Azhar Sheikh, Suman Singh, Boishali Sinha",https://images.unsplash.com/photo-1489599849927-2ee91cede3ba?w=600&auto=format&fit=crop&q=80
tt6468814,Touch Chesi Chudu,2018,2010s-2023,"Action, Comedy, Crime",154 min,154,Family Ties,Adrenaline Rush,Medium,Medium,8.0,A peaceful man completely devoted to his family finds his violent past resurfacing.,Vikram Sirikonda,"Ravi Teja, Raashi Khanna, Seerat Kapoor, Murli Sharma",https://images.unsplash.com/photo-1489599849927-2ee91cede3ba?w=600&auto=format&fit=crop&q=80
tt3483646,Bewakoofiyaan,2014,2010s-2023,"Comedy, Drama, Romance",171 min,171,Romantic Love,Feel-good,Medium,Low,7.4,Bewakoofiyaan is a slice-of life comedy when recession strikes and the lack of money tests love. Is living on love and fresh air really possible?,Nupur Asthana,"Ayushmann Khurrana, Sonam Kapoor, Rishi Kapoor, Swedha Singh",https://images.unsplash.com/photo-1489599849927-2ee91cede3ba?w=600&auto=format&fit=crop&q=80
tt0102835,Sanam Bewafa,1991,90s (1990-1999),"Drama, Romance",175 min,175,"Romantic Love, Family Ties",Heartwarming,Medium,Low,6.9,"Salman falls in love with Ruksar but their fathers, despite being neighbours, are sworn enemies. The couple end up marrying but they are shocked when they finally discover the reason why their fathers allow the marriage to take place.",Saawan Kumar Tak,"Salman Khan, Chandni, Kanchan, Pran Sikand",https://images.unsplash.com/photo-1489599849927-2ee91cede3ba?w=600&auto=format&fit=crop&q=80
tt21386020,Rocket Gang,2022,2010s-2023,"Comedy, Drama, Fantasy",144 min,144,"Friendship, Romantic Love, Ambition & Triumph",Feel-good,Medium,Low,7.1,"A roller-coaster ride of friendship, camaraderie, love and dance as the team of 5 children step into the biggest dance competition to accomplish their dream.",Bosco Martis,"Aditya Seal, Nikita Dutta, Jason Tham, Mokshada Jaikhani",https://images.unsplash.com/photo-1489599849927-2ee91cede3ba?w=600&auto=format&fit=crop&q=80
tt16169406,Andaman,2021,2010s-2023,Drama,147 min,147,"Human Conflict, Life Lessons",Deep & Emotional,Medium,Low,7.1,Andaman is an inspirational social drama about a quarantine centre in an unprivileged village.,Smita Singh,"Vishal Agiran, Arav Aryavanshi, Arav Aryavanshi, Dinesh Awasthi",https://images.unsplash.com/photo-1489599849927-2ee91cede3ba?w=600&auto=format&fit=crop&q=80
tt0189633,Kareeb,1998,90s (1990-1999),"Drama, Romance",162 min,162,Family Ties,Heartwarming,Medium,Low,6.7,"Birju is a young man who lives with his mom, dad, elder brother, Bhabhi and nephew in an upper middle class home. His father would like him to work as well as accept some responsibility, ...                See full summary »",Vidhu Vinod Chopra,"Bobby Deol, Shabana Raza, Abhay Chopra, Moushumi Chatterjee",https://images.unsplash.com/photo-1489599849927-2ee91cede3ba?w=600&auto=format&fit=crop&q=80
tt7172308,Kuldip Patwal: I Didn't Do It!,2017,2010s-2023,"Crime, Drama, Mystery",166 min,166,Revenge,Tense & Thrilling,High,High,7.8,"A commoner is thrown into a jail cell on suspicion of murder of a local politician. Can he survive the State entrapment, or did he actually do it?",Remy Kohli,"Deepak Dobriyal, Gulshan Devaiah, Raima Sen, Parvin Dabas",https://images.unsplash.com/photo-1489599849927-2ee91cede3ba?w=600&auto=format&fit=crop&q=80
tt0396563,Dil Ne Jise Apna Kaha,2004,2000s,"Drama, Romance",160 min,160,Romantic Love,Heartwarming,High,Low,7.6,"A wealthy man working in an advertising agency and a dedicated doctor fall in love and marry. When his wife dies, the devastated man must fulfil her last wishes.",Atul Agnihotri,"Salman Khan, Preity G Zinta, Bhoomika Chawla, Rati Agnihotri",https://images.unsplash.com/photo-1489599849927-2ee91cede3ba?w=600&auto=format&fit=crop&q=80
tt21391884,Pokhar Ke Dunu Paar,2022,2010s-2023,Drama,165 min,165,Friendship,Deep & Emotional,Medium,Low,6.8,"Amidst the 2020 Coronavirus Pandemic, Sumit and Priyanka, an eloped couple, return to the security of their hometown. While Priyanka feels uneasy in the suffocating familiarity of her town, Sumit immerses himself in his tribe of friends.",Parth Saurabh,"Abhinav Jha, Tanaya Khan Jha, Dheeraj Kumar, Sheelnidhi",https://images.unsplash.com/photo-1489599849927-2ee91cede3ba?w=600&auto=format&fit=crop&q=80
tt23128938,Wonder Women,2022,2010s-2023,Drama,156 min,156,"Human Conflict, Life Lessons",Deep & Emotional,Medium,Low,8.0,"Narrates the story of six pregnant women, who arrive at a prenatal class with beliefs, confusion, and questions regarding pregnancy and childbirth.",Anjali Menon,"Nadia Moidu, Nithya Menen, Parvathy Thiruvothu, Padmapriya",https://images.unsplash.com/photo-1489599849927-2ee91cede3ba?w=600&auto=format&fit=crop&q=80
tt1446071,"Gallit Gondhal, Dillit Mujra",2009,2000s,Comedy,150 min,150,"Humor, Misunderstandings",Feel-good,Low,Low,7.1,"Kolsewadi has never seen any progress in the village, thanks to the bickering and fights between MLA Chandrakant Tope and Sarpanch Bajirao Dole. Narayan Wagh, a villager, makes the most of ...                See full summary »",Nagesh Bhonsle,"Makarand Anaspure, Suzanne Bernert, Nagesh Bhonsle, Ramchandra Dhumal",https://images.unsplash.com/photo-1489599849927-2ee91cede3ba?w=600&auto=format&fit=crop&q=80
tt15180374,Mystery of the Tattoo,2023,2010s-2023,Thriller,153 min,153,"Friendship, Revenge",Tense & Thrilling,Medium,Medium,7.2,"An art student/therapist befriends her new neighbor. Soon after which she starts experiencing deadly psychological and hallucinating events, only to realize later that they were all a set-up by her neighbor to apprehend an old killer.",Kalaiarasi Sathappan,"Rohit Raaj, Arjun Rampal, Daisy Shah, Manoj Joshi",https://images.unsplash.com/photo-1489599849927-2ee91cede3ba?w=600&auto=format&fit=crop&q=80
tt22436062,Dhoomam,2023,2010s-2023,"Action, Adventure, Drama",169 min,169,"Courage, Heroism",Deep & Emotional,Medium,Low,7.7,"Avinash wants to quit his marketing job at a top cigarette company, but it comes with consequences.",Pawan Kumar,"Fahadh Faasil, Roshan Mathew, Aparna Balamurali, Achyuth Kumar",https://images.unsplash.com/photo-1489599849927-2ee91cede3ba?w=600&auto=format&fit=crop&q=80
tt13097434,Colour Photo,2020,2010s-2023,Drama,145 min,145,"Romantic Love, Family Ties",Deep & Emotional,Medium,Low,7.8,A tragic-comedy that is set in the 90s between two different personalities coming from different backgrounds that change their lives in a tale of love.,Sandeep Raj,"Suhas, Chandini Chowdary, Sunil, Harsha Chemudu",https://images.unsplash.com/photo-1489599849927-2ee91cede3ba?w=600&auto=format&fit=crop&q=80
tt5978194,Bhouri,2016,2010s-2023,Drama,160 min,160,Romantic Love,Deep & Emotional,Medium,Low,7.3,"A tragic love story of Bhouri, a 23-year old who is married to a 55-year old, the film highlights the exploitation of women in male dominated society.","Jasbir Bhaati, Jasbir R Bhati","Raghubir Yadav, Masha Pour, Kunika Sadanand, Vicky Ahuja",https://images.unsplash.com/photo-1489599849927-2ee91cede3ba?w=600&auto=format&fit=crop&q=80
tt7609114,Yamla Pagla Deewana Phir Se...,2018,2010s-2023,"Action, Comedy, Drama",163 min,163,"Courage, Heroism",Feel-good,Medium,Low,6.5,An upright Ayurveda practitioner is hounded by big pharmacy giants for his age-old formula that cures everything.,Navaniat Singh,"Dharmendra, Sunny Deol, Bobby Deol, Kriti Kharbanda",https://images.unsplash.com/photo-1489599849927-2ee91cede3ba?w=600&auto=format&fit=crop&q=80
tt4467262,Katti Batti,2015,2010s-2023,"Comedy, Drama, Romance",173 min,173,"Humor, Misunderstandings",Feel-good,Medium,Low,6.8,A romantic comedy that follows Maddy and Payal's live-in relationship until a sudden turn of events creates a distance between them.,Nikkhil Advani,"Imran Khan, Kangana Ranaut, Abhishek Saha, Suhaas Ahuja",https://images.unsplash.com/photo-1489599849927-2ee91cede3ba?w=600&auto=format&fit=crop&q=80
tt14188316,Chidiakhana,2023,2010s-2023,"Drama, Sport",151 min,151,Revenge,Deep & Emotional,Medium,Low,7.7,"It is a coming-of-age story of a Bihari boy who is embraced by residents of a Marathi Chawl due to his grit, imagination and especially his footballing skills.",Manish Tiwary,"Ritvik Sahore, Avneet Kaur, Rajeshwari Sachdev, Prashant Narayanan",https://images.unsplash.com/photo-1489599849927-2ee91cede3ba?w=600&auto=format&fit=crop&q=80
tt13261780,Hari Singh Nalwa - Champion of the Khalsa Ji,2022,2010s-2023,Biography,180 min,180,"Self-Discovery, Destiny",Inspiring,Medium,Medium,7.7,Add a Plot,Manish Tiwary,"Ritvik Sahore, Avneet Kaur, Rajeshwari Sachdev, Prashant Narayanan",https://images.unsplash.com/photo-1489599849927-2ee91cede3ba?w=600&auto=format&fit=crop&q=80
tt0857381,I See You,2006,2000s,"Comedy, Drama, Fantasy",131 min,131,"Humor, Misunderstandings",Feel-good,Medium,Low,7.8,"Dr. Shivani Dutt lives a wealthy lifestyle in London, England with her widowed mom and a dog named Kaali. She works at the Thomwell Hospital. One day she notices that some of her fellow ...                See full summary »",Vivek b Agrawal,"Arjun Rampal, Vipasha Agarwal, Chunky Pandey, Boman Irani",https://images.unsplash.com/photo-1489599849927-2ee91cede3ba?w=600&auto=format&fit=crop&q=80
tt0403200,Khilona,1996,90s (1990-1999),"Drama, Romance",169 min,169,"Revenge, Patriotism & Honor",Heartwarming,Medium,Low,7.7,"After being double crossed by his boss Dabla, Rajkumar takes revenge on him and becomes the ruling Don of the city. His arch enemy, Ronny, carries out several attacks towards him but fails ...                See full summary »",Deepak Pawar,"Aditya Pancholi, Shakti Kapoor, Mohan Joshi, Monica Bedi",https://images.unsplash.com/photo-1489599849927-2ee91cede3ba?w=600&auto=format&fit=crop&q=80
tt0205968,Gharwali Baharwali,1998,90s (1990-1999),Comedy,131 min,131,"Humor, Misunderstandings",Feel-good,Low,Low,7.7,"On discovery of his spouse's infertility, a man starts a search for a new wife.",David Dhawan,"Anil Kapoor, Raveena Tandon, Rambha, Satish Kaushik",https://images.unsplash.com/photo-1489599849927-2ee91cede3ba?w=600&auto=format&fit=crop&q=80
tt5637188,Saat Uchakkey,2016,2010s-2023,Comedy,130 min,130,Secrets & Deception,Feel-good,Low,Low,6.6,"SAAT UCHAKKEY is a comedy caper about 7 petty crooks blundering their way through an exciting gamut of mystery, greed, treachery and running into one riotous crisis after another. Set ...                See full summary »",Sanjeev Sharma,"Manoj Bajpayee, Vijay Raaz, Aditi Sharma, Annu Kapoor",https://images.unsplash.com/photo-1489599849927-2ee91cede3ba?w=600&auto=format&fit=crop&q=80
tt14922300,Collar Bomb,2021,2010s-2023,"Action, Thriller",168 min,168,Crime & Justice,Tense & Thrilling,Medium,Medium,7.4,"A glorified cop's life is thrown into chaos as he is forced to commit a series of crimes before a suicide bomber blows up a school. As he races against time, he's confronted by an evil that is hell-bent on striking raw, primal terror.",Dnyanesh Zoting,"Jimmy Shergill, Sparsh Srivastav, Rajshri Deshpande, Asha Negi",https://images.unsplash.com/photo-1489599849927-2ee91cede3ba?w=600&auto=format&fit=crop&q=80
tt0291883,Ek Ladka Ek Ladki,1992,90s (1990-1999),"Comedy, Romance",163 min,163,"Revenge, Family Ties",Feel-good,Low,Low,8.1,"An arrogant heiress becomes amnesiac after her greedy uncle attempts to kill her. A hard-working farmer, who bears a grudge against her, impersonates her husband and brings her to his home as revenge.",Vijay Sadanah,"Salman Khan, Neelam Kothari, Anupam Kher, Govardhan Asrani",https://images.unsplash.com/photo-1489599849927-2ee91cede3ba?w=600&auto=format&fit=crop&q=80
tt0433425,Parzania,2005,2000s,"Drama, History",157 min,157,"Family Ties, Ambition & Triumph",Inspiring,Medium,Low,8.2,"A parsi family struggles to find thier son in a genocide carried out by vested interests outfits during 2002, commonly known as Gujarat riots which broke out after the Godhra Train Burning incident. During riots more than 790 Muslim and 289 Hindus died and around 300 people missing in the Indian state of Gujarat.",Rahul Dholakia,"Naseeruddin Shah, Corin Nemec, Sarika Thakur, Parzaan Dastur",https://images.unsplash.com/photo-1489599849927-2ee91cede3ba?w=600&auto=format&fit=crop&q=80
tt6275262,Vodka Diaries,2018,2010s-2023,"Mystery, Thriller",136 min,136,Revenge,Tense & Thrilling,High,High,7.4,"In the misty town of Manali, ACP Ashwini Dixit attempts to solve a series of mysterious murders happening in a single night, which might be connected to the night club, Vodka Diaries.",Kushal Srivastava,"Kay Kay Menon, Raima Sen, Mandira Bedi, Sharib Hashmi",https://images.unsplash.com/photo-1489599849927-2ee91cede3ba?w=600&auto=format&fit=crop&q=80
tt0187279,Meri Biwi Ka Jawab Nahin,2004,2000s,"Action, Comedy, Romance",135 min,135,"Friendship, Crime & Justice",Feel-good,Medium,Low,7.9,Ajay gets married to his childhood friend Durga; who is illiterate unable to differentiate between the style of these days and that of long time ago. When Ajay is given the post as police ...                See full summary »,"Pankaj Parashar, S.M. Iqbal","Akshay Kumar, Sridevi, Gulshan Grover, Laxmikant Berde",https://images.unsplash.com/photo-1489599849927-2ee91cede3ba?w=600&auto=format&fit=crop&q=80
tt0989725,Undertrial,2007,2000s,"Crime, Drama",155 min,155,Family Ties,Deep & Emotional,Medium,Medium,8.1,"Sagar Hussain, a factory worker, is falsely accused of and imprisoned for raping his own daughters. Later, when his lawyer digs deeper, the truth reveals itself to be much worse than imagined.",Aziz Khan,"Rajpal Naurang Yadav, Kader Khan, Prem Chopra, Pratima Kazmi",https://images.unsplash.com/photo-1489599849927-2ee91cede3ba?w=600&auto=format&fit=crop&q=80
tt0115484,Agni Sakshi,1996,90s (1990-1999),"Drama, Musical, Romance",146 min,146,"Human Conflict, Life Lessons",Heartwarming,Medium,Low,8.2,Newly married Suraj and Shivangi are on honeymoon where they meet Vishwanath - who claims that Shivangi is his wife.,Partho Ghosh,"Jackie Shroff, Nana Patekar, Manisha Koirala, Divya Dutta",https://images.unsplash.com/photo-1489599849927-2ee91cede3ba?w=600&auto=format&fit=crop&q=80
tt0118525,...Aur Pyaar Ho Gaya,1997,90s (1990-1999),"Comedy, Drama, Musical",156 min,156,"Romantic Love, Family Ties",Feel-good,Medium,Low,8.1,"Grandpa and Grandma Kapoor live a wealthy life-style with their only widower son, Kailashnath and his daughter Ashi who is of marriage-able age. Kailashnath arranges his daughter's marriage...                See full summary »",Rahul Rawail,"Bobby Deol, Aishwarya Rai Bachchan, Shammi Kapoor, Anupam Kher",https://images.unsplash.com/photo-1489599849927-2ee91cede3ba?w=600&auto=format&fit=crop&q=80
tt4022278,Fever,2016,2010s-2023,"Crime, Mystery",164 min,164,Crime & Justice,Tense & Thrilling,Medium,High,8.0,"An assassin loses his memory in an accident. He wakes up knowing only his name, and a subconscious memory of a crime he has committed.",Rajeev Jhaveri,"Rajeev Khandelwal, Gauahar Khan, Gemma Atkinson, Ankita Makwana",https://images.unsplash.com/photo-1489599849927-2ee91cede3ba?w=600&auto=format&fit=crop&q=80
tt1664809,Rakhta Charitra,2010,2010s-2023,"Action, Biography, Crime",141 min,141,"Revenge, Family Ties",Adrenaline Rush,High,Medium,7.7,A killer bandit decides to become a politician in order to avenge deaths in his family.,Ram Gopal Varma,"Vivek Oberoi, Shatrughan Sinha, Sudeep, Abhimanyu Singh",https://images.unsplash.com/photo-1489599849927-2ee91cede3ba?w=600&auto=format&fit=crop&q=80
tt6080746,Raag Desh,2017,2010s-2023,"Action, Drama, History",147 min,147,Patriotism & Honor,Inspiring,Medium,Low,8.1,A period film based on the historic 1945 Indian National Army Red Fort Trials.,Tigmanshu Dhulia,"Kunal Kapoor, Amit Sadh, Mohit Marwah, Kenneth Desai",https://images.unsplash.com/photo-1489599849927-2ee91cede3ba?w=600&auto=format&fit=crop&q=80
tt0408126,Pudhiya Geethai,2003,2000s,"Action, Drama, Romance",157 min,157,Patriotism & Honor,Heartwarming,High,Low,7.1,"Sarathy is a brilliant and carefree young man who is unaware that an astrologer has predicted his death at the age of 27. Eventually, he comes to loggerheads with Reddiar over a land deal gone bad.",Jagan,"Joseph Vijay, Meera Jasmine, Ameesha Patel, Kalabhavan Mani",https://images.unsplash.com/photo-1489599849927-2ee91cede3ba?w=600&auto=format&fit=crop&q=80
tt2423132,Akaash Vani,2013,2010s-2023,"Drama, Romance",151 min,151,Romantic Love,Heartwarming,Medium,Low,7.9,Follows the love story of a boy and a girl.,Luv Ranjan,"Kartik Aaryan, Nushrratt Bharuccha, Sunny Singh, Gautam Mehra",https://images.unsplash.com/photo-1489599849927-2ee91cede3ba?w=600&auto=format&fit=crop&q=80
tt0364466,Kundan,1993,90s (1990-1999),"Action, Drama",154 min,154,"Courage, Heroism",Deep & Emotional,Medium,Low,6.6,Thakur Shamsher Singh lives a wealthy life that is funded chiefly by criminal activities such smuggling and dealing in drugs. He has never been arrested as he has several high-ranking ...                See full summary »,K.C. Bokadia,"Dharmendra, Jaya Prada, Amrish Puri, Farha Naaz",https://images.unsplash.com/photo-1489599849927-2ee91cede3ba?w=600&auto=format&fit=crop&q=80
tt0103709,Apradhi,1992,90s (1990-1999),"Action, Crime, Drama",143 min,143,Family Ties,Adrenaline Rush,Medium,Medium,7.5,"Satyaprakash is an honest security officer who works at the docks in a small town in India, and lives with his parents, Mr. and Mrs. Vishambernath; wife, Janki, a blind daughter, Munni; and...                See full summary »",K. Ravi Shankar,"Vikas Anand, Aparajita, Arun Bakshi, Rajni Bala",https://images.unsplash.com/photo-1489599849927-2ee91cede3ba?w=600&auto=format&fit=crop&q=80
tt11163028,House Arrest,2019,2010s-2023,Comedy,138 min,138,"Humor, Misunderstandings",Feel-good,Low,Low,8.0,A world-weary man's self-imposed home confinement becomes a comedy of errors with the simultaneous arrivals of a peculiar package and a curious journalist.,"Samit Basu, Shashanka Ghosh","Ali Fazal, Shriya Pilgaonkar, Jim Sarbh, Barkha Singh",https://images.unsplash.com/photo-1489599849927-2ee91cede3ba?w=600&auto=format&fit=crop&q=80
tt2321163,ABCD (Any Body Can Dance),2013,2010s-2023,"Drama, Music",134 min,134,"Human Conflict, Life Lessons",Deep & Emotional,Medium,Low,7.5,"When a capable dancer is provoked by the evil design of his employer, naturally he will be out to prove his mettle.",Remo D'Souza,"Prabhu Deva, Ganesh Acharya, Kay Kay Menon, Lauren Gottlieb",https://images.unsplash.com/photo-1489599849927-2ee91cede3ba?w=600&auto=format&fit=crop&q=80
tt5005684,Nil Battey Sannata,2015,2010s-2023,"Drama, Family",167 min,167,"Family Ties, Ambition & Triumph",Deep & Emotional,Medium,Low,7.9,A story about a single woman (a Mom) and dreams on her Daughter.,Ashwiny Iyer Tiwari,"Swara Bhasker, Riya Shukla, Ratna Pathak Shah, Pankaj Tripathi",https://images.unsplash.com/photo-1489599849927-2ee91cede3ba?w=600&auto=format&fit=crop&q=80
tt28476186,Badmaash Babes,2023,2010s-2023,Drama,153 min,153,Friendship,Deep & Emotional,Medium,Low,7.6,"When the stripper from Alisha's bachelor party is found dead the next morning, the high society lives of best friends Alisha, Maya and Zee go through a roller coaster ride.",Ajay V.,"Bhumika Gurung, Pratibha Phogat, Chandni Srivastava",https://images.unsplash.com/photo-1489599849927-2ee91cede3ba?w=600&auto=format&fit=crop&q=80
tt13178692,376 D,2020,2010s-2023,"Crime, Thriller",148 min,148,Family Ties,Tense & Thrilling,Medium,Medium,6.6,"In a series of heinous events one dark night, in the by lanes of Delhi; two brothers come face-to-face with a nightmare they never imagined. Their entire life turns upside down. Soon they ...                See full summary »","Gunveen Kaur, Robin Sikarwar","Vivek Kumar, Deeksha Joshi, Sumit Singh Sikarwar, Priyanka Sharma",https://images.unsplash.com/photo-1489599849927-2ee91cede3ba?w=600&auto=format&fit=crop&q=80
tt0105394,Shola Aur Shabnam,1992,90s (1990-1999),"Action, Comedy, Drama",150 min,150,"Family Ties, Crime & Justice",Feel-good,Medium,Low,7.9,"The spoiled and arrogant brother, Bali, of notorious gangster, Kali Baba, enlists in the National Cadet Corps, and wants to have his way with his fellow-students and trainer, Inder Mohan ...                See full summary »",David Dhawan,"Govinda, Divya Bharti, Gulshan Grover, Alok Nath",https://images.unsplash.com/photo-1489599849927-2ee91cede3ba?w=600&auto=format&fit=crop&q=80
tt0443594,Naina,2005,2000s,"Drama, Horror, Mystery",153 min,153,"Human Conflict, Life Lessons",Tense & Thrilling,High,High,7.1,"After receiving an eye transplant, a young woman realizes that she can see into the supernatural world.",Shripal Morakhia,"Urmila Matondkar, Anuj Sawhney, Malavika Nair, Amardeep Jha",https://images.unsplash.com/photo-1489599849927-2ee91cede3ba?w=600&auto=format&fit=crop&q=80
tt3059106,Satya 2,2013,2010s-2023,"Action, Crime, Drama",160 min,160,"Courage, Heroism",Adrenaline Rush,Medium,Medium,6.8,"To build a strong underworld, a man comes to Mumbai to rectify the errors made by previous mafia leaders.",Ram Gopal Varma,"Puneet Singh Ratn, Sharwanand, Anaika Soti, Mahesh Thakur",https://images.unsplash.com/photo-1489599849927-2ee91cede3ba?w=600&auto=format&fit=crop&q=80
tt0329354,Marigold,2007,2000s,"Comedy, Music, Romance",145 min,145,"Humor, Misunderstandings",Feel-good,Low,Low,7.0,Ali Larter plays an American actress who becomes immersed in the Bollywood film world.,Willard Carroll,"Salman Khan, Ali Larter, Nandana Sen, Ian Bohen",https://images.unsplash.com/photo-1489599849927-2ee91cede3ba?w=600&auto=format&fit=crop&q=80
tt5056470,Teraa Surroor,2016,2010s-2023,"Action, Drama, Romance",165 min,165,"Friendship, Family Ties, Crime & Justice",Heartwarming,Medium,Low,7.7,"Tara Wadia (Farah Karimaee), a singer and girlfriend of a gangster Raghu (Himesh Reshammiya) lives with her mother (Shernaz Patel). She goes to Dublin where she gets detained after being ...                See full summary »",Shawn Arranha,"Himesh Reshammiya, Farah Karimaee, Naseeruddin Shah, Shekhar Kapur",https://images.unsplash.com/photo-1489599849927-2ee91cede3ba?w=600&auto=format&fit=crop&q=80
tt0392883,Valley of Flowers,2006,2000s,"Adventure, Drama, Fantasy",138 min,138,Romantic Love,Mind-bending & Epic,High,Low,7.4,"A great Asian love story, an unforgettable tale about passion, death and reincarnation. A mesmerizing Himalayan epic that spans two centuries, from the Silk Route of the early 19th century to the bustling metropolis of modern-day Tokyo.",Pan Nalin,"Milind Soman, Mylène Jampanoï, Naseeruddin Shah, Jampa Kalsang Tamang",https://images.unsplash.com/photo-1489599849927-2ee91cede3ba?w=600&auto=format&fit=crop&q=80
tt0382385,Zameen,2003,2000s,"Action, Adventure, Thriller",143 min,143,"Courage, Heroism",Tense & Thrilling,Medium,Medium,7.7,"Colonel Ranvir and ACP Jaideep joins forces to fight against Pakistani terrorists, who hijacks an Indian airplane and demands to free their militant leader in return.",Rohit Shetty,"Ajay Devgn, Abhishek Bachchan, Bipasha Basu, Mukesh Tiwari",https://images.unsplash.com/photo-1489599849927-2ee91cede3ba?w=600&auto=format&fit=crop&q=80
tt11024972,Odd Couple,2019,2010s-2023,Drama,138 min,138,"Human Conflict, Life Lessons",Deep & Emotional,Medium,Low,6.7,The movie revolves around two couples with age gaps of 15 years.,Prashant Johari,"Pradeep Singh Adhikari, Sumit Gulati, Suchitra Krishnamoorthi, Manoj Pahwa",https://images.unsplash.com/photo-1489599849927-2ee91cede3ba?w=600&auto=format&fit=crop&q=80
tt0404797,Ayee Milan Ki Raat,1991,90s (1990-1999),Romance,184 min,184,Romantic Love,Deep & Emotional,Medium,Low,7.0,"A Tantrik converts two lovers into a snake, one at sunset and one at sunrise.",K. Pappu,"Avinash Wadhawan, Shaheen, Anupam Kher, Kulbhushan Kharbanda",https://images.unsplash.com/photo-1489599849927-2ee91cede3ba?w=600&auto=format&fit=crop&q=80
tt4716304,SOS: Secrets of Sex,2013,2010s-2023,Drama,146 min,146,Friendship,Deep & Emotional,Medium,Low,7.4,Prachi becomes pregnant and she and her boyfriend are trying to solve the matter by the way of abortion.,Kumaar Aadarsh,"Kumaar Aadarsh, Gagan Guru, Harman Preet Kaur, Ritesh Raghuvanshi",https://images.unsplash.com/photo-1489599849927-2ee91cede3ba?w=600&auto=format&fit=crop&q=80
tt6545212,Leera the Soulmate,2018,2010s-2023,Sci-Fi,130 min,130,"Self-Discovery, Destiny",Mind-bending & Epic,Medium,High,7.8,"Salman Khan Also Has An Important Cameo In One The Scene's. While leaving the space Salman comes to pick her up to take her back. Later on this scene was removed as the director said ""Salman Didn't Act Well""",Sumnash Sri Kaljai,"Rishabh Arora, Dank Rishu, Mehul Adwani, Emiway Bantai",https://images.unsplash.com/photo-1489599849927-2ee91cede3ba?w=600&auto=format&fit=crop&q=80
tt0099651,Ghar Ho To Aisa,1990,90s (1990-1999),Drama,135 min,135,Family Ties,Deep & Emotional,Medium,Low,7.5,"The Kumar family consists of Ramprasad, his wife, Durga; their married son, Vijay, his wife, Sharda, their daughter, Pinky; a married daughter who lives with them, Kanchan, her husband, ...                See full summary »",Kalpataru,"Anil Kapoor, Meenakshi Sheshadri, Raj Kiran, Deepti Naval",https://images.unsplash.com/photo-1489599849927-2ee91cede3ba?w=600&auto=format&fit=crop&q=80
tt1753640,Crook: It's Good to Be Bad,2010,2010s-2023,"Action, Crime, Drama",146 min,146,Crime & Justice,Adrenaline Rush,Medium,Medium,6.6,Corrupt police and racially motivated attacks against Indian students complicate a re-located crook's life in Australia.,Mohit Suri,"Emraan Hashmi, Neha Sharma, Arjan Bajwa, Mashhoor Amrohi",https://images.unsplash.com/photo-1489599849927-2ee91cede3ba?w=600&auto=format&fit=crop&q=80
tt20259046,Pareshan,2023,2010s-2023,Comedy,140 min,140,"Friendship, Romantic Love, Family Ties",Feel-good,Low,Low,7.5,"Set up in the backdrop of Singareni and Coalaries, the movie sheds light on troubles that arise between friends, family and lovers.",Rupak Ronaldson,"Bunny Abiran, Raju Bedigela, Muralidhar Goud, Pavani Karanam",https://images.unsplash.com/photo-1489599849927-2ee91cede3ba?w=600&auto=format&fit=crop&q=80
tt0451631,Apaharan,2005,2000s,"Action, Crime, Drama",170 min,170,Family Ties,Adrenaline Rush,Medium,Medium,7.3,"Story of a tumultuous and complex relationship between a father (Mohan Agashe) and son (Ajay Devgan), set against the backdrop of a thriving kidnapping industry in the Hindi heartland of Bihar.",Prakash Jha,"Ajay Devgn, Nana Patekar, Bipasha Basu, Ayub Khan",https://images.unsplash.com/photo-1489599849927-2ee91cede3ba?w=600&auto=format&fit=crop&q=80
tt26744173,InCar,2023,2010s-2023,"Drama, Thriller",155 min,155,"Human Conflict, Life Lessons",Tense & Thrilling,Medium,Medium,7.9,A kidnapped girl's terrifying journey of survival.,Harsh Warrdhan,"Sandeep Goyat, Manish Jhanjholia, Gyan Prakash, Samsher Singh Sam",https://images.unsplash.com/photo-1489599849927-2ee91cede3ba?w=600&auto=format&fit=crop&q=80
tt9766280,Bhangra Paa Le,2020,2010s-2023,"Comedy, Drama, Music",135 min,135,Ambition & Triumph,Feel-good,Medium,Low,7.9,"Determined to bring traditional bhangra to the world stage, a dancer preps for an international competition against a rival with dreams of her own.",Sneha Taurani,"Sunny Kaushal, Rukshar Dhillon, Shriya Pilgaonkar, Parmeet Sethi",https://images.unsplash.com/photo-1489599849927-2ee91cede3ba?w=600&auto=format&fit=crop&q=80
tt0135515,Krishna,1996,90s (1990-1999),"Action, Drama, Romance",144 min,144,Family Ties,Heartwarming,Medium,Low,6.5,"A convict freshly out of prison is given an undercover name ""Krishna"" and the task to bring down a drug kingpin and his cartel.","S. Deepak, Deepak S. Shivdasani","Suniel Shetty, Karisma Kapoor, Shakti Kapoor, Tinnu Anand",https://images.unsplash.com/photo-1489599849927-2ee91cede3ba?w=600&auto=format&fit=crop&q=80
tt0439714,Mumbai Express,2005,2000s,"Action, Comedy",140 min,140,"Family Ties, Crime & Justice",Feel-good,Medium,Low,7.6,A bike rider and three small-time crooks kidnap a rich man's son for a huge ransom. But they soon discover that they have the wrong boy who is the illegitimate son of a police officer.,"Singeetam Srinivasa Rao, Dinesh Shailendra","Kamal Haasan, Manisha Koirala, Pasupathy, Nassar",https://images.unsplash.com/photo-1489599849927-2ee91cede3ba?w=600&auto=format&fit=crop&q=80
tt1671446,Aadhi Bhagavan,2013,2010s-2023,"Action, Crime, Thriller",141 min,141,Revenge,Tense & Thrilling,Medium,Medium,7.4,An action film about two lookalike criminals in which one wants the other to get killed.,Ameer Sultan,"Jayam Ravi, Nitu Chandra, Sudha Chandran, Saiju Kurup",https://images.unsplash.com/photo-1489599849927-2ee91cede3ba?w=600&auto=format&fit=crop&q=80
tt0312883,Kya Yehi Pyaar Hai,2002,2000s,"Drama, Romance",156 min,156,"Friendship, Ambition & Triumph",Heartwarming,Medium,Low,7.3,A college slacker pursues the girl of his dreams and will do just about anything to get her to like him.,K. Muralimohana Rao,"Jackie Shroff, Aftab Shivdasani, Ameesha Patel, Anupama Verma",https://images.unsplash.com/photo-1489599849927-2ee91cede3ba?w=600&auto=format&fit=crop&q=80
tt11730922,Friendship,2021,2010s-2023,"Action, Crime, Drama",161 min,161,"Friendship, Revenge, Ambition & Triumph",Adrenaline Rush,Medium,Medium,7.8,"Set in college, Friendship is an emotional saga where two friends go out of their way to help a girl get justice, who is sexually abused and killed by goons. Will they succeed? After all, justice delayed is justice denied.","ShamSurya JohnPaulRaj, Jpr, John Paul Raj, Sham Surya","Harbhajan Singh, Arjun Sarja, Losliya Mariyanesan, Sathish",https://images.unsplash.com/photo-1489599849927-2ee91cede3ba?w=600&auto=format&fit=crop&q=80
tt1742307,Dunno Y Na Jaane Kyun...,2010,2010s-2023,"Drama, Romance",171 min,171,"Romantic Love, Ambition & Triumph",Heartwarming,Medium,Low,6.9,Two men fall in love but struggle to be in a relationship openly in society.,Sanjay Sharma,"Zeenat Aman, Kabir Bedi, Hazel Croney, Helen",https://images.unsplash.com/photo-1489599849927-2ee91cede3ba?w=600&auto=format&fit=crop&q=80
tt6514218,Noblemen,2018,2010s-2023,Drama,140 min,140,"Human Conflict, Life Lessons",Deep & Emotional,Medium,Low,7.6,"A 15 year old boy, struggling with his adolescent years, is terrorized by a gang of bullies in a posh boarding school. This sets forth a chain of events that leads to a loss of life and innocence.",Vandana Kataria,"Kunal Kapoor, Ali Haji, Mohammed Ali Mir, Ivan Rodrigues",https://images.unsplash.com/photo-1489599849927-2ee91cede3ba?w=600&auto=format&fit=crop&q=80
tt0103689,Angaar,1992,90s (1990-1999),"Action, Crime, Drama",152 min,152,"Courage, Heroism",Adrenaline Rush,Medium,Medium,6.7,"An angry slum-dweller is arrested, found guilty, and institutionalized.",Shashilal K. Nair,"Jackie Shroff, Dimple Kapadia, Nana Patekar, Om Puri",https://images.unsplash.com/photo-1489599849927-2ee91cede3ba?w=600&auto=format&fit=crop&q=80
tt2404519,3G: A Killer Connection,2013,2010s-2023,"Horror, Mystery, Sci-Fi",151 min,151,"Fear of Unknown, Survival",Tense & Thrilling,High,High,7.1,Sam purchase's a second hand cellphone and starts getting mysterious calls.,"Shiirshak S. Anand, Shantanu Ray Chhibber","Neil Nitin Mukesh, Sonal Chauhan, Mrinalini Sharma, Asheesh Kapur",https://images.unsplash.com/photo-1489599849927-2ee91cede3ba?w=600&auto=format&fit=crop&q=80
tt0445022,Jurm,2005,2000s,"Crime, Drama, Mystery",162 min,162,Revenge,Tense & Thrilling,High,High,8.0,"Avinash Malhotra (Bobby Deol) is married to Sanjana (Lara Dutta). One night Sanjana is murdered, and Avinash is arrested for the murder of his wife.",Vikram Bhatt,"Kamal Adib, Bobby Deol, Lara Dutta, Milind Gunaji",https://images.unsplash.com/photo-1489599849927-2ee91cede3ba?w=600&auto=format&fit=crop&q=80
tt0443331,Milenge Milenge,2010,2010s-2023,"Drama, Romance",146 min,146,"Human Conflict, Life Lessons",Heartwarming,Medium,Low,7.5,"Hoping that destiny will re-unite them, a couple, on the verge of getting married, attempt to locate each other.",Satish Kaushik,"Kareena Kapoor, Shahid Kapoor, Aarti Chhabria, Delnaaz Irani",https://images.unsplash.com/photo-1489599849927-2ee91cede3ba?w=600&auto=format&fit=crop&q=80
tt23790740,Sri,2023,2010s-2023,"Biography, Drama",185 min,185,"Human Conflict, Life Lessons",Inspiring,Medium,Medium,7.5,An industrialist Srikanth Bolla who didn't let his visual impairment come in the way of his vision and founded Bollant Industries.,Tushar Hiranandani,"Alaya F, Jyotika, Sharad Kelkar, Deepak Mahato",https://images.unsplash.com/photo-1489599849927-2ee91cede3ba?w=600&auto=format&fit=crop&q=80
tt0136153,English Babu Desi Mem,1996,90s (1990-1999),"Comedy, Drama, Musical",149 min,149,Family Ties,Feel-good,Medium,Low,7.7,"After his brother dies, wealthy Vikram reluctantly goes back to India and forms a surprise bond with his orphaned nephew and the showgirl raising him.",Praveen Nischol,"Shah Rukh Khan, Sonali Bendre, Rajeshwari, Saeed Jaffrey",https://images.unsplash.com/photo-1489599849927-2ee91cede3ba?w=600&auto=format&fit=crop&q=80
tt20251896,Kahani Rubberband Ki,2022,2010s-2023,"Comedy, Drama, Family",148 min,148,Friendship,Feel-good,Medium,Low,8.0,"The regular life of a young couple in Uttar Pradesh until a contraceptive device malfunction results in an unintended pregnancy. While maintaining his friendship with Kavya, Narendra decides to take on the condom manufacturer",Sarika Sanjot,"Manish Raisinghan, Avika Gor, Pratik Gandhi, Gaurav Gera",https://images.unsplash.com/photo-1489599849927-2ee91cede3ba?w=600&auto=format&fit=crop&q=80
tt1179782,Mithya,2008,2000s,"Comedy, Crime, Thriller",149 min,149,"Family Ties, Crime & Justice",Tense & Thrilling,Medium,Medium,7.3,A two-bit actor faces challenges after he is asked by Police to impersonate a look-alike gangster.,Rajat Kapoor,"Ranvir Shorey, Neha Dhupia, Naseeruddin Shah, Saurabh Shukla",https://images.unsplash.com/photo-1489599849927-2ee91cede3ba?w=600&auto=format&fit=crop&q=80
tt0287111,Wajood,1998,90s (1990-1999),"Action, Crime, Drama",149 min,149,Family Ties,Adrenaline Rush,Medium,Medium,6.9,"This story revolves around Malhar Gopaldas Agnihotri, a out-of-work actor, poor, and dependent on his father, who is heading for retirement. Malhar knows that he can act, very well indeed, ...                See full summary »",N. Chandra,"Nana Patekar, Madhuri Dixit, Mukul Dev, Ramya Krishnan",https://images.unsplash.com/photo-1489599849927-2ee91cede3ba?w=600&auto=format&fit=crop&q=80
tt0305173,Aamdani Atthanni Kharcha Rupaiya,2001,2000s,"Comedy, Drama, Family",181 min,181,"Humor, Misunderstandings",Feel-good,Medium,Low,8.1,"In order to make ends meet, three women steps out from their houses for earning. However, this irks their jobless husbands who can go to extreme lengths to stop them.","K. Raghavendra Rao, A.S. Ravindra Babu","Govinda, Juhi Chawla, Tabu, Chandrachur Singh",https://images.unsplash.com/photo-1489599849927-2ee91cede3ba?w=600&auto=format&fit=crop&q=80
tt0376620,Ghar Parivaar,1991,90s (1990-1999),Drama,159 min,159,Family Ties,Deep & Emotional,Medium,Low,7.1,"Noble Shankar sells all his property and sends his step-brother Balwant to the city for higher education, but Balwant returns with a wife who refuses to adjust to the simple village life and becomes the reason for the family to split.",Mohanji Prasad,"Rajesh Khanna, Rishi Kapoor, Raj Kiran, Moushumi Chatterjee",https://images.unsplash.com/photo-1489599849927-2ee91cede3ba?w=600&auto=format&fit=crop&q=80
tt0364303,Dev,2004,2000s,Drama,165 min,165,Crime & Justice,Deep & Emotional,Medium,Low,6.5,"Joint Commissioner of Police Dev Pratap Singh, a duty-bound, self-righteous officer, and Special Commissioner Tejinder Khosla, the balancing force between the political interests of Chief ...                See full summary »",Govind Nihalani,"Amitabh Bachchan, Om Puri, Fardeen Khan, Kareena Kapoor",https://images.unsplash.com/photo-1489599849927-2ee91cede3ba?w=600&auto=format&fit=crop&q=80
tt0488381,Corporate,2006,2000s,Drama,164 min,164,"Human Conflict, Life Lessons",Deep & Emotional,Medium,Low,6.9,Two corporate giants compete in order to recklessly maximize their respective profits.,Madhur Bhandarkar,"Bipasha Basu, Kay Kay Menon, Raj Babbar, Rajat Kapoor",https://images.unsplash.com/photo-1489599849927-2ee91cede3ba?w=600&auto=format&fit=crop&q=80
tt0897374,Munna,2007,2000s,Action,141 min,141,"Friendship, Revenge, Family Ties, Crime & Justice",Deep & Emotional,Medium,Low,7.3,"Munna is a college student who targets Khakha, a local gangster with whom he has a personal vendetta since childhood.",Vamshi Paidipally,"Prabhas, Ileana D'Cruz, Prakash Raj, Kota Srinivasa Rao",https://images.unsplash.com/photo-1489599849927-2ee91cede3ba?w=600&auto=format&fit=crop&q=80
tt5050788,Loev,2015,2010s-2023,"Drama, Romance",171 min,171,"Friendship, Romantic Love",Heartwarming,Medium,Low,8.2,"A weekend trip between friends takes a sudden turn, making them each question what love is and what it means to them.",Sudhanshu Saria,"Dhruv Ganesh, Siddharth Menon, Shiv Panditt, Dixit",https://images.unsplash.com/photo-1489599849927-2ee91cede3ba?w=600&auto=format&fit=crop&q=80
tt0116153,Dushman Duniya Ka,1996,90s (1990-1999),Drama,160 min,160,"Human Conflict, Life Lessons",Deep & Emotional,Medium,Low,6.7,A social drama about the drug addiction among the youth and its adverse effects on their lives.,"Mehmood, Tabrez Hashmi","Laila, Mehmood, Manzoor Ali, Chetana Das",https://images.unsplash.com/photo-1489599849927-2ee91cede3ba?w=600&auto=format&fit=crop&q=80
tt0414714,Girlfriend,2004,2000s,Drama,133 min,133,Romantic Love,Deep & Emotional,Medium,Low,7.3,"A man comes between two lesbian lovers, hence forming a triangle with bleak consequences.",Karan Razdan,"Isha Koppikar, Aashish Chaudhary, Amrita Arora, Sumit Nijhawan",https://images.unsplash.com/photo-1489599849927-2ee91cede3ba?w=600&auto=format&fit=crop&q=80
tt0135641,Sapoot,1996,90s (1990-1999),"Action, Crime, Drama",164 min,164,"Revenge, Family Ties, Crime & Justice",Adrenaline Rush,Medium,Medium,6.8,"When a gangster is killed by his rivals, his two sons vow revenge.",Jagdish A. Sharma,"Akshay Kumar, Suniel Shetty, Karisma Kapoor, Sonali Bendre",https://images.unsplash.com/photo-1489599849927-2ee91cede3ba?w=600&auto=format&fit=crop&q=80
tt0106206,Aashik Aawara,1993,90s (1990-1999),Drama,147 min,147,"Romantic Love, Family Ties",Deep & Emotional,High,Low,7.7,"Raised by a kindly thief, orphaned Jimmy goes on the run from goons and falls in love with Jyoti, whose father indirectly caused his parents' deaths.",Umesh Mehra,"Saif Ali Khan, Mamta Kulkarni, Mohnish Behl, Rakesh Bedi",https://images.unsplash.com/photo-1489599849927-2ee91cede3ba?w=600&auto=format&fit=crop&q=80
tt3848938,Mr. X,2015,2010s-2023,"Action, Crime, Drama",146 min,146,Revenge,Adrenaline Rush,Medium,Medium,7.2,"After gaining the power of invisibility; a man becomes a vigilante, in order to take revenge on those who have wronged him.",Vikram Bhatt,"Emraan Hashmi, Amyra Dastur, Tanmay Bhat, Sushil Pandey",https://images.unsplash.com/photo-1489599849927-2ee91cede3ba?w=600&auto=format&fit=crop&q=80
tt0207341,Biwi No. 1,1999,90s (1990-1999),"Comedy, Drama, Romance",163 min,163,"Humor, Misunderstandings",Feel-good,Medium,Low,7.5,"A housewife learns that her husband is cheating on her. Thus, her quest to bring him back begins",David Dhawan,"Karisma Kapoor, Salman Khan, Anil Kapoor, Sushmita Sen",https://images.unsplash.com/photo-1489599849927-2ee91cede3ba?w=600&auto=format&fit=crop&q=80
tt28455771,Love Nation,2023,2010s-2023,"Drama, Sci-Fi",135 min,135,Romantic Love,Mind-bending & Epic,Medium,High,6.7,"This is a Story of Scientist Played by Deepak Parashar who was the messenger to Peacefulness and the Lover of Mankind, lost his life while following the path of ''Ahimsa Parmo Dharma'' by ...                See full summary »",Basith Ahmed Khan,"Dharmendra, Adeeb, Maviya, Govind Namdeo",https://images.unsplash.com/photo-1489599849927-2ee91cede3ba?w=600&auto=format&fit=crop&q=80
tt1194236,Get Educated: Paathshaala,2010,2010s-2023,"Drama, Family",167 min,167,"Human Conflict, Life Lessons",Deep & Emotional,Medium,Low,8.0,A new English school-teacher also teaches music but ends up leading both teachers and students to revolt against the school management.,Milind Ukey,"Nana Patekar, Shahid Kapoor, Ayesha Takia, Sushant Singh",https://images.unsplash.com/photo-1489599849927-2ee91cede3ba?w=600&auto=format&fit=crop&q=80
tt0395519,Doodh Ka Karz,1990,90s (1990-1999),"Action, Drama, Fantasy",153 min,153,Family Ties,Mind-bending & Epic,High,Low,7.9,"Sapheran Parvati, along with her newborn son, Suraj, watches helplessly as her husband, Gangu, is wrongly accused of theft, and then beaten to death by Raghuveer Singh, Bhairav Singh, and ...                See full summary »",Ashok Gaekwad,"Jackie Shroff, Neelam Kothari, Prem Chopra, Aruna Irani",https://images.unsplash.com/photo-1489599849927-2ee91cede3ba?w=600&auto=format&fit=crop&q=80
tt2066062,Shortcut Romeo,2013,2010s-2023,"Action, Crime, Drama",146 min,146,Romantic Love,Adrenaline Rush,Medium,Medium,7.5,Suraj spots a couple making love on a golf course and video films the entire event. He blackmails the couple and asks them to ensure that he has a luxurious life in return for the footage.,Susi Ganesan,"Neil Nitin Mukesh, Ameesha Patel, Puja Gupta, Jatin Garewal",https://images.unsplash.com/photo-1489599849927-2ee91cede3ba?w=600&auto=format&fit=crop&q=80
tt2150177,Bhaiaji Superhit,2018,2010s-2023,"Action, Comedy, Drama",141 min,141,Romantic Love,Feel-good,Medium,Low,8.2,A goon tries to win his wife back by making a movie on their love story.,Neeraj Pathak,"Sunny Deol, Preity G Zinta, Arshad Warsi, Ameesha Patel",https://images.unsplash.com/photo-1489599849927-2ee91cede3ba?w=600&auto=format&fit=crop&q=80
tt0319500,Himmat,1996,90s (1990-1999),"Action, Comedy, Drama",143 min,143,"Friendship, Revenge, Family Ties, Crime & Justice",Feel-good,High,Low,7.7,"Two Indian secret agents, Ajay and Abdul, share a brotherly bond. However, when Abdul is killed in the line of duty, the mission is handed over to Ajay, who decides to avenge his friend's death.","Sunil Sharma, Anand","Naseeruddin Shah, Sunny Deol, Tabu, Shilpa Shetty Kundra",https://images.unsplash.com/photo-1489599849927-2ee91cede3ba?w=600&auto=format&fit=crop&q=80
tt2932606,Siddharth,2013,2010s-2023,Drama,160 min,160,Family Ties,Deep & Emotional,Medium,Low,6.8,"A chain-wallah from Delhi travels across India in search of his missing son, in the hopes that whoever took him, returns him unharmed.",Richie Mehta,"Rajesh Tailang, Tannishtha Chatterjee, Anurag Arora, Shobha Sharma Jassi",https://images.unsplash.com/photo-1489599849927-2ee91cede3ba?w=600&auto=format&fit=crop&q=80
tt1170399,C Kkompany,2008,2000s,"Comedy, Drama, Thriller",157 min,157,"Humor, Misunderstandings",Feel-good,Medium,Medium,7.5,"Three down on their luck men adapts a strategical idea of extortion, only to find themselves in deep trouble.",Sachin Yardi,"Tusshar Kapoor, Anupam Kher, Rajpal Naurang Yadav, Raima Sen",https://images.unsplash.com/photo-1489599849927-2ee91cede3ba?w=600&auto=format&fit=crop&q=80
tt0363409,Aan: Men at Work,2004,2000s,"Action, Crime, Drama",154 min,154,"Courage, Heroism",Adrenaline Rush,Medium,Medium,7.8,DCP Patnaik and his team's fights against corrupted politicians and mafia rule Mumbai city. However their faith in law and order is tested with serious outcomes.,Madhur Bhandarkar,"Akshay Kumar, Shatrughan Sinha, Suniel Shetty, Paresh Rawal",https://images.unsplash.com/photo-1489599849927-2ee91cede3ba?w=600&auto=format&fit=crop&q=80
tt4396648,Time Out,2015,2010s-2023,"Drama, Family, Music",163 min,163,"Friendship, Romantic Love, Family Ties",Deep & Emotional,Medium,Low,7.5,"Years of friendship, laughter and love shared between two brothers faces the music when a 14 year old boy is confronted with the complexities of a simple relationship.",Rikhil Bahadur,"Chirag Malhotra, Pranay Pachauri, Kaamya Sharma, Aditya Jain",https://images.unsplash.com/photo-1489599849927-2ee91cede3ba?w=600&auto=format&fit=crop&q=80
tt15170260,Monalisa,2021,2010s-2023,Romance,158 min,158,"Love, Heartbreak",Deep & Emotional,Medium,Low,7.1,Add a Plot,Rehan Khan,"Ankit Dubey, Sharanya Jit Kaur, Vishal Raj Sharma",https://images.unsplash.com/photo-1489599849927-2ee91cede3ba?w=600&auto=format&fit=crop&q=80
tt0107821,Phool Aur Angaar,1993,90s (1990-1999),"Action, Drama",159 min,159,Friendship,Deep & Emotional,Medium,Low,8.1,"Vijay Saxena lives a middle-class lifestyle along with his college-going sister, Sweety, in a small town in India. He gets a job as a Professor at the City College, where he meets with ...                See full summary »",Ashok Gaekwad,"Govardhan Asrani, Bajrangi, Arun Bali, Nimai Bali",https://images.unsplash.com/photo-1489599849927-2ee91cede3ba?w=600&auto=format&fit=crop&q=80
tt4979082,Jai Gangaajal,2016,2010s-2023,"Crime, Drama",155 min,155,"Human Conflict, Life Lessons",Deep & Emotional,Medium,Medium,7.5,A newly appointed Senior Inspector finds herself against very powerful goons and having people from her own department against her.,Prakash Jha,"Priyanka Chopra Jonas, Prakash Jha, Manav Kaul, Ninad Kamat",https://images.unsplash.com/photo-1489599849927-2ee91cede3ba?w=600&auto=format&fit=crop&q=80
tt1558578,Knock Out,2010,2010s-2023,"Action, Crime, Drama",141 min,141,Revenge,Adrenaline Rush,Medium,Medium,6.7,"Hidden with a mysterious agenda, a sniper holds a businessman hostage in a closed phone booth, where he is ordered to obey the sniper or he will be killed.",Mani Shankar,"Sanjay Dutt, Irrfan Khan, Kangana Ranaut, Gulshan Grover",https://images.unsplash.com/photo-1489599849927-2ee91cede3ba?w=600&auto=format&fit=crop&q=80
tt2064849,London Paris New York,2012,2010s-2023,Romance,148 min,148,"Love, Heartbreak",Deep & Emotional,Medium,Low,7.3,"Nikhil and Lalitha are two completely different individuals who are drawn to each other in spite of their differences -- or perhaps because of it. Follow their journey as they meet in London, Paris and New York for a night in each city.",Anu Menon,"Ali Zafar, Aditi Rao Hydari, Candice Pereira, Scherrikar Bell",https://images.unsplash.com/photo-1489599849927-2ee91cede3ba?w=600&auto=format&fit=crop&q=80
tt0172188,Bol Radha Bol,1992,90s (1990-1999),"Action, Comedy, Crime",168 min,168,"Courage, Heroism",Adrenaline Rush,Medium,Medium,7.0,A man returning from a trip discovers that an impostor has taken over his life.,David Dhawan,"Rishi Kapoor, Juhi Chawla, Kader Khan, Shakti Kapoor",https://images.unsplash.com/photo-1489599849927-2ee91cede3ba?w=600&auto=format&fit=crop&q=80
tt7463730,Junglee,2019,2010s-2023,"Action, Adventure, Thriller",142 min,142,Family Ties,Tense & Thrilling,Medium,Medium,6.6,"The story revolves around a vet, who on his homecoming to his father's elephant reserve, encounters and fights an international poachers racket.",Chuck Russell,"Vidyut Jammwal, Lars Kjeldsen, Asha Bhat, Vishwanath Chatterjee",https://images.unsplash.com/photo-1489599849927-2ee91cede3ba?w=600&auto=format&fit=crop&q=80
tt23018924,Thangalaan,2024,2024-Latest,"Action, Adventure, Drama",137 min,137,"Courage, Heroism",Deep & Emotional,Medium,Low,7.9,"Based on the true events that revolve around the lives of mine workers in the Kolar Gold Fields, Karnataka.",Pa. Ranjith,"Vikram, Parvathy Thiruvothu, Malavika Mohanan, Pasupathy",https://images.unsplash.com/photo-1489599849927-2ee91cede3ba?w=600&auto=format&fit=crop&q=80
tt5310090,Irudhi Suttru,2016,2010s-2023,"Action, Drama, Sport",166 min,166,Ambition & Triumph,Deep & Emotional,Medium,Low,7.6,The story of a former boxer who quits boxing following a fallout with the authorities over the underlying politics but goes on to coach a fisherwoman to fulfill his dream through her.,Sudha Kongara,"Madhavan, Nassar, Radha Ravi, Kaali Venkat",https://images.unsplash.com/photo-1489599849927-2ee91cede3ba?w=600&auto=format&fit=crop&q=80
tt10991188,World Famous Lover,2020,2010s-2023,"Comedy, Drama, Romance",162 min,162,"Friendship, Romantic Love",Feel-good,Medium,Low,7.8,"An amalgamation of four different love stories: Seenayya and Suvarna, a middle-class couple in a small town; Gautham, a youngster romancing in Paris with Iza, Union Leader Srinu in love with his boss lady, and a first college romance.",Kranthi Madhav,"Vijay Deverakonda, Raashi Khanna, Aishwarya Rajesh, Catherine Tresa",https://images.unsplash.com/photo-1489599849927-2ee91cede3ba?w=600&auto=format&fit=crop&q=80
tt19289040,Jahaan Chaar Yaar,2022,2010s-2023,"Comedy, Drama",132 min,132,Friendship,Feel-good,Medium,Low,7.1,The journey of four married friends who set off to Goa seeking solace from their ordinary lives and find themselves in - an extraordinary adventure,Kamal Pandey,"Swara Bhasker, Meher Vij, Shikha Talsania, Pooja Chopra",https://images.unsplash.com/photo-1489599849927-2ee91cede3ba?w=600&auto=format&fit=crop&q=80
tt1099196,Dil Dosti Etc,2007,2000s,"Comedy, Crime, Drama",167 min,167,Friendship,Deep & Emotional,Medium,Medium,8.1,"Two college boys from diverse backgrounds believe that since time is on their side, anything is possible. Consequently, their arrogance leads them to challenge each other to prove their efficiencies.",Manish Tiwary,"Imaaduddin Shah, Shreyas Talpade, Smriti Mishra, Nikita Anand",https://images.unsplash.com/photo-1489599849927-2ee91cede3ba?w=600&auto=format&fit=crop&q=80
tt1182908,Krazzy 4,2008,2000s,"Comedy, Crime, Drama",162 min,162,Family Ties,Deep & Emotional,Medium,Medium,7.9,4 mental patients formulate the plan to rescue their kidnapped doctor and teach the kidnappers a lesson.,Jaideep Sen,"Juhi Chawla, Irrfan Khan, Arshad Warsi, Rajpal Naurang Yadav",https://images.unsplash.com/photo-1489599849927-2ee91cede3ba?w=600&auto=format&fit=crop&q=80
tt0102645,Patthar Ke Phool,1991,90s (1990-1999),"Action, Drama, Romance",146 min,146,"Romantic Love, Family Ties, Crime & Justice",Heartwarming,Medium,Low,6.8,A young police officer and the daughter of a gangster fall in love at first sight.,Anant Balani,"Salman Khan, Raveena Tandon, Kiran Kumar, Manohar Singh",https://images.unsplash.com/photo-1489599849927-2ee91cede3ba?w=600&auto=format&fit=crop&q=80
tt0119720,The Death Sentence: Mrityu Dand,1997,90s (1990-1999),"Action, Drama",170 min,170,"Courage, Heroism",Deep & Emotional,High,Low,6.6,Three women are sentenced to Death as they dare to speak out and threaten to break the Status Quo of a male dominated society.,Prakash Jha,"Shabana Azmi, Madhuri Dixit, Ayub Khan, Shilpa Shirodkar",https://images.unsplash.com/photo-1489599849927-2ee91cede3ba?w=600&auto=format&fit=crop&q=80
tt28313591,The Fighter Suman,2023,2010s-2023,"Action, Drama",148 min,148,"Revenge, Romantic Love, Family Ties, Secrets & Deception",Deep & Emotional,High,High,8.3,"The Fighter Suman is a captivating love story with a twist. Suman, the son of a wealthy businessman, falls in love with a girl named Pooja, only to have her mysteriously killed. Devastated,...                See full summary »",Ravi Sagar M,"Rajani Bharadwaj, Zayleen Ganapathy, Dharma Keerthiraj, Nimika Ratnakar",https://images.unsplash.com/photo-1489599849927-2ee91cede3ba?w=600&auto=format&fit=crop&q=80
tt2551378,Bullett Raja,2013,2010s-2023,"Action, Crime, Drama",163 min,163,"Crime & Justice, Patriotism & Honor",Adrenaline Rush,Medium,Medium,7.8,"A common man who transforms into a gangster revolts against the very system he once obediently followed by declaring war on the police, the government, and the industrialists.","Tigmanshu Dhulia, Ajit Sable, Sanjiv Trigunayat","Saif Ali Khan, Sonakshi Sinha, Vidyut Jammwal, Jimmy Shergill",https://images.unsplash.com/photo-1489599849927-2ee91cede3ba?w=600&auto=format&fit=crop&q=80
tt2049630,Unfreedom,2014,2010s-2023,"Crime, Drama, Romance",168 min,168,"Romantic Love, Family Ties",Heartwarming,Medium,Medium,7.5,A lesbian daughter fights off an arranged marriage in India while a religious fundamentalist targets an anti-extremist scholar in New York.,Raj Amit Kumar,"Victor Banerjee, Adil Hussain, Bhanu Uday, Preeti Gupta",https://images.unsplash.com/photo-1489599849927-2ee91cede3ba?w=600&auto=format&fit=crop&q=80
tt0986213,Aaja Nachle,2007,2000s,"Drama, Family, Music",185 min,185,"Human Conflict, Life Lessons",Deep & Emotional,Medium,Low,6.7,Dia's dance teacher is dying. She returns to the town where she learnt to live and dance and most importantly to save the endangered Ajanta theatre.,Anil Mehta,"Madhuri Dixit, Darshan Jariwala, Raghubir Yadav, Divya Dutta",https://images.unsplash.com/photo-1489599849927-2ee91cede3ba?w=600&auto=format&fit=crop&q=80
tt0288427,Angaaray,1998,90s (1990-1999),"Action, Crime, Drama",165 min,165,"Friendship, Crime & Justice",Adrenaline Rush,Medium,Medium,7.7,"A Bangalore-based police officer is told to go undercover in Mumbai, infiltrate the gang run by his childhood friends and bring them to justice.",Mahesh Bhatt,"Akshay Kumar, Nagarjuna Akkineni, Pooja Bhatt, Sonali Bendre",https://images.unsplash.com/photo-1489599849927-2ee91cede3ba?w=600&auto=format&fit=crop&q=80
tt12937680,Woh 3 Din,2022,2010s-2023,Drama,140 min,140,Ambition & Triumph,Deep & Emotional,Medium,Low,8.1,an uncomplicated man with few uncomplicated dreams - Sanjay Mishra as Rikshaw Driver.,Raaj Aashoo,"Parnika Chandak, Shobha Gavane, Thulla Khan, Ayush Kumar",https://images.unsplash.com/photo-1489599849927-2ee91cede3ba?w=600&auto=format&fit=crop&q=80
tt2418644,Testing Movie1,2015,2010s-2023,"Animation, Adventure, Family",159 min,159,"Self-Discovery, Destiny",Deep & Emotional,Medium,Low,7.5,testing one from prod trivial trivia from 2010,"Dom Fantana, James Hannay, James P Savage, Ruarc Sorensen, Timothy Fantastic, Elise Huard","Dom Fantana, Marty Bower, Paul Ohlhaut, Justin Campbell",https://images.unsplash.com/photo-1489599849927-2ee91cede3ba?w=600&auto=format&fit=crop&q=80
tt2057441,Mujhse Fraaandship Karoge,2011,2010s-2023,"Comedy, Drama, Romance",171 min,171,Romantic Love,Feel-good,Medium,Low,7.5,"When you can't make it on your own, the best thing to do is to fake it. But, the question remains, how long can you fake true love?",Nupur Asthana,"Saqib Saleem, Saba Azad, Nishant Dahiya, Tara D'Souza",https://images.unsplash.com/photo-1489599849927-2ee91cede3ba?w=600&auto=format&fit=crop&q=80
tt13008206,Teri Khata,2022,2010s-2023,Drama,135 min,135,"Revenge, Family Ties",Deep & Emotional,Medium,Low,6.6,"A story of a husband cheating his wife, capturing her property and killing her father. The wife then hires a killer to carry out the killing and manage the situation.",Prashant Kumar Giri,"Abhik Benazir, Ram Kumar Singh Bhadouria, Ravi Bhatia, Manish Chawla",https://images.unsplash.com/photo-1489599849927-2ee91cede3ba?w=600&auto=format&fit=crop&q=80
tt0456413,Fight Club: Members Only,2006,2000s,"Action, Crime, Drama",158 min,158,"Friendship, Revenge, Family Ties",Adrenaline Rush,High,Medium,8.1,"Four college friends starts an underground fight club in order to earn quick money, nevertheless they become suspects of a murder of a man, who turns out to be the mob boss' brother.","Abhay Chopra, Vikram Chopra","Suniel Shetty, Sohail Khan, Zayed Khan, Dino Morea",https://images.unsplash.com/photo-1489599849927-2ee91cede3ba?w=600&auto=format&fit=crop&q=80
tt0249588,Hum To Mohabbat Karega,2000,2000s,"Action, Comedy, Romance",135 min,135,"Revenge, Crime & Justice",Feel-good,High,High,7.6,"Raju, a waiter, is crazy about TV reporter, Geeta. During an investigation, in order to prolong their meetings, he bears false witness to a murder and misleads the police with a fake description.",Kundan Shah,"Karisma Kapoor, Bobby Deol, Rohit Roy, Sadashiv Amrapurkar",https://images.unsplash.com/photo-1489599849927-2ee91cede3ba?w=600&auto=format&fit=crop&q=80
tt18377798,Sanaa,2022,2010s-2023,Drama,140 min,140,"Human Conflict, Life Lessons",Deep & Emotional,Medium,Low,7.3,It follows an ambitious girl who is raging against an internal battle that is rooted in unhealed trauma.,Sudhanshu Saria,"Radhika Madan, Pooja Bhatt, Shikha Talsania, Sohum Shah",https://images.unsplash.com/photo-1489599849927-2ee91cede3ba?w=600&auto=format&fit=crop&q=80
tt0444849,Karam,2005,2000s,"Action, Crime, Drama",141 min,141,Revenge,Adrenaline Rush,Medium,Medium,8.1,"A guilt-ridden hit man tries to quit his job after a traumatic killing, before his boss kidnaps his wife in order to make him do one last job.",Sanjay F. Gupta,"John Abraham, Priyanka Chopra Jonas, Bharat Dabholkar, Vishwajeet Pradhan",https://images.unsplash.com/photo-1489599849927-2ee91cede3ba?w=600&auto=format&fit=crop&q=80
tt0330783,Pran Jaaye Par Shaan Na Jaaye,2003,2000s,"Comedy, Drama",130 min,130,"Humor, Misunderstandings",Feel-good,Medium,Low,7.8,Aman Joshi (Aman Verma) is on a research assignment. His subject is the chawl dwellers in Bombay City. He rents a small tenement there and talks to the people living there. He soon gets ...                See full summary »,Sanjay Jha,"Raveena Tandon, Namrata Shirodkar, Rinke Khanna, Divya Dutta",https://images.unsplash.com/photo-1489599849927-2ee91cede3ba?w=600&auto=format&fit=crop&q=80
tt0107440,Lootere,1993,90s (1990-1999),"Action, Romance, Thriller",154 min,154,"Revenge, Crime & Justice",Tense & Thrilling,High,Medium,6.7,A police officer is tasked with protecting a murder witness.,Dharmesh Darshan,"Sunny Deol, Juhi Chawla, Dinesh Anand, Pooja Bedi",https://images.unsplash.com/photo-1489599849927-2ee91cede3ba?w=600&auto=format&fit=crop&q=80
tt0466367,Chand Sa Roshan Chehra,2005,2000s,Romance,162 min,162,Romantic Love,Deep & Emotional,Medium,Low,7.8,Teen lovers are separated by parental snobbery; their efforts to reunite drive the plot.,Shahab Shamsi,"Samir Aftab, Shabbir Ahluwalia, Shahid Ahmed, Talat Aziz",https://images.unsplash.com/photo-1489599849927-2ee91cede3ba?w=600&auto=format&fit=crop&q=80
tt6027478,Dhruva,2016,2010s-2023,"Action, Crime, Thriller",164 min,164,"Family Ties, Crime & Justice, Patriotism & Honor",Tense & Thrilling,Medium,Medium,7.7,"A committed police officer is on a very dangerous mission to destroy the most corrupt person in the country, Siddharth Abhimanyu.",Surender Reddy,"Ram Charan, Arvind Swami, Rakul Preet Singh, Navdeep",https://images.unsplash.com/photo-1489599849927-2ee91cede3ba?w=600&auto=format&fit=crop&q=80
tt27881338,Regina,2023,2010s-2023,"Crime, Thriller",141 min,141,"Revenge, Family Ties, Patriotism & Honor",Tense & Thrilling,Medium,Medium,7.7,"Regina is an upright and straightforward girl whose world revolves around her father. However, things change when her father gets killed. She soon gets married to Jo, an employee at a Private bank. What will happen when Jo dies too?",Domin D'Silva,"Sunaina, Ananth Nag, Nivas Adithan, Vivek Prasanna",https://images.unsplash.com/photo-1489599849927-2ee91cede3ba?w=600&auto=format&fit=crop&q=80
tt0839742,Bhopal: A Prayer for Rain,2014,2010s-2023,Drama,135 min,135,"Human Conflict, Life Lessons",Deep & Emotional,Medium,Low,6.5,"Interwoven stories of people in India and US as they face dilemmas of life time in the months leading to the biggest Industrial disaster in human history that claimed 10,000 innocent lives within a few hours. Inspired by real events.",Ravi Kumar,"Mischa Barton, Martin Sheen, Kal Penn, Lisa Dwan",https://images.unsplash.com/photo-1489599849927-2ee91cede3ba?w=600&auto=format&fit=crop&q=80
tt27118258,Saindhav,2023,2010s-2023,"Action, Crime, Drama",143 min,143,"Courage, Heroism",Adrenaline Rush,Medium,Medium,8.0,Add a Plot,Sailesh Kolanu,"Nawazuddin Siddiqui, Ruhani Sharma, Venkatesh Daggubati, Arya",https://images.unsplash.com/photo-1489599849927-2ee91cede3ba?w=600&auto=format&fit=crop&q=80
tt21819994,Christopher,2023,2010s-2023,"Action, Crime, Drama",138 min,138,Crime & Justice,Adrenaline Rush,Medium,Medium,6.8,"A maverick cop is forced to work outside the limits of law, when the system fails.The story weaves across the past and present while revealing the motives that shape his actions.",B. Unnikrishnan,"Mammootty, Vinay Rai, Shine Tom Chacko, Jinu Joseph",https://images.unsplash.com/photo-1489599849927-2ee91cede3ba?w=600&auto=format&fit=crop&q=80
tt1351224,Pyaar Impossible!,2010,2010s-2023,"Comedy, Romance",155 min,155,Romantic Love,Feel-good,Low,Low,7.7,Everybody loves beautiful Alisha and it's no surprise that nerdy Abhay loves her too but she doesn't know he exists until years later their paths cross.,Jugal Hansraj,"Priyanka Chopra Jonas, Anupam Kher, Dino Morea, Uday Chopra",https://images.unsplash.com/photo-1489599849927-2ee91cede3ba?w=600&auto=format&fit=crop&q=80
tt0349703,Kyun! Ho Gaya Na...,2004,2000s,"Comedy, Drama, Romance",145 min,145,Friendship,Feel-good,Medium,Low,7.3,"A woman decides to marry her childhood friend, after getting her heart broken by her sweetheart.",Samir Karnik,"Amitabh Bachchan, Vivek Oberoi, Aishwarya Rai Bachchan, Om Puri",https://images.unsplash.com/photo-1489599849927-2ee91cede3ba?w=600&auto=format&fit=crop&q=80
tt0349878,Netaji Subhas Chandra Bose: The Forgotten Hero,2005,2000s,"Biography, Drama, History",190 min,190,"Human Conflict, Life Lessons",Inspiring,Medium,Medium,7.4,"The film, which is about the last five years of the Indian leader Subhas Chandra's life, also includes his life's story in flashback sequences.",Shyam Benegal,"Vinay Anand, Ila Arun, Pankaj Berry, Nicolas Chagrin",https://images.unsplash.com/photo-1489599849927-2ee91cede3ba?w=600&auto=format&fit=crop&q=80
tt26318352,Sector Balakot,2023,2010s-2023,War,130 min,130,Secrets & Deception,Deep & Emotional,Medium,Low,7.7,"The story begins with a Shootout scene where NIA officers are on raid to a secret location in Jungle where 8 Terrorists and 1 Master mind is hiding, who are planning a Big event before the ...                See full synopsis »",Hitesh Paulbhai Khristy,"Elakshi A Gupta, Vipul Gupta, Ridoyanul Hoq, Puneet Issar",https://images.unsplash.com/photo-1489599849927-2ee91cede3ba?w=600&auto=format&fit=crop&q=80
tt5159408,Nibunan,2017,2010s-2023,"Action, Crime, Thriller",167 min,167,Revenge,Tense & Thrilling,Medium,Medium,6.6,"Along with his partners Inspector Joseph and Vandhana, DSP Ranjith Kalidoss attempts to hunt down a psychotic killer before realizing he's himself suffering from an unwanted disorder.",Arun Vaidyanathan,"Arjun Sarja, Prasanna, Varalaxmi Sarathkumar, Sruthi Hariharan",https://images.unsplash.com/photo-1489599849927-2ee91cede3ba?w=600&auto=format&fit=crop&q=80
tt0106270,Anari,1993,90s (1990-1999),"Comedy, Drama, Romance",176 min,176,Romantic Love,Feel-good,Medium,Low,7.9,"A rich girl appoints a simpleton, as her bodyguard. She soon falls in love with him, which creates havoc in his life.",K. Muralimohana Rao,"Rakhee Gulzar, Venkatesh Daggubati, Karisma Kapoor, Suresh Oberoi",https://images.unsplash.com/photo-1489599849927-2ee91cede3ba?w=600&auto=format&fit=crop&q=80
tt7516778,MCA Middle Class Abbayi,2017,2010s-2023,"Action, Comedy",140 min,140,"Courage, Heroism",Feel-good,Medium,Low,6.5,"A youngster tries to protect his sister-in-law, a transport official, from a dreaded goon who runs an illegal road transport business.",Venu Sriram,"Nani, Sai Pallavi, Bhoomika Chawla, Rajeev Kanakala",https://images.unsplash.com/photo-1489599849927-2ee91cede3ba?w=600&auto=format&fit=crop&q=80
tt3257794,Music Teacher,2019,2010s-2023,"Drama, Romance",179 min,179,Romantic Love,Heartwarming,Medium,Low,7.4,A dejected small-town music teacher grapples with guilt and regret when his ex-pupil who once loved him returns home as the star he always wanted to be.,Sarthak Dasgupta,"Divya Dutta, Neena Gupta, Manav Kaul, Niharika Lyra Dutt",https://images.unsplash.com/photo-1489599849927-2ee91cede3ba?w=600&auto=format&fit=crop&q=80
tt0476884,Taxi No. 9 2 11: Nau Do Gyarah,2006,2000s,"Comedy, Drama, Thriller",169 min,169,"Humor, Misunderstandings",Feel-good,Medium,Medium,7.9,A cabbie (Patekar) and businessman (Abraham) both in need of big money partake in a two-hour adventure together.,Milan Luthria,"John Abraham, Nana Patekar, Sonali Kulkarni, Sameera Reddy",https://images.unsplash.com/photo-1489599849927-2ee91cede3ba?w=600&auto=format&fit=crop&q=80
tt0110438,Main Khiladi Tu Anari,1994,90s (1990-1999),"Action, Comedy, Drama",165 min,165,"Revenge, Family Ties, Crime & Justice",Feel-good,Medium,Low,8.0,A Bombay police officer seeks revenge when his brother is killed by a powerful underworld figure. Things get complicated when a matinee movie idol begins to shadow the policeman so he can research a movie role.,Sameer Malkan,"Akshay Kumar, Saif Ali Khan, Shilpa Shetty Kundra, Raageshwari",https://images.unsplash.com/photo-1489599849927-2ee91cede3ba?w=600&auto=format&fit=crop&q=80
tt13847502,D Company,2021,2010s-2023,"Action, Crime, Thriller",157 min,157,"Courage, Heroism",Tense & Thrilling,Medium,Medium,8.0,"The biggest saga of the year is about to unfold the dark side of India's underworld enterprise. The film will showcase the true story behind India's biggest underworld enterprise, D Company...                See full summary »",Ram Gopal Varma,"Sandeep Bose, Abhilash Chaudhary, Gaurav Daagar, Pranay Dixit",https://images.unsplash.com/photo-1489599849927-2ee91cede3ba?w=600&auto=format&fit=crop&q=80
tt0896968,Red: The Dark Side,2007,2000s,"Drama, Romance, Thriller",149 min,149,"Human Conflict, Life Lessons",Tense & Thrilling,Medium,Medium,7.3,"Neel has a fatal heart ailment. Luckily, He gets a heart transplant. After this surgery, he meets Anahita.",Vikram Bhatt,"Aftab Shivdasani, Celina Jaitly, Amrita Arora, Amin Hajee",https://images.unsplash.com/photo-1489599849927-2ee91cede3ba?w=600&auto=format&fit=crop&q=80
tt0493417,Fool N Final,2007,2000s,"Action, Comedy, Crime",159 min,159,Crime & Justice,Adrenaline Rush,Medium,Medium,7.7,A bunch of misfits and gangsters embarks on a journey to find a lost and stolen diamond.,Ahmed Khan,"Sunny Deol, Shahid Kapoor, Vivek Oberoi, Ayesha Takia",https://images.unsplash.com/photo-1489599849927-2ee91cede3ba?w=600&auto=format&fit=crop&q=80
tt0457940,Home Delivery: Aapko... Ghar Tak,2005,2000s,"Comedy, Romance",180 min,180,"Humor, Misunderstandings",Feel-good,Low,Low,8.2,"Sunny Malhotra (Vivek Oberoi) is a 28 year old writer who has carved a name for himself as a popular agony uncle, named Gyan Guru, writing for the Times of Hindustan. Sunny also managed to ...                See full summary »",Sujoy Ghosh,"Vivek Oberoi, Mahima Chaudhry, Ayesha Takia, Boman Irani",https://images.unsplash.com/photo-1489599849927-2ee91cede3ba?w=600&auto=format&fit=crop&q=80
tt0475645,Vaah! Life Ho Toh Aisi!,2005,2000s,"Comedy, Drama, Family",169 min,169,"Humor, Misunderstandings",Feel-good,High,Low,7.0,Adi Chachu faces a dilemma - and it's a big one! What if YOU were told by the God of Death himself you had only 15 minutes of life left? What would YOU do?!,Mahesh Manjrekar,"Shahid Kapoor, Amrita Rao, Sanjay Dutt, Arshad Warsi",https://images.unsplash.com/photo-1489599849927-2ee91cede3ba?w=600&auto=format&fit=crop&q=80
tt10519182,Khandaani Shafakhana,2019,2010s-2023,"Comedy, Drama",129 min,129,"Family Ties, Patriotism & Honor",Feel-good,Medium,Low,6.8,A feisty girl from Punjab tries to continue her family traditions by opening a sex clinic to help and aware others in her hometown.,Shilpi Dasgupta,"Sonakshi Sinha, Badshah, Varun Sharma, Priyansh Jora",https://images.unsplash.com/photo-1489599849927-2ee91cede3ba?w=600&auto=format&fit=crop&q=80
tt1825801,Hostel,2011,2010s-2023,"Action, Crime, Drama",137 min,137,"Courage, Heroism",Adrenaline Rush,Medium,Medium,7.2,"An Engineering student is molested, beaten and humiliated when he goes to reside in a hostel.",Manish Gupta,"Vatsal Sheth, Tulip Joshi, Mukesh Tiwari, Nagesh Bhonsle",https://images.unsplash.com/photo-1489599849927-2ee91cede3ba?w=600&auto=format&fit=crop&q=80
tt5697870,Lucknow Central,2017,2010s-2023,"Action, Crime, Drama",144 min,144,"Revenge, Family Ties",Adrenaline Rush,High,Medium,7.4,"When an innocent man aspiring to be a musician is framed for committing a murder, he decides to form a music band with his co-prisoners for a competition, but his real intention seems to be different.",Ranjit Tewari,"Farhan Akhtar, Diana Penty, Ronit Roy, Gippy Grewal",https://images.unsplash.com/photo-1489599849927-2ee91cede3ba?w=600&auto=format&fit=crop&q=80
tt2130242,Tere Naal Love Ho Gaya,2012,2010s-2023,"Comedy, Drama, Romance",182 min,182,Family Ties,Feel-good,Medium,Low,7.2,"Mini isn't eager to wed the rich suitor who's been chosen for her, so she stages her own kidnapping and runs off with a man who works for her father.",Mandeep Kumar,"Riteish Deshmukh, Genelia Deshmukh, Om Puri, Tinnu Anand",https://images.unsplash.com/photo-1489599849927-2ee91cede3ba?w=600&auto=format&fit=crop&q=80
tt4208604,M.... Matric Pass,2014,2010s-2023,"Drama, Romance",167 min,167,"Human Conflict, Life Lessons",Heartwarming,Medium,Low,8.0,A film about an Innocent Girl trapped in Delhi Sex Scandal,Suresh Jain,"Seema Dogra, Paras Sharma, Sushma Sharma, Kaash Sherawat",https://images.unsplash.com/photo-1489599849927-2ee91cede3ba?w=600&auto=format&fit=crop&q=80
tt0205380,Sanam Teri Kasam,2009,2000s,"Action, Drama, Romance",156 min,156,"Friendship, Romantic Love",Heartwarming,Medium,Low,6.6,A love triangle forms after a male finds his best friend has married his sweetheart.,Lawrence D'Souza,"Saif Ali Khan, Atul Agnihotri, Pooja Bhatt, Sheeba Agarwal",https://images.unsplash.com/photo-1489599849927-2ee91cede3ba?w=600&auto=format&fit=crop&q=80
tt3369670,Children of War,2014,2010s-2023,"Drama, History, War",169 min,169,Patriotism & Honor,Inspiring,Medium,Low,6.6,Would you go to war for peace? A war child's search for acceptance and a nation inundated in blood.,Mrityunjay Devvrat,"Farooq Shaikh, Victor Banerjee, Pawan Malhotra, Indraneil Sengupta",https://images.unsplash.com/photo-1489599849927-2ee91cede3ba?w=600&auto=format&fit=crop&q=80
tt4940456,Mirzya,2016,2010s-2023,"Action, Drama, Fantasy",147 min,147,Romantic Love,Mind-bending & Epic,Medium,Low,8.2,"A horse groom reconnects with his childhood love, but she is engaged to marry the local prince.",Rakeysh Omprakash Mehra,"Harshvardhan Kapoor, Saiyami Kher, Art Malik, Anuj Choudhry",https://images.unsplash.com/photo-1489599849927-2ee91cede3ba?w=600&auto=format&fit=crop&q=80
tt9483744,Boyfriend.com,2018,2010s-2023,Drama,136 min,136,"Human Conflict, Life Lessons",Deep & Emotional,Medium,Low,7.4,Add a Plot,Rakeysh Omprakash Mehra,"Harshvardhan Kapoor, Saiyami Kher, Art Malik, Anuj Choudhry",https://images.unsplash.com/photo-1489599849927-2ee91cede3ba?w=600&auto=format&fit=crop&q=80
tt2323964,Mere Dad Ki Maruti,2013,2010s-2023,"Comedy, Drama, Romance",174 min,174,"Friendship, Romantic Love",Feel-good,Medium,Low,8.2,"In the midst of a loud Punjabi wedding, a boy sneaks his dad's fancy new car to impress the college hottie and all hell breaks loose when he loses it.",Ashima Chibber,"Saqib Saleem, Rhea Chakraborty, Ram Kapoor, Prabal Panjabi",https://images.unsplash.com/photo-1489599849927-2ee91cede3ba?w=600&auto=format&fit=crop&q=80
tt26235412,Shubh Nikah,2023,2010s-2023,"Comedy, Drama, Family",183 min,183,Romantic Love,Feel-good,Medium,Low,7.1,"Families of two different cultures join hands and come together for love, humanity, and peace with a strong message of national integrity",Arshad Siddiqui,"Aksha Pardasany, Rohit Vikkram, Arsh Sandhu, Kunwar Aziz",https://images.unsplash.com/photo-1489599849927-2ee91cede3ba?w=600&auto=format&fit=crop&q=80
tt21334388,School Romance: Pure Love Web Series,2021,2010s-2023,Romance,169 min,169,"Love, Heartbreak",Deep & Emotional,Medium,Low,8.2,Add a Plot,Alfa Aryan,"Shivaay Aryan, Sadhna Baksh, Riya Bhagat, Asim Hussain",https://images.unsplash.com/photo-1489599849927-2ee91cede3ba?w=600&auto=format&fit=crop&q=80
tt0112359,Andolan,1995,90s (1990-1999),"Action, Comedy, Drama",152 min,152,Family Ties,Feel-good,Medium,Low,7.4,"Collegian Adarsh and his elder brother, Aniket paves two different path ways leading to the same goals when they excel in studies leading to bright futures only to find their respective ...                See full summary »",Aziz Sejawal,"Sanjay Dutt, Govinda, Somy Ali, Mamta Kulkarni",https://images.unsplash.com/photo-1489599849927-2ee91cede3ba?w=600&auto=format&fit=crop&q=80
tt10834986,Gumnaami,2019,2010s-2023,"Action, Drama, History",135 min,135,"Courage, Heroism",Inspiring,High,Low,7.0,Gumnaami is a film based on the Mukherjee Commission Hearings which happened from 1999 to 2005 where the three theories about Netaji Subhas Chandra Bose's death were discussed and debated.,Srijit Mukherji,"Prasenjit Chatterjee, Anirban Bhattacharya, Tanushree Chakraborty, Sanjay Gurbaxani",https://images.unsplash.com/photo-1489599849927-2ee91cede3ba?w=600&auto=format&fit=crop&q=80
tt9150950,Dobaara,2018,2010s-2023,"Drama, Romance",178 min,178,Romantic Love,Heartwarming,Medium,Low,6.9,"22-year-old Parvathy is a free-spirited girl who loves to live life on her terms. However, when she is left with no option but to tie the knot with a man of her parents' choice, her life ...                See full summary »",Bejoy Nambiar,"Aishwarya Arora, Manav Kaul, Parvathy Omanakuttan",https://images.unsplash.com/photo-1489599849927-2ee91cede3ba?w=600&auto=format&fit=crop&q=80
tt0485513,"Main, Meri Patni... Aur Woh!",2005,2000s,"Comedy, Drama, Romance",161 min,161,"Humor, Misunderstandings",Feel-good,Medium,Low,7.1,"A short, nondescript man, Mithilesh Shukla marries a tall and beautiful woman. Now jealousy and Mithilesh's own insecurities threaten to wreck his happy home.",Chandan Arora,"Rajpal Naurang Yadav, Rituparna Sengupta, Naseeruddin Shah, Kay Kay Menon",https://images.unsplash.com/photo-1489599849927-2ee91cede3ba?w=600&auto=format&fit=crop&q=80
tt1828289,Shagird,2011,2010s-2023,"Action, Crime, Drama",151 min,151,"Friendship, Crime & Justice",Adrenaline Rush,Medium,Medium,7.7,"A rookie cop questions the tactics of his superior, and attempts to track the abductors of his girlfriend.",Tigmanshu Dhulia,"Nana Patekar, Mohit Ahlawat, Rimi Sen, Anurag Kashyap",https://images.unsplash.com/photo-1489599849927-2ee91cede3ba?w=600&auto=format&fit=crop&q=80
tt2308773,Ishaqzaade,2012,2010s-2023,"Action, Drama, Romance",137 min,137,Romantic Love,Heartwarming,Medium,Low,7.1,A love story of a passion ignited by hatred. Of two people. Born to hate. Destined to love.,Habib Faisal,"Arjun Kapoor, Parineeti Chopra, Gauahar Khan, Anil Rastogi",https://images.unsplash.com/photo-1489599849927-2ee91cede3ba?w=600&auto=format&fit=crop&q=80
tt0325041,Badhaai Ho Badhaai,2002,2000s,"Comedy, Drama, Musical",152 min,152,Friendship,Feel-good,Medium,Low,7.8,"The D'Souza and Chaddha families are neighbors and have been good friends for as long as they can remember; despite their diverse religious and cultural beliefs, they celebrate Diwali and ...                See full summary »",Satish Kaushik,"Anil Kapoor, Rana Jung Bahadur, S.K. Batra, Panni Chatterjee",https://images.unsplash.com/photo-1489599849927-2ee91cede3ba?w=600&auto=format&fit=crop&q=80
tt5784852,Tera Intezaar,2017,2010s-2023,"Romance, Thriller",143 min,143,Romantic Love,Tense & Thrilling,Medium,Medium,8.1,A woman sets out to uncover how her lover went missing.,Raajeev Walia,"Arbaaz Khan, Sunny Leone, Bhani Singh, Salil Ankola",https://images.unsplash.com/photo-1489599849927-2ee91cede3ba?w=600&auto=format&fit=crop&q=80
tt1221139,Welcome to Sajjanpur,2008,2000s,"Comedy, Drama",142 min,142,"Humor, Misunderstandings",Feel-good,Medium,Low,7.8,"An educated man spends his days writing letters for the varied inhabitants of his small, poor, and illiterate village, in this political and social satire.",Shyam Benegal,"Shreyas Talpade, Amrita Rao, Ravi Kishan, Ila Arun",https://images.unsplash.com/photo-1489599849927-2ee91cede3ba?w=600&auto=format&fit=crop&q=80
tt11536262,Mosagallu,2021,2010s-2023,"Crime, Drama, Thriller",168 min,168,"Human Conflict, Life Lessons",Tense & Thrilling,Medium,Medium,7.5,The story of the world's biggest I.T. scam.,Jeffrey Gee Chin,"Vishnu Manchu, Kajal Aggarwal, Suniel Shetty, Ruhi Singh",https://images.unsplash.com/photo-1489599849927-2ee91cede3ba?w=600&auto=format&fit=crop&q=80
tt11213600,Sardar Ka Grandson,2021,2010s-2023,"Comedy, Drama, Romance",159 min,159,Family Ties,Feel-good,Medium,Low,8.0,A devoted grandson embarks on a complicated and comic journey to fulfill his ailing grandmother's last wish.,Kaashvi Nair,"John Abraham, Rakul Preet Singh, Aditi Rao Hydari, Arjun Kapoor",https://images.unsplash.com/photo-1489599849927-2ee91cede3ba?w=600&auto=format&fit=crop&q=80
tt1937092,Always Kabhi Kabhi,2011,2010s-2023,"Comedy, Crime, Drama",163 min,163,"Humor, Misunderstandings",Deep & Emotional,Medium,Medium,7.3,"A story centered on four students coming of age during a year at their school, St. Marks.",Roshan Abbas,"Samir Chandra, Lillete Dubey, Satyajeet Dubey, Ali Fazal",https://images.unsplash.com/photo-1489599849927-2ee91cede3ba?w=600&auto=format&fit=crop&q=80
tt0383719,Xcuse Me,2003,2000s,Comedy,134 min,134,"Friendship, Family Ties",Feel-good,Low,Low,6.7,"Chantu and Bantu are two meddling friends who join a hotel management program in Goa by deceit. During their training, they expose the illicit activities of many hotel personnel and guests.",N. Chandra,"Sharman Joshi, Sahil Khan, Anil Chaudhary, Snehal Dabi",https://images.unsplash.com/photo-1489599849927-2ee91cede3ba?w=600&auto=format&fit=crop&q=80
tt15820306,Chuhiya,2022,2010s-2023,,162 min,162,"Self-Discovery, Destiny",Deep & Emotional,Medium,Low,6.6,"This Story is the most comprehensive look at the Education System, Caste System and Gender Inequality in India. Motivated by ancient religious edicts, no amount of governmental ...                See full summary »",Hyder Kazmi,"Hyder Kazmi, Onkar Das Manikpuri, Anupama Prakash, Akshay Verma",https://images.unsplash.com/photo-1489599849927-2ee91cede3ba?w=600&auto=format&fit=crop&q=80
tt0225515,Dillagi,1999,90s (1990-1999),"Drama, Musical, Romance",175 min,175,"Romantic Love, Family Ties",Heartwarming,Medium,Low,8.0,"When Ranvir, the responsible elder brother of a middle-class Indian family, realises that his reckless younger brother Rajvir is in love, he arranges for Rajvir's marriage, not realising that the girl is the same person he is in love with.",Sunny Deol,"Sunny Deol, Bobby Deol, Urmila Matondkar, Dara Singh Randhawa",https://images.unsplash.com/photo-1489599849927-2ee91cede3ba?w=600&auto=format&fit=crop&q=80
tt2140315,Raaz 3: The Third Dimension,2012,2010s-2023,"Horror, Romance, Thriller",140 min,140,"Fear of Unknown, Survival",Tense & Thrilling,High,Medium,6.6,"When an ingénue's sudden popularity threatens to shove her out of the spotlight, a movie star uses black magic in an attempt to derail her career.",Vikram Bhatt,"Bipasha Basu, Emraan Hashmi, Esha Gupta, Samir Chandra",https://images.unsplash.com/photo-1489599849927-2ee91cede3ba?w=600&auto=format&fit=crop&q=80
tt1890513,Ragini MMS,2011,2010s-2023,"Drama, Horror, Mystery",152 min,152,"Human Conflict, Life Lessons",Tense & Thrilling,High,High,7.5,"Out to relax and have fun at a farmhouse, a couple experience horror at the hands of an unknown entity.",Pavan Kirpalani,"Kainaz Motivala, Rajkummar Rao, Rajat Kaul, Janice",https://images.unsplash.com/photo-1489599849927-2ee91cede3ba?w=600&auto=format&fit=crop&q=80
tt3031896,Lakeer Ka Fakeer,2013,2010s-2023,Crime,148 min,148,"Friendship, Crime & Justice",Deep & Emotional,Medium,Medium,7.4,"The film revolves around the lives of three friends-cum-petty crooks whose biggest crime is the fact that they reside in Mumbai's notorious area, where nefarious activities of the organized-crime syndicates take shape.",Zubair Khan,"Vinod Acharya, Vicky Ahuja, Saaikat Bagbaan, Ajaz Khan",https://images.unsplash.com/photo-1489599849927-2ee91cede3ba?w=600&auto=format&fit=crop&q=80
tt0111793,Yeh Dillagi,1994,90s (1990-1999),"Comedy, Drama, Musical",152 min,152,"Romantic Love, Family Ties",Feel-good,Medium,Low,6.5,A poor girl is rebuked by a rich boy. She leaves town to return successful and rich. He falls for her but his brother is already in love with the girl.,Naresh Malhotra,"Kajol, Akshay Kumar, Saif Ali Khan, Saeed Jaffrey",https://images.unsplash.com/photo-1489599849927-2ee91cede3ba?w=600&auto=format&fit=crop&q=80
tt19386020,Suspect,2022,2010s-2023,"Crime, Drama",153 min,153,"Revenge, Family Ties",Deep & Emotional,Medium,Medium,7.5,Three bachelors used to stay in a row house. They are fond of illegal activities One of the bachelor takes revenge to other flatmates for Her family past. Her neighbour and family members end up saving her for her innocent revenge.,"Sudhir Tandel, Prakash Vora","Pritesh Bharucha, Mousumi Das, Kanika Gaba, Neeraj Gurjar",https://images.unsplash.com/photo-1489599849927-2ee91cede3ba?w=600&auto=format&fit=crop&q=80
tt14781376,#Mute,2023,2010s-2023,Thriller,165 min,165,Family Ties,Tense & Thrilling,Medium,Medium,7.9,A lone divorcee sets the race against time to search for the person that shattered her life.,Prashantt Chandraah,"Archana Jois, Sidhaartha Maadhyamika, Aadukalam Naren, Tejus Venkatesh",https://images.unsplash.com/photo-1489599849927-2ee91cede3ba?w=600&auto=format&fit=crop&q=80
tt2573750,Gulaab Gang,2014,2010s-2023,"Action, Drama",138 min,138,"Courage, Heroism",Deep & Emotional,Medium,Low,7.9,A fearless woman fights social injustice; creating a sanctuary for abused women and battling a crooked politician.,Soumik Sen,"Madhuri Dixit, Juhi Chawla, Divya Jagdale, Priyanka Bose",https://images.unsplash.com/photo-1489599849927-2ee91cede3ba?w=600&auto=format&fit=crop&q=80
tt0115009,Yaraana,1995,90s (1990-1999),"Drama, Romance, Thriller",152 min,152,Romantic Love,Tense & Thrilling,Medium,Medium,7.4,Lalita (Madhuri Dixit) catches the eye of J.B. (Raj Babbar) and he immediately falls in love with her and decides he must marry her. He bribes Lalita's uncle Madanlal (Tej Sapru) into ...                See full summary »,David Dhawan,"Rishi Kapoor, Madhuri Dixit, Raj Babbar, Kader Khan",https://images.unsplash.com/photo-1489599849927-2ee91cede3ba?w=600&auto=format&fit=crop&q=80
tt4107858,MSG: The Messenger of God,2015,2010s-2023,"Action, Comedy, Drama",157 min,157,"Courage, Heroism",Feel-good,Medium,Low,7.1,Guru Ji is a social reformer who works to help people fight against social evils.,"Jeetu Arora, Gurmeet Ram Rahim Singh","Gurmeet Ram Rahim Singh, Daniel Kaleb, Flora Saini, Jayshree Soni",https://images.unsplash.com/photo-1489599849927-2ee91cede3ba?w=600&auto=format&fit=crop&q=80
tt0246766,Maa,1992,90s (1990-1999),"Drama, Fantasy, Horror",160 min,160,Romantic Love,Tense & Thrilling,High,Low,7.7,"A multi-millionaire, Ram Khanna, is advised by a fake astrologer that he will meet and marry a woman whose name will start with ""M"". Ram does meet Mamta, and they both fall in love. Ram ...                See full summary »",Ajay Kashyap,"Jeetendra, Jaya Prada, Aruna Irani, Sahila Chaddha",https://images.unsplash.com/photo-1489599849927-2ee91cede3ba?w=600&auto=format&fit=crop&q=80
tt4882664,Tadapti Jawani,2005,2000s,Thriller,141 min,141,Patriotism & Honor,Tense & Thrilling,Medium,Medium,8.2,Kaajal's husband has to join the army as war is about to start and Kaajal develops feelings for Manohar who saved her from an accident. There is also Maya and Kamini fighting for Manohar's ...                See full summary »,Jaspal Neelam,"Poonam Dasgupta, Rajesh Sabharwal, Aman Sagar",https://images.unsplash.com/photo-1489599849927-2ee91cede3ba?w=600&auto=format&fit=crop&q=80
tt0476550,God Tussi Great Ho,2008,2000s,"Comedy, Drama, Fantasy",128 min,128,"Humor, Misunderstandings",Feel-good,Medium,Low,7.0,A TV anchor keeps on blaming God for his unsuccessful life. God appears and he is given the God's Power for 10 days just to see how he manages to keep everyone happy.,Rumi Jaffery,"Amitabh Bachchan, Salman Khan, Priyanka Chopra Jonas, Anupam Kher",https://images.unsplash.com/photo-1489599849927-2ee91cede3ba?w=600&auto=format&fit=crop&q=80
tt9258162,Chameli,2018,2010s-2023,Drama,139 min,139,"Human Conflict, Life Lessons",Deep & Emotional,Medium,Low,6.7,Add a Plot,Aaryaan Saxena,"Sherlyn Chopra, Avinash Dwivedi, Brijendra Kala, Sheetal Kale",https://images.unsplash.com/photo-1489599849927-2ee91cede3ba?w=600&auto=format&fit=crop&q=80
tt0475735,Super,2005,2000s,"Action, Comedy",162 min,162,"Friendship, Family Ties",Feel-good,Medium,Low,7.9,"Sonu, his sister, Sasha, and their friend, Akhil, live a poor lifestyle in India. While Sasha has given her heart to Akhil, he treats her as a close friend and confidant. Times get so tough...                See full summary »",Puri Jagannadh,"Nagarjuna Akkineni, Sonu Sood, Ayesha Takia, Anushka Shetty",https://images.unsplash.com/photo-1489599849927-2ee91cede3ba?w=600&auto=format&fit=crop&q=80
tt0205445,Tamanna,1998,90s (1990-1999),Drama,153 min,153,"Human Conflict, Life Lessons",Deep & Emotional,Medium,Low,7.8,"In 1975 Mahim, Bombay, eunuch Tikku is the only child of yesteryear Bollywood actress Nazneen Begum, who has fallen upon hard times, is virtually destitute, and is dependent on Tikku, who ...                See full summary »",Mahesh Bhatt,"Paresh Rawal, Pooja Bhatt, Sharad S. Kapoor, Manoj Bajpayee",https://images.unsplash.com/photo-1489599849927-2ee91cede3ba?w=600&auto=format&fit=crop&q=80
tt27851108,Haunted Evil Dead,2022,2010s-2023,Horror,136 min,136,Friendship,Tense & Thrilling,High,Low,7.2,Ida and Albin are a happy couple. They set off to a cabin in the vast Swedish woodlands to have a fun holiday with their friends. But under the floorboards waits an evil from Sweden's dark past.,Mahesh Bhatt,"Paresh Rawal, Pooja Bhatt, Sharad S. Kapoor, Manoj Bajpayee",https://images.unsplash.com/photo-1489599849927-2ee91cede3ba?w=600&auto=format&fit=crop&q=80
tt0172704,Lal Baadshah,1999,90s (1990-1999),"Action, Crime, Drama",156 min,156,Family Ties,Adrenaline Rush,Medium,Medium,7.7,"Lal Singh (Amitabh Bachchan) lives with his mother (Nirupa Roy) in a small basti in Bombay and grows up with the poor and needy, who call him Lal Badshah. He's a helpful person dead-set ...                See full summary »",K.C. Bokadia,"Amitabh Bachchan, Manisha Koirala, Shilpa Shetty Kundra, Shakti Kapoor",https://images.unsplash.com/photo-1489599849927-2ee91cede3ba?w=600&auto=format&fit=crop&q=80
tt0422950,Phir Milenge,2004,2000s,Drama,153 min,153,Friendship,Deep & Emotional,Medium,Low,7.8,Tamanna Sahni (Shilpa Shetty) is a dedicated staff member of a top advertising agency; her ideas and designs have mainly contributed to the agency's success. She leaves for a college ...                See full summary »,Revathi,"Salman Khan, Abhishek Bachchan, Shilpa Shetty Kundra, Mita Vashisht",https://images.unsplash.com/photo-1489599849927-2ee91cede3ba?w=600&auto=format&fit=crop&q=80
tt0364519,Millitary Raaj,1998,90s (1990-1999),Action,166 min,166,"Crime & Justice, Patriotism & Honor",Deep & Emotional,Medium,Low,7.0,"An army major is transferred to a training camp after being blamed by the police for doing their job. However, when the law and order worsens, the police ask him to take over the nation's security.",Sanjay Sharma,"Mithun Chakraborty, Prem Chopra, Siddharth Dhawan, Irfan Kamal",https://images.unsplash.com/photo-1489599849927-2ee91cede3ba?w=600&auto=format&fit=crop&q=80
tt0470381,Jaan Tere Naam,1992,90s (1990-1999),"Drama, Romance",173 min,173,"Friendship, Romantic Love",Heartwarming,Medium,Low,7.4,"Lovely Pinky Malhotra is a heart-breaker in the college where she studies, and has a number of young men who would lay down their lives for her. Amongst them are Sunil and Vicky. She is ...                See full summary »",Deepak Balraj Vij,"Ronit Roy, Farheen, Sulabha Deshpande, Vijay Arora",https://images.unsplash.com/photo-1489599849927-2ee91cede3ba?w=600&auto=format&fit=crop&q=80
tt13773882,Madam Chief Minister,2021,2010s-2023,Drama,160 min,160,"Human Conflict, Life Lessons",Deep & Emotional,Medium,Low,6.5,The right of a woman to live with dignity has always been at crossroads with society's norms.,Subhash Kapoor,"Richa Chadha, Manav Kaul, Saurabh Shukla, Akshay Oberoi",https://images.unsplash.com/photo-1489599849927-2ee91cede3ba?w=600&auto=format&fit=crop&q=80
tt0114317,Sabse Bada Khiladi,1995,90s (1990-1999),"Action, Crime, Thriller",144 min,144,"Revenge, Family Ties, Crime & Justice",Tense & Thrilling,High,Medium,7.3,A police officer impersonates his murdered twin brother in order to bring his killers to justice.,Umesh Mehra,"Akshay Kumar, Mamta Kulkarni, Mohnish Behl, Avtar Gill",https://images.unsplash.com/photo-1489599849927-2ee91cede3ba?w=600&auto=format&fit=crop&q=80
tt14381712,Chaalbaaz in London,2022,2010s-2023,Comedy,126 min,126,"Humor, Misunderstandings",Feel-good,Low,Low,6.6,"Chaalbaaz In London is a Bollywood comedy movie, directed by Pankaj Parashar. The cast of Chaalbaaz In London includes Shraddha Kapoor",Pankaj Parashar,Shraddha Kapoor,https://images.unsplash.com/photo-1489599849927-2ee91cede3ba?w=600&auto=format&fit=crop&q=80
tt0274019,Pyaar Diwana Hota Hai,2002,2000s,"Comedy, Drama, Romance",175 min,175,"Humor, Misunderstandings",Feel-good,Medium,Low,8.0,A villager pretends to be disabled in order to be near an NRI (Non-Resident Indian).,Pankaj Parashar,Shraddha Kapoor,https://images.unsplash.com/photo-1489599849927-2ee91cede3ba?w=600&auto=format&fit=crop&q=80
tt0230055,Bulandi,2000,2000s,"Action, Drama",138 min,138,Family Ties,Deep & Emotional,Medium,Low,7.1,A noble family presides over a small town in India.,Rama Rao Tatineni,"Anil Kapoor, Rekha, Raveena Tandon, Rajinikanth",https://images.unsplash.com/photo-1489599849927-2ee91cede3ba?w=600&auto=format&fit=crop&q=80
tt0309618,Gaddaar,1995,90s (1990-1999),"Action, Drama, Romance",136 min,136,"Courage, Heroism",Heartwarming,Medium,Low,8.0,Add a Plot,Raam Shetty,"Suniel Shetty, Harish, Sonali Bendre, Kiran Kumar",https://images.unsplash.com/photo-1489599849927-2ee91cede3ba?w=600&auto=format&fit=crop&q=80
tt4556848,Barkhaa,2015,2010s-2023,"Drama, Romance",178 min,178,"Human Conflict, Life Lessons",Heartwarming,Medium,Low,6.9,"Follows the relationship between two young minds, which took a unfavorable turn.",Shadaab Mirza,"Sara Loren, Priyanshu Chatterjee, Muntazir Ahmad, Taha Shah Badussha",https://images.unsplash.com/photo-1489599849927-2ee91cede3ba?w=600&auto=format&fit=crop&q=80
tt1014672,Bheja Fry,2007,2000s,"Comedy, Drama",127 min,127,"Humor, Misunderstandings",Feel-good,Medium,Low,6.8,"Ranjit, who makes fun of idiots, gets completely annoyed when he invites a tax inspector and a singer to his house.",Sagar Ballary,"Vinay Pathak, Rajat Kapoor, Sarika Thakur, Milind Soman",https://images.unsplash.com/photo-1489599849927-2ee91cede3ba?w=600&auto=format&fit=crop&q=80
tt2073070,Saheb Biwi Aur Gangster,2011,2010s-2023,"Action, Crime, Drama",140 min,140,Revenge,Adrenaline Rush,Medium,Medium,7.6,"Hired to kill a nobleman, the assassin instead falls for the former's unstable wife.",Tigmanshu Dhulia,"Jimmy Shergill, Mahie Gill, Randeep Hooda, Shreya Narayan",https://images.unsplash.com/photo-1489599849927-2ee91cede3ba?w=600&auto=format&fit=crop&q=80
tt0328729,Dil Maange More!!!,2004,2000s,"Musical, Romance",175 min,175,Romantic Love,Deep & Emotional,Medium,Low,6.6,"Nikhil, a simple naive young man, twice fails in his quest for love. Will he be third time lucky?",Anant Mahadevan,"Shahid Kapoor, Ayesha Takia, Tulip Joshi, Soha Ali Khan",https://images.unsplash.com/photo-1489599849927-2ee91cede3ba?w=600&auto=format&fit=crop&q=80
tt0373972,Khullam Khulla Pyaar Karen,2005,2000s,Comedy,136 min,136,Patriotism & Honor,Feel-good,Low,Low,7.9,"International Criminal Don, Supremo, alias Trikal Anna is concerned when he hears that two of his trusted lieutenants are at war with each other. So he decides to travel to India to settle ...                See full summary »",Harmesh Malhotra,"Govinda, Preity G Zinta, Prem Chopra, Sadashiv Amrapurkar",https://images.unsplash.com/photo-1489599849927-2ee91cede3ba?w=600&auto=format&fit=crop&q=80
tt10199974,Pareeksha,2020,2010s-2023,Drama,142 min,142,"Family Ties, Ambition & Triumph",Deep & Emotional,Medium,Low,7.9,The film revolves around the story of an ordinary rickshaw driver in Bihar who aspires and dreams of providing a maximum possible quality education to his son by making arrangements for him to study at a private English medium school.,"Prakash Jha, Saurabh Choubey","Adil Hussain, Priyanka Bose, Shourya Deep, Shubham",https://images.unsplash.com/photo-1489599849927-2ee91cede3ba?w=600&auto=format&fit=crop&q=80
tt0337625,Gambler,1995,90s (1990-1999),"Action, Comedy, Crime",158 min,158,Crime & Justice,Adrenaline Rush,Medium,Medium,8.3,"Police Inspector Dayashanker Pandey is a slacker who wants a risk-free life; he's quite comfortable sharing tall tales and a desk job. But fate has other plans: whenever he goes outside, he...                See full summary »",Dayal Nihalani,"Govinda, Shilpa Shetty Kundra, Aditya Pancholi, Gulshan Grover",https://images.unsplash.com/photo-1489599849927-2ee91cede3ba?w=600&auto=format&fit=crop&q=80
tt14381496,Wrong Way,2023,2010s-2023,Horror,143 min,143,Friendship,Tense & Thrilling,High,Low,7.6,Shiva and his 4 friends are driving to Lonavala to have some good time but little did they know what awaits them,"Devendra Rajput, Salil Sand","Naveen Jagbir Sandhu, Shiva Dagar, Ankita Sharma, Gamya Wijayadasa",https://images.unsplash.com/photo-1489599849927-2ee91cede3ba?w=600&auto=format&fit=crop&q=80
tt0286936,Salaakhen,1998,90s (1990-1999),"Action, Drama",153 min,153,Family Ties,Deep & Emotional,Medium,Low,7.4,"When an honest school teacher testifies in a rape case against a prominent businessman's son, he is psychologically tortured and forced to commit suicide. His young son then takes the law into his own hands in order to avenge his father.",Guddu Dhanoa,"Sunny Deol, Raveena Tandon, Anupam Kher, Farida Jalal",https://images.unsplash.com/photo-1489599849927-2ee91cede3ba?w=600&auto=format&fit=crop&q=80
tt0114236,Ravan Raaj: A True Story,1995,90s (1990-1999),"Action, Crime, Thriller",150 min,150,Crime & Justice,Tense & Thrilling,Medium,Medium,8.1,In Bombay a series of kidnapping takes place and many young women go missing. The police force is also not doing much to stop this until Arjun Verma is assigned to the case.During the ...                See full summary »,Rama Rao Tatineni,"Mithun Chakraborty, Madhoo, Aditya Pancholi, Paresh Rawal",https://images.unsplash.com/photo-1489599849927-2ee91cede3ba?w=600&auto=format&fit=crop&q=80
tt0106287,Anmol,1993,90s (1990-1999),"Drama, Family, Romance",155 min,155,Family Ties,Heartwarming,Medium,Low,6.8,"Anmol is made to work as a maid in her own house by her step-mother and step-sisters. Later, a singer falls for her and decides to free her from her evil family.",Ketan Desai,"Maya Alagh, Sudha Chopra, Anil Dhawan, Sunil Dhawan",https://images.unsplash.com/photo-1489599849927-2ee91cede3ba?w=600&auto=format&fit=crop&q=80
tt3962184,Hebbuli,2017,2010s-2023,"Action, Drama, Thriller",158 min,158,Family Ties,Tense & Thrilling,Medium,Medium,6.9,A fearless commando arrives home at the news of his brother's suicide until he starts to deeply investigate the reason behind his mysterious demise.,"S Krishna, Rudresh M. Gowda","V. Ravichandran, Sudeep, Amala Paul, Ravi Kishan",https://images.unsplash.com/photo-1489599849927-2ee91cede3ba?w=600&auto=format&fit=crop&q=80
tt11000002,Tute Khwab,2019,2010s-2023,"Comedy, Family, Musical",179 min,179,"Humor, Misunderstandings",Feel-good,Low,Low,6.9,Add a Plot,Pramod Sharma,"Pramod Sharma, Dhanashri Rathod, Mahesh Kumar, Rajesh Pr Dadu",https://images.unsplash.com/photo-1489599849927-2ee91cede3ba?w=600&auto=format&fit=crop&q=80
tt8017136,Tony,2018,2010s-2023,Thriller,145 min,145,Revenge,Tense & Thrilling,High,Medium,7.1,"Four psychology students plant a camera in a church's confession box and come across a serial killer confessing to murder to the priest. Life takes a bizarre turn when they meet TONY, the serial killer and go on a murdering spree with him.",Vipul K. Rawal,"Mahesh Jilowa, Yashodhan Rana, Manoj Chandila, Dhruv Souran",https://images.unsplash.com/photo-1489599849927-2ee91cede3ba?w=600&auto=format&fit=crop&q=80
tt16078266,Rosh,2023,2010s-2023,"Drama, Thriller",153 min,153,"Human Conflict, Life Lessons",Tense & Thrilling,Medium,Medium,8.1,Rajat Ronika and Alina hits a delivery boy on road and he dies on the spot. After some time door bell rings and an injured delivery boy enters in house stating he is late because someone hit him on road by a car and thrill starts.,Jayveer Panghaal,"Allu Ashish, Mimoh Chakraborty, Vrajesh Hirjee, Jillian Kilroy",https://images.unsplash.com/photo-1489599849927-2ee91cede3ba?w=600&auto=format&fit=crop&q=80
tt10816510,P Se Pyaar F Se Faraar,2019,2010s-2023,"Crime, Drama, Romance",141 min,141,"Romantic Love, Patriotism & Honor",Heartwarming,Medium,Medium,8.0,"High-school sweethearts Suraj Maali and Janvi Singh are well aware of their diverse socio-economic backgrounds and so, the young lovers opt for marriage by elopement. This, in turn, conjures up a storm the couple isn't prepared for.",Manoj Shidheshwari Tiwari,"Bhavesh Kumar, Jimmy Shergill, Kumud Mishra, Sanjay Mishra",https://images.unsplash.com/photo-1489599849927-2ee91cede3ba?w=600&auto=format&fit=crop&q=80
tt3479858,The Royal Bengal Tiger,2014,2010s-2023,Thriller,170 min,170,"Friendship, Family Ties",Tense & Thrilling,Medium,Medium,7.3,"A soft spoken, timid person changes drastically after he comes across his old friend .",Rajesh Ganguly,"Jeet, Abir Chatterjee, Priyanka Sarkar, Shraddha Das",https://images.unsplash.com/photo-1489599849927-2ee91cede3ba?w=600&auto=format&fit=crop&q=80
tt2126282,Ekk Deewana Tha,2012,2010s-2023,"Drama, Romance",183 min,183,"Romantic Love, Family Ties",Heartwarming,Medium,Low,6.8,An aspiring filmmaker from Mumbai falls in love with a woman from a strict orthodox Christian family.,Gautham Vasudev Menon,"Prateik Patil Babbar, Amy Jackson, Sachin Khedekar, Manu Rishi Chadha",https://images.unsplash.com/photo-1489599849927-2ee91cede3ba?w=600&auto=format&fit=crop&q=80
tt7384848,Missing,2018,2010s-2023,"Drama, Mystery, Thriller",154 min,154,"Romantic Love, Family Ties",Tense & Thrilling,Medium,High,6.7,"Sushant Dubey checks in at a beach resort of Mauritius late night with his lovely wife Aparna and three-year-old daughter, Titli, who has high fever. As Aparna wakes up the next morning, ...                See full summary »",Mukul Abhyankar,"Manoj Bajpayee, Tabu, Annu Kapoor, Rajesh Jais",https://images.unsplash.com/photo-1489599849927-2ee91cede3ba?w=600&auto=format&fit=crop&q=80
tt23951484,Thugs,2023,2010s-2023,"Action, Thriller",153 min,153,Crime & Justice,Tense & Thrilling,Medium,Medium,7.9,The lives of a few gangsters in Kanyakumari.,Brinda Master,"Hridhu Haroon, Sarath Kumar, Munishkanth, Thenappan P.L.",https://images.unsplash.com/photo-1489599849927-2ee91cede3ba?w=600&auto=format&fit=crop&q=80
tt21613328,Middle Class Love,2022,2010s-2023,"Comedy, Drama, Romance",182 min,182,"Friendship, Romantic Love, Family Ties",Feel-good,Medium,Low,8.2,A young college boy is frustrated being in middle-class family setup and finds love the ideal way to get out of it.,Ratnaa Sinha,"Prit Kamani, Eisha Singh, Kavya Thapar, Manoj Pahwa",https://images.unsplash.com/photo-1489599849927-2ee91cede3ba?w=600&auto=format&fit=crop&q=80
tt0246095,Mutamestri,1993,90s (1990-1999),"Action, Drama",135 min,135,"Courage, Heroism",Deep & Emotional,Medium,Low,7.0,The story of a vegetable market worker who rises to the state of a minister.,A. Kodandarami Reddy,"Chiranjeevi, Meena, Roja, Sharat Saxena",https://images.unsplash.com/photo-1489599849927-2ee91cede3ba?w=600&auto=format&fit=crop&q=80
tt0101284,Akayla,1991,90s (1990-1999),"Action, Drama, Thriller",157 min,157,"Friendship, Family Ties, Crime & Justice",Tense & Thrilling,Medium,Medium,7.1,"Inspector Vijay Verma is a very lonely cop whose only family is a younger brother, Ajay Verma, who is studying abroad. He also has two good friends, Shekhar and Seema. One day when he ...                See full summary »",Ramesh Sippy,"Amitabh Bachchan, Jackie Shroff, Amrita Singh, Meenakshi Sheshadri",https://images.unsplash.com/photo-1489599849927-2ee91cede3ba?w=600&auto=format&fit=crop&q=80
tt0170416,Shikari: The Hunter,1991,90s (1990-1999),"Action, Adventure",153 min,153,Ambition & Triumph,Deep & Emotional,Medium,Low,8.0,"Shankar and Chanchal earn their living by doing road shows. Once, Shankar sees Natasha on a circus poster and dreams of working with her. He gets an offer to work in the circus in Russia","Latif Faiziyev, Umesh Mehra","Mithun Chakraborty, Naseeruddin Shah, Irina Kushnareva, Varsha Usgaonkar",https://images.unsplash.com/photo-1489599849927-2ee91cede3ba?w=600&auto=format&fit=crop&q=80
tt14253018,RK/RKAY,2021,2010s-2023,Drama,140 min,140,"Human Conflict, Life Lessons",Deep & Emotional,Medium,Low,7.0,"RK is a filmmaker, making a new film, in which he also plays the lead character of Mahboob. Its a quaint film, like a tribute to the cinema of the sixties. People close to him are not ...                See full summary »",Rajat Kapoor,"Rajat Kapoor, Mallika Sherawat, Ranvir Shorey, Chandrachoor Rai",https://images.unsplash.com/photo-1489599849927-2ee91cede3ba?w=600&auto=format&fit=crop&q=80
tt1728239,Double Dhamaal,2011,2010s-2023,"Comedy, Crime, Drama",159 min,159,"Humor, Misunderstandings",Deep & Emotional,Medium,Medium,7.0,Four slackers decide to avenge their humiliation at the hands of a con-man.,Indra Kumar,"Sanjay Dutt, Riteish Deshmukh, Arshad Warsi, Jaaved Jaaferi",https://images.unsplash.com/photo-1489599849927-2ee91cede3ba?w=600&auto=format&fit=crop&q=80
tt0995718,Ek Chalis Ki Last Local,2007,2000s,"Adventure, Comedy, Crime",146 min,146,"Humor, Misunderstandings",Deep & Emotional,Low,Medium,6.6,A comic thriller about two people who miss the last local train at 1:40 am and how missing of their train changes their course of life forever.,Sanjay M. Khanduri,"Abhay Deol, Neha Dhupia, Amit Mistry, Nawazuddin Siddiqui",https://images.unsplash.com/photo-1489599849927-2ee91cede3ba?w=600&auto=format&fit=crop&q=80
tt2319889,Jannat 2,2012,2010s-2023,"Crime, Drama, Thriller",168 min,168,Crime & Justice,Tense & Thrilling,Medium,Medium,7.5,A dealer of illegal guns is bullied into being an informer for a cop who wants to put an end to this racket.,Kunal Deshmukh,"Emraan Hashmi, Randeep Hooda, Esha Gupta, Mohd. Zeeshan Ayyub",https://images.unsplash.com/photo-1489599849927-2ee91cede3ba?w=600&auto=format&fit=crop&q=80
tt0451983,Zeher,2005,2000s,"Crime, Drama, Mystery",170 min,170,"Revenge, Family Ties",Tense & Thrilling,Medium,High,7.0,"Siddharth and Sonia are happily married to each other until Anna walks into Siddharth's life. Things takes a worst turn, when Anna gets killed and Siddharth finds himself in deep trouble.",Mohit Suri,"Emraan Hashmi, Shamita Shetty, Udita Goswami, Sameer Kochhar",https://images.unsplash.com/photo-1489599849927-2ee91cede3ba?w=600&auto=format&fit=crop&q=80
tt0373856,Gangaajal,2003,2000s,"Action, Crime, Drama",147 min,147,Crime & Justice,Adrenaline Rush,Medium,Medium,7.4,"An IPS officer motivates and leads a dysfunctional, corrupt police force of Tezpur to fight against the corrupt politician.",Prakash Jha,"Ajay Devgn, Gracy Singh, Mohan Joshi, Yashpal Sharma",https://images.unsplash.com/photo-1489599849927-2ee91cede3ba?w=600&auto=format&fit=crop&q=80
tt0364604,Plan,2004,2000s,"Action, Comedy, Crime",158 min,158,"Friendship, Crime & Justice",Adrenaline Rush,Medium,Medium,7.1,"To pay off their gambling debt, four best friends kidnap an organized crime figure having mistaken him for a wealthy businessman.",Hriday Shetty,"Sanjay Dutt, Priyanka Chopra Jonas, Dino Morea, Sameera Reddy",https://images.unsplash.com/photo-1489599849927-2ee91cede3ba?w=600&auto=format&fit=crop&q=80
tt2236494,Shudra the Rising,2012,2010s-2023,History,155 min,155,Patriotism & Honor,Inspiring,Medium,Low,6.9,Shudra - The Rising is the story of 250 million people subjugated in war and condemned to slavery and bestial existence for ages. These peace loving and imprudent people of ancient times ...                See full summary »,Sanjiv Jaiswal,"Priya Annatram, Habib Azmi, Pravin Baby, Mahesh Balraj",https://images.unsplash.com/photo-1489599849927-2ee91cede3ba?w=600&auto=format&fit=crop&q=80
tt2278422,Kamaal Dhamaal Malamaal,2012,2010s-2023,"Comedy, Drama",131 min,131,"Romantic Love, Family Ties",Feel-good,Medium,Low,7.4,"Jhonny is often fooled by villagers as he is fit for nothing. He is in love with Maria but is often targeted by her brothers. Then enters Sam, who will be like a Samaritain to Jhonny's family.",Priyadarshan,"Nana Patekar, Shreyas Talpade, Om Puri, Paresh Rawal",https://images.unsplash.com/photo-1489599849927-2ee91cede3ba?w=600&auto=format&fit=crop&q=80
tt1301721,We R Friends,2006,2000s,Drama,158 min,158,"Human Conflict, Life Lessons",Deep & Emotional,Medium,Low,7.9,Add a Plot,Jaidev Chakraborty,"Addy, Ashok Asrani, Bhupindder Bhoopii, Nazneen Contractor",https://images.unsplash.com/photo-1489599849927-2ee91cede3ba?w=600&auto=format&fit=crop&q=80
tt1918927,Luv Ka the End,2011,2010s-2023,"Comedy, Drama",143 min,143,Romantic Love,Feel-good,Medium,Low,6.6,"Rhea, the girl next door falls in love with Luv Nanda, only to find out he is not as nice as she thought he was. She decides to get even with Luv Nanda.",Bumpy,"Shraddha Kapoor, Taha Shah Badussha, Errol Peter Marks, Meherzan Mazda",https://images.unsplash.com/photo-1489599849927-2ee91cede3ba?w=600&auto=format&fit=crop&q=80
tt0098461,Thanedaar,1990,90s (1990-1999),"Action, Crime, Drama",153 min,153,"Revenge, Crime & Justice",Adrenaline Rush,Medium,Medium,7.4,"A policeman is killed in a brawl - one of his boys is adopted by another policeman, the other whisked away and brought up by bandits. Years later, the boys meet-again on opposite sides of the law.",Raj N. Sippy,"Jeetendra, Sanjay Dutt, Jaya Prada, Madhuri Dixit",https://images.unsplash.com/photo-1489599849927-2ee91cede3ba?w=600&auto=format&fit=crop&q=80
tt0833537,Souten: The Other Woman,2006,2000s,Thriller,160 min,160,"Romantic Love, Family Ties",Tense & Thrilling,High,Medium,7.5,"After the accidental death of her lover, Mitali gets married to wealthy widower Ranbeer Singh who lives in a palace in Rajasthan, India, along with his daughter, Sapna. The trio settle down...                See full summary »",Karan Razdan,"Mahima Chaudhry, Padmini Kolhapure, Shakti Kapoor, Gulshan Grover",https://images.unsplash.com/photo-1489599849927-2ee91cede3ba?w=600&auto=format&fit=crop&q=80
tt0314186,Humko Tumse Pyaar Hai,2006,2000s,"Drama, Romance",184 min,184,"Human Conflict, Life Lessons",Heartwarming,Medium,Low,7.7,"A blind woman is taken care by a wealthy nobleman after her fiancee is presumed to be dead. Things takes a turn when her former fiancee comes back to her, which puts her in a dilemma.",Bunty Soorma,"Arjun Rampal, Ameesha Patel, Bobby Deol, Achint Kaur",https://images.unsplash.com/photo-1489599849927-2ee91cede3ba?w=600&auto=format&fit=crop&q=80
tt0332766,Sur: The Melody of Life,2002,2000s,"Drama, Musical, Romance",178 min,178,"Human Conflict, Life Lessons",Heartwarming,Medium,Low,6.5,"A renowned music teacher mentors a promising young singer, but when her fame begins to overshadow his own, he lets jealousy and competition take over.",Tanuja Chandra,"Lucky Ali, Simone Singh, Achint Kaur, Ehsan Khan",https://images.unsplash.com/photo-1489599849927-2ee91cede3ba?w=600&auto=format&fit=crop&q=80
tt8622232,Time to Dance,2021,2010s-2023,"Musical, Romance",154 min,154,"Love, Heartbreak",Deep & Emotional,Medium,Low,7.5,"When a ballroom dancer's shot at a crucial tournament is jeopardized, a street dancer must face his own painful past and step up as her new partner.",Stanley D'Costa,"Sooraj Pancholi, Isabelle Kaif, Waluscha D'Souza, Rajpal Naurang Yadav",https://images.unsplash.com/photo-1489599849927-2ee91cede3ba?w=600&auto=format&fit=crop&q=80
tt0297241,Kyo Kii... Main Jhuth Nahin Bolta,2001,2000s,"Action, Comedy, Drama",162 min,162,Family Ties,Feel-good,Medium,Low,7.3,"Raj is a successful lawyer due to constant cheating and dishonesty. When his wife comes to know about this, she threatens to leave him. Fearful of his parents' divorce, Raj's son wishes that his father become unable to lie.",David Dhawan,"Govinda, Sushmita Sen, Rambha, Anupam Kher",https://images.unsplash.com/photo-1489599849927-2ee91cede3ba?w=600&auto=format&fit=crop&q=80
